Actual,Predicted,Actual_Min,Predicted_Min,error_min,ape_min
4.060443010546419,4.178207,57.999999999999986,65.24875,-7.248748779296889,0.12497842722925674
3.8066624897703196,4.2503276,44.99999999999999,70.12838,-25.12837982177735,0.5584084404839412
4.31748811353631,4.065059,74.99999999999997,58.268356,16.731643676757784,0.22308858235677054
3.912023005428146,4.169745,49.99999999999999,64.69895,-14.698951721191413,0.29397903442382833
4.605170185988092,4.5092106,100.00000000000004,90.850075,9.149925231933636,0.09149925231933632
3.912023005428146,3.9729018,49.99999999999999,53.138504,-3.1385040283203196,0.0627700805664064
4.605170185988092,4.161002,100.00000000000004,64.135765,35.86423492431645,0.35864234924316435
4.605170185988092,4.321438,100.00000000000004,75.296814,24.703186035156293,0.24703186035156283
4.204692619390966,4.3847003,66.99999999999997,80.21418,-13.21417999267581,0.1972265670548629
4.31748811353631,4.087562,74.99999999999997,59.59443,15.40557098388669,0.2054076131184893
4.07753744390572,3.9547513,59.000000000000014,52.182713,6.817287445068374,0.11554724483166733
4.31748811353631,4.3785377,74.99999999999997,79.72137,-4.721366882324247,0.06295155843098998
3.713572066704308,4.1297674,41.00000000000001,62.163464,-21.16346359252929,0.5161820388421777
3.912023005428146,4.178639,49.99999999999999,65.27695,-15.276947021484382,0.3055389404296877
3.912023005428146,3.9825351,49.99999999999999,53.652878,-3.6528778076171946,0.0730575561523439
3.912023005428146,3.857594,49.99999999999999,47.351288,2.648712158203118,0.052974243164062365
3.713572066704308,4.0367346,41.00000000000001,56.641083,-15.641082763671868,0.38148982350419186
3.912023005428146,3.8505569,49.99999999999999,47.019238,2.980762481689446,0.059615249633788926
4.897839799950911,4.036128,133.99999999999997,56.60674,77.39326095581052,0.5775616489239592
3.912023005428146,4.113569,49.99999999999999,61.16461,-11.164611816406257,0.22329223632812517
3.912023005428146,4.1804957,49.99999999999999,65.39826,-15.398262023925788,0.3079652404785158
4.31748811353631,4.0320697,74.99999999999997,56.377476,18.62252426147458,0.24830032348632783
4.68213122712422,4.2814665,108.00000000000003,72.34646,35.653541564941435,0.33012538486056875
4.8283137373023015,4.601849,125.00000000000004,99.66844,25.331558227539105,0.20265246582031277
3.912023005428146,3.9328551,49.99999999999999,51.052532,-1.052532196044929,0.021050643920898584
4.382026634673881,4.339538,79.99999999999997,76.67212,3.3278808593749716,0.04159851074218716
4.31748811353631,4.272021,74.99999999999997,71.66631,3.333686828613253,0.04444915771484339
3.912023005428146,3.9952593,49.99999999999999,54.339928,-4.339927673339851,0.08679855346679703
3.912023005428146,4.077512,49.99999999999999,58.998486,-8.998485565185554,0.17996971130371112
3.7376696182833684,3.8768256,42.00000000000001,48.27074,-6.270740509033196,0.1493033454531713
3.912023005428146,3.8209746,49.99999999999999,45.648674,4.351325988769524,0.0870265197753905
4.060443010546419,4.192295,57.999999999999986,66.17449,-8.174491882324233,0.14093951521248682
4.31748811353631,4.320294,74.99999999999997,75.21073,-0.21073150634768467,0.00280975341796913
4.430816798843313,4.121466,83.99999999999999,61.649563,22.350437164306626,0.26607663290841227
4.418840607796598,4.198815,83.00000000000003,66.607346,16.39265441894534,0.1975018604692209
3.9512437185814275,4.477527,52.00000000000001,88.01675,-36.01674652099609,0.6926297407883862
4.127134385045092,4.0352597,62.00000000000001,56.55761,5.442390441894538,0.087780490998299
3.7376696182833684,4.248874,42.00000000000001,70.02653,-28.02652740478515,0.6672982715425034
4.31748811353631,4.404549,74.99999999999997,81.82224,-6.822242736816435,0.09096323649088583
4.8283137373023015,4.5618935,125.00000000000004,95.76463,29.235366821289105,0.23388293457031276
3.713572066704308,3.8143623,41.00000000000001,45.347828,-4.347827911376946,0.10604458320431574
3.912023005428146,3.9679403,49.99999999999999,52.87551,-2.875511169433601,0.057510223388672024
4.51085950651685,4.29765,90.99999999999997,73.526794,17.47320556640622,0.192013247982486
4.8283137373023015,4.4549527,125.00000000000004,86.05208,38.94792175292973,0.3115833740234377
4.189654742026425,3.996272,65.99999999999997,54.394993,11.605007171630831,0.1758334419944066
3.912023005428146,3.9527693,49.99999999999999,52.07939,-2.0793914794921946,0.041587829589843896
3.912023005428146,3.881274,49.99999999999999,48.485947,1.5140533447265554,0.03028106689453111
4.418840607796598,3.923865,83.00000000000003,50.595623,32.40437698364261,0.3904141805258144
4.8283137373023015,4.2422233,125.00000000000004,69.56233,55.43766784667973,0.44350134277343767
3.7376696182833684,3.8901272,42.00000000000001,48.917107,-6.917106628417962,0.16469301496233238
3.912023005428146,4.4034934,49.99999999999999,81.73591,-31.73590850830079,0.6347181701660158
3.713572066704308,4.123636,41.00000000000001,61.783466,-20.78346633911132,0.5069138131490565
3.7376696182833684,3.9976504,42.00000000000001,54.470016,-12.47001647949218,0.2969051542736233
3.912023005428146,3.9575999,49.99999999999999,52.331573,-2.331573486328132,0.04663146972656265
3.912023005428146,4.020898,49.99999999999999,55.75114,-5.751140594482429,0.1150228118896486
4.605170185988092,4.0111594,100.00000000000004,55.210846,44.78915405273442,0.447891540527344
4.060443010546419,4.195573,57.999999999999986,66.391754,-8.39175415039064,0.14468541638604554
3.912023005428146,4.2601986,49.99999999999999,70.82405,-20.82405090332032,0.41648101806640647
4.31748811353631,3.9008868,74.99999999999997,49.446278,25.55372238159177,0.3407162984212237
3.7376696182833684,4.0266275,42.00000000000001,56.071495,-14.071495056152337,0.3350355965750556
3.912023005428146,4.023352,49.99999999999999,55.888138,-5.88813781738282,0.11776275634765641
3.7376696182833684,3.7448857,42.00000000000001,42.304173,-0.3041725158691335,0.0072422027587888925
4.189654742026425,4.2327275,65.99999999999997,68.904915,-2.9049148559570597,0.04401386145389486
4.189654742026425,4.0543036,65.99999999999997,57.645008,8.354991912841768,0.12659078655820866
4.31748811353631,4.001995,74.99999999999997,54.707188,20.29281234741208,0.27057083129882786
4.605170185988092,4.2682686,100.00000000000004,71.39791,28.6020889282227,0.28602088928222685
3.912023005428146,4.1246166,49.99999999999999,61.844093,-11.844093322753913,0.2368818664550783
3.912023005428146,4.0273967,49.99999999999999,56.114635,-6.114635467529304,0.1222927093505861
4.31748811353631,4.077514,74.99999999999997,58.998627,16.001373291015597,0.21335164388020803
4.890349128221754,4.128098,133.0,62.059772,70.94022750854492,0.5333851692371798
4.7535901911063645,4.2379856,115.99999999999999,69.26818,46.73181915283202,0.4028605099382071
4.8283137373023015,4.333142,125.00000000000004,76.183266,48.816734313964886,0.39053387451171895
3.713572066704308,4.030962,41.00000000000001,56.31506,-15.315059661865227,0.37353804053329814
3.912023005428146,4.0570536,49.99999999999999,57.803745,-7.803745269775398,0.15607490539550797
4.8283137373023015,4.268329,125.00000000000004,71.40223,53.59777069091801,0.42878216552734394
3.7376696182833684,4.273989,42.00000000000001,71.80752,-29.807518005371087,0.7097028096516924
4.605170185988092,4.126842,100.00000000000004,61.981876,38.01812362670903,0.3801812362670901
3.713572066704308,3.8092525,41.00000000000001,45.116703,-4.1167030334472585,0.10040739105968921
3.7376696182833684,4.048138,42.00000000000001,57.29069,-15.290691375732415,0.36406408037458127
4.605170185988092,3.7964766,100.00000000000004,44.54396,55.45603942871098,0.5545603942871096
4.51085950651685,4.3278937,90.99999999999997,75.78449,15.21550750732419,0.16720337920136477
4.605170185988092,4.1610184,100.00000000000004,64.1368,35.8631973266602,0.35863197326660184
3.7376696182833684,4.131973,42.00000000000001,62.30071,-20.300708770751946,0.4833502088274272
3.8066624897703196,4.0042562,44.99999999999999,54.831028,-9.831027984619148,0.21846728854709221
4.852030263919617,3.9658132,127.99999999999997,52.763157,75.23684310913083,0.5877878367900847
3.912023005428146,4.2256846,49.99999999999999,68.42133,-18.42133331298829,0.36842666625976583
4.605170185988092,4.2973356,100.00000000000004,73.50369,26.496307373046918,0.26496307373046907
3.7376696182833684,4.27582,42.00000000000001,71.93909,-29.939086914062493,0.7128354027157735
4.8283137373023015,3.9278939,125.00000000000004,50.799873,74.20012664794926,0.5936010131835939
3.912023005428146,4.1596756,49.99999999999999,64.05074,-14.05074310302735,0.28101486206054704
3.713572066704308,4.238204,41.00000000000001,69.28331,-28.28330993652343,0.6898368277200836
4.31748811353631,4.0446854,74.99999999999997,57.09322,17.906780242919893,0.23875706990559867
4.605170185988092,4.4856877,100.00000000000004,88.73796,11.262039184570355,0.11262039184570351
3.912023005428146,3.9855964,49.99999999999999,53.81738,-3.8173789978027415,0.07634757995605485
4.07753744390572,4.1204,59.000000000000014,61.583866,-2.5838661193847514,0.0437943410065212
3.871201010907891,4.3288465,48.00000000000001,75.856735,-27.85673522949218,0.5803486506144203
4.927253685157205,4.731048,138.00000000000006,113.41437,24.585632324218807,0.17815675597259997
3.912023005428146,4.251764,49.99999999999999,70.22917,-20.229171752929695,0.40458343505859395
3.912023005428146,4.095976,49.99999999999999,60.097958,-10.097957611083991,0.20195915222167987
4.189654742026425,4.2120876,65.99999999999997,67.4973,-1.497299194335966,0.022686351429332827
3.912023005428146,4.092046,49.99999999999999,59.862232,-9.86223220825196,0.19724464416503923
4.31748811353631,4.056275,74.99999999999997,57.75875,17.241249084472628,0.2298833211263018
4.605170185988092,4.8022223,100.00000000000004,121.78075,-21.780746459960895,0.21780746459960887
4.31748811353631,4.2330003,74.99999999999997,68.92371,6.07628631591794,0.0810171508789059
3.912023005428146,4.1009507,49.99999999999999,60.397682,-10.397682189941413,0.2079536437988283
4.204692619390966,4.517428,66.99999999999997,91.59969,-24.599693298339872,0.36715960146775944
3.912023005428146,4.009299,49.99999999999999,55.108215,-5.108215332031257,0.10216430664062516
3.871201010907891,3.9980946,48.00000000000001,54.494217,-6.494216918945305,0.13529618581136052
3.912023005428146,3.987474,49.99999999999999,53.918518,-3.918518066406257,0.07837036132812515
4.31748811353631,4.2551684,74.99999999999997,70.46869,4.531311035156222,0.060417480468749646
4.605170185988092,4.12908,100.00000000000004,62.120735,37.87926483154301,0.37879264831542997
3.912023005428146,3.7276645,49.99999999999999,41.58188,8.418121337890618,0.16836242675781238
3.912023005428146,4.4011974,49.99999999999999,81.54846,-31.548461914062507,0.6309692382812502
3.912023005428146,3.939351,49.99999999999999,51.385246,-1.3852462768554759,0.027704925537109522
3.912023005428146,4.101937,49.99999999999999,60.457268,-10.457267761230476,0.20914535522460956
4.68213122712422,4.249817,108.00000000000003,70.092575,37.90742492675784,0.3509946752477577
3.784189633918261,3.8012722,43.99999999999999,44.758087,-0.7580871582031321,0.017229253595525733
3.912023005428146,4.1058846,49.99999999999999,60.69641,-10.696411132812507,0.21392822265625017
4.060443010546419,4.2208304,57.999999999999986,68.090004,-10.09000396728517,0.1739655856428478
4.8283137373023015,4.40766,125.00000000000004,82.07718,42.92282104492192,0.34338256835937525
3.912023005428146,4.0467153,49.99999999999999,57.209232,-7.209232330322273,0.14418464660644548
4.605170185988092,4.2284193,100.00000000000004,68.608696,31.391304016113324,0.3139130401611331
3.912023005428146,3.927571,49.99999999999999,50.783478,-0.7834777832031321,0.015669555664062643
4.31748811353631,3.9516778,74.99999999999997,52.022575,22.977424621582003,0.30636566162109347
4.7535901911063645,4.201293,115.99999999999999,66.77261,49.22738647460936,0.42437402133283936
3.912023005428146,4.1135345,49.99999999999999,61.162514,-11.162513732910163,0.2232502746582033
3.7612001156935624,4.550152,43.0,94.646774,-51.64677429199219,1.2010877742323764
3.912023005428146,4.158066,49.99999999999999,63.947716,-13.94771575927735,0.27895431518554703
4.31748811353631,4.0955815,74.99999999999997,60.074265,14.925735473632784,0.19900980631510387
3.912023005428146,4.0008597,49.99999999999999,54.64511,-4.645111083984382,0.09290222167968766
4.31748811353631,4.3558936,74.99999999999997,77.93644,-2.9364395141601847,0.03915252685546915
3.912023005428146,4.11649,49.99999999999999,61.34354,-11.343540191650398,0.22687080383300798
3.713572066704308,4.0509863,41.00000000000001,57.454094,-16.45409393310546,0.40131936422208436
3.912023005428146,3.9421148,49.99999999999999,51.52746,-1.5274581909179759,0.03054916381835952
3.912023005428146,4.336974,49.99999999999999,76.475784,-26.47578430175782,0.5295156860351564
3.713572066704308,3.8919754,41.00000000000001,49.0076,-8.007598876953118,0.19530728968178332
3.713572066704308,3.7284665,41.00000000000001,41.615242,-0.6152420043945241,0.015005902546207903
4.890349128221754,4.050828,133.0,57.445,75.55500030517578,0.5680827090614721
3.912023005428146,3.8036382,49.99999999999999,44.864113,5.135887145996087,0.10271774291992175
4.418840607796598,3.995674,83.00000000000003,54.36246,28.637538909912138,0.34503058927604974
4.605170185988092,4.1738043,100.00000000000004,64.96212,35.0378799438477,0.35037879943847683
4.31748811353631,4.4276285,74.99999999999997,83.73261,-8.73261260986331,0.11643483479817751
4.430816798843313,4.24728,83.99999999999999,69.91499,14.085006713867173,0.16767865135556162
4.31748811353631,3.8173873,74.99999999999997,45.485214,29.514785766601534,0.3935304768880206
3.912023005428146,4.0342875,49.99999999999999,56.502644,-6.502643585205085,0.13005287170410174
3.713572066704308,3.8613899,41.00000000000001,47.53137,-6.531368255615227,0.15930166477110308
4.605170185988092,4.2173486,100.00000000000004,67.85334,32.14665985107426,0.3214665985107425
3.912023005428146,4.110623,49.99999999999999,60.98469,-10.984691619873054,0.2196938323974611
4.605170185988092,4.1779823,100.00000000000004,65.2341,34.76589965820317,0.34765899658203153
3.912023005428146,4.556603,49.99999999999999,95.25933,-45.259330749511726,0.9051866149902347
4.418840607796598,4.114877,83.00000000000003,61.244694,21.755306243896513,0.2621121234204398
4.31748811353631,4.149088,74.99999999999997,63.376167,11.62383270263669,0.15498443603515594
4.7535901911063645,4.4174237,115.99999999999999,82.882484,33.11751556396483,0.28549582382728306
3.912023005428146,4.2544384,49.99999999999999,70.41726,-20.4172592163086,0.40834518432617206
3.912023005428146,4.0613685,49.99999999999999,58.0537,-8.05369949340821,0.16107398986816424
3.912023005428146,4.2226157,49.99999999999999,68.21167,-18.211669921875007,0.3642333984375002
4.605170185988092,4.464724,100.00000000000004,86.89705,13.10295104980473,0.13102951049804726
3.7376696182833684,4.004475,42.00000000000001,54.84303,-12.84302902221679,0.3057864052908759
4.31748811353631,4.2641473,74.99999999999997,71.10426,3.895736694335909,0.05194315592447881
4.5217885770490405,4.2170916,92.00000000000001,67.8359,24.16410064697267,0.2626532679018768
3.912023005428146,4.229274,49.99999999999999,68.66735,-18.667350769042976,0.37334701538085957
3.912023005428146,4.047039,49.99999999999999,57.227757,-7.227756500244148,0.144555130004883
4.605170185988092,4.177663,100.00000000000004,65.213264,34.78673553466801,0.34786735534667995
4.189654742026425,4.031704,65.99999999999997,56.356857,9.643142700195284,0.14610822273023163
4.189654742026425,4.13054,65.99999999999997,62.211502,3.788497924804659,0.057401483709161524
4.418840607796598,4.5100036,83.00000000000003,90.92214,-7.922142028808565,0.09544749432299474
4.189654742026425,4.1137886,65.99999999999997,61.17806,4.8219413757323935,0.0730597178141272
4.204692619390966,4.46628,66.99999999999997,87.03236,-20.03235626220706,0.29899039197323984
4.51085950651685,4.6108108,90.99999999999997,100.56565,-9.565650939941435,0.10511704329605975
4.605170185988092,4.1847486,100.00000000000004,65.676994,34.323005676269574,0.3432300567626956
3.713572066704308,4.137609,41.00000000000001,62.65284,-21.652839660644524,0.5281180405035248
4.948759890378168,4.7802696,141.00000000000003,119.13647,21.86353302001956,0.15506051787247913
3.713572066704308,4.0038543,41.00000000000001,54.808994,-13.808994293212884,0.33680473885885076
4.31748811353631,3.8195374,74.99999999999997,45.58312,29.41688156127927,0.39222508748372376
3.912023005428146,3.910045,49.99999999999999,49.90119,0.09880828857421164,0.001976165771484233
3.713572066704308,4.448294,41.00000000000001,85.481,-44.48100280761718,1.0849025075028578
3.7376696182833684,4.1656947,42.00000000000001,64.43743,-22.43743133544921,0.5342245556059335
3.7376696182833684,4.200831,42.00000000000001,66.74177,-24.741767883300774,0.5890897115071612
3.713572066704308,4.213457,41.00000000000001,67.5898,-26.589797973632805,0.648531657893483
4.418840607796598,4.366282,83.00000000000003,78.75029,4.249710083007841,0.05120132630129927
4.31748811353631,4.7010317,74.99999999999997,110.06066,-35.060661315918,0.46747548421224017
3.7376696182833684,3.8653448,42.00000000000001,47.719723,-5.719722747802727,0.13618387494768397
3.912023005428146,4.139241,49.99999999999999,62.755184,-12.755184173583991,0.2551036834716799
3.912023005428146,4.329294,49.99999999999999,75.8907,-25.89070129394532,0.5178140258789065
3.912023005428146,4.213728,49.99999999999999,67.60811,-17.60810852050782,0.35216217041015646
3.7376696182833684,4.511256,42.00000000000001,91.03611,-49.0361099243164,1.1675264267694379
3.912023005428146,3.9965038,49.99999999999999,54.4076,-4.407600402832038,0.08815200805664078
3.7376696182833684,3.8623679,42.00000000000001,47.577877,-5.577877044677727,0.13280659630185063
4.31748811353631,4.256373,74.99999999999997,70.55362,4.446380615234347,0.05928507486979131
4.060443010546419,4.38589,57.999999999999986,80.30967,-22.30966949462892,0.3846494740453263
4.31748811353631,3.958088,74.99999999999997,52.35712,22.642879486083956,0.30190505981445287
4.31748811353631,4.0424414,74.99999999999997,56.96525,18.034751892089815,0.24046335856119763
4.605170185988092,4.155313,100.00000000000004,63.771923,36.228076934814496,0.3622807693481448
4.31748811353631,4.2060113,74.99999999999997,67.08841,7.911590576171847,0.105487874348958
4.189654742026425,4.206923,65.99999999999997,67.149605,-1.1496047973633097,0.017418254505504698
4.605170185988092,4.302717,100.00000000000004,73.90032,26.099678039550824,0.2609967803955081
3.912023005428146,4.0308747,49.99999999999999,56.310146,-6.3101463317871165,0.12620292663574234
4.6913478822291435,3.7782829,108.99999999999997,43.740868,65.25913238525388,0.5987076365619624
4.204692619390966,4.1485286,66.99999999999997,63.34073,3.6592712402343466,0.05461598866021415
3.713572066704308,4.1068325,41.00000000000001,60.753975,-19.753974914550774,0.4818042662085554
3.912023005428146,4.3125153,49.99999999999999,74.62796,-24.627960205078132,0.49255920410156273
4.189654742026425,4.036735,65.99999999999997,56.64111,9.358890533447237,0.1418013717188976
3.912023005428146,4.2097106,49.99999999999999,67.33705,-17.33705139160157,0.3467410278320314
4.7535901911063645,4.6355968,115.99999999999999,103.08942,12.910583496093736,0.11129813358701497
4.31748811353631,3.9952607,74.99999999999997,54.340008,20.65999221801755,0.27546656290690075
3.912023005428146,4.23195,49.99999999999999,68.85135,-18.851348876953132,0.37702697753906267
3.912023005428146,4.048248,49.99999999999999,57.296974,-7.296974182128913,0.14593948364257828
4.204692619390966,4.2947383,66.99999999999997,73.31303,-6.313026428222685,0.09422427504809981
3.912023005428146,4.367371,49.99999999999999,78.836105,-28.836105346679695,0.5767221069335939
4.762173934797756,4.1721983,117.00000000000003,64.85787,52.142127990722685,0.44565921359592026
4.248495242049359,3.8575578,70.00000000000003,47.34957,22.650428771972685,0.32357755388532394
4.143134726391533,4.0893364,62.99999999999999,59.70026,3.2997398376464773,0.05237682281978536
4.31748811353631,4.060758,74.99999999999997,58.01828,16.981719970703097,0.22642293294270804
4.897839799950911,4.3410683,133.99999999999997,76.78953,57.210472106933565,0.4269438216935342
4.605170185988092,4.2042265,100.00000000000004,66.96878,33.03121948242192,0.33031219482421903
3.912023005428146,4.0923657,49.99999999999999,59.88139,-9.881389617919929,0.1976277923583986
4.605170185988092,4.045393,100.00000000000004,57.133636,42.86636352539067,0.4286636352539065
3.912023005428146,4.2284646,49.99999999999999,68.6118,-18.611801147460945,0.3722360229492189
3.912023005428146,4.1471577,49.99999999999999,63.253956,-13.25395584106446,0.26507911682128926
4.31748811353631,4.3741345,74.99999999999997,79.37112,-4.371116638183622,0.05828155517578165
4.189654742026425,4.135827,65.99999999999997,62.541294,3.458705902099581,0.0524046348802967
4.8283137373023015,4.206107,125.00000000000004,67.09484,57.905158996582074,0.4632412719726564
3.912023005428146,3.9081774,49.99999999999999,49.808086,0.19191360473632102,0.003838272094726421
3.7376696182833684,4.0243645,42.00000000000001,55.944744,-13.944744110107415,0.33201771690731935
4.418840607796598,4.220665,83.00000000000003,68.07874,14.921257019042997,0.1797741809523252
4.31748811353631,4.25832,74.99999999999997,70.69111,4.30889129638669,0.05745188395182256
4.7535901911063645,3.8659945,115.99999999999999,47.750736,68.24926376342772,0.5883557220985149
4.07753744390572,4.0004926,59.000000000000014,54.62505,4.374950408935561,0.07415170184636542
3.912023005428146,3.97795,49.99999999999999,53.40744,-3.407440185546882,0.06814880371093765
4.605170185988092,4.2066407,100.00000000000004,67.13065,32.869346618652386,0.32869346618652373
3.713572066704308,3.7514462,41.00000000000001,42.582623,-1.5826225280761648,0.038600549465272305
3.7376696182833684,4.416277,42.00000000000001,82.78749,-40.787490844726555,0.9711307343982511
3.7376696182833684,4.0618854,42.00000000000001,58.083717,-16.0837173461914,0.38294565109979517
4.948759890378168,3.7683227,141.00000000000003,43.307365,97.69263458251956,0.6928555644150322
3.912023005428146,4.0341763,49.99999999999999,56.49637,-6.496368408203132,0.12992736816406267
4.605170185988092,3.896328,100.00000000000004,49.221375,50.77862548828129,0.5077862548828127
4.31748811353631,4.0478334,74.99999999999997,57.273235,17.72676467895505,0.23635686238606743
3.7376696182833684,4.029765,42.00000000000001,56.2477,-14.247699737548821,0.33923094613211474
3.713572066704308,4.0914335,41.00000000000001,59.825592,-18.825592041015618,0.45916078148818573
3.713572066704308,4.33636,41.00000000000001,76.42883,-35.42883300781249,0.864117878239329
3.7376696182833684,3.7507079,42.00000000000001,42.551193,-0.5511932373046804,0.013123648507254292
3.912023005428146,4.3941855,49.99999999999999,80.97865,-30.97865295410157,0.6195730590820315
3.912023005428146,4.3537345,49.99999999999999,77.76835,-27.768348693847663,0.5553669738769533
4.418840607796598,3.9958396,83.00000000000003,54.37147,28.62852859497073,0.3449220312647075
3.713572066704308,3.9159198,41.00000000000001,50.195217,-9.195217132568352,0.22427358859922805
3.912023005428146,4.3890805,49.99999999999999,80.56631,-30.5663070678711,0.6113261413574221
4.727387818712341,4.248264,113.00000000000003,69.9838,43.01619720458987,0.380674311545043
4.418840607796598,4.1381297,83.00000000000003,62.68547,20.31452941894534,0.24475336649331728
4.499809670330265,4.253258,90.0,70.334206,19.665794372558594,0.21850882636176217
4.189654742026425,4.4265075,65.99999999999997,83.638794,-17.63879394531253,0.26725445371685663
4.060443010546419,3.868269,57.999999999999986,47.859467,10.14053344726561,0.17483678357354507
4.007333185232471,4.2544265,55.000000000000014,70.41642,-15.416419982910142,0.2802985451438207
4.060443010546419,4.154932,57.999999999999986,63.74763,-5.747631072998061,0.09909708746548383
4.7535901911063645,4.1337037,115.99999999999999,62.408638,53.591361999511705,0.4619944999957906
4.762173934797756,4.393041,117.00000000000003,80.88603,36.11396789550784,0.3086663922692977
3.912023005428146,4.0843606,49.99999999999999,59.403942,-9.403942108154304,0.1880788421630861
3.7376696182833684,4.042988,42.00000000000001,56.996384,-14.99638366699218,0.3570567539760042
3.713572066704308,4.2097793,41.00000000000001,67.341675,-26.341674804687493,0.6424798732850607
3.912023005428146,4.00106,49.99999999999999,54.656055,-4.65605545043946,0.09312110900878921
3.912023005428146,3.787891,49.99999999999999,44.16316,5.836841583251946,0.11673683166503894
4.8283137373023015,4.643317,125.00000000000004,103.8884,21.111602783203168,0.16889282226562527
3.7376696182833684,4.0087843,42.00000000000001,55.07987,-13.079868316650384,0.3114254361107234
4.02535169073515,4.189786,56.00000000000002,66.00866,-10.008659362792947,0.17872606004987399
4.605170185988092,4.069338,100.00000000000004,58.5182,41.481800079345746,0.41481800079345726
3.912023005428146,4.088679,49.99999999999999,59.66102,-9.661018371582038,0.19322036743164078
4.204692619390966,4.2121406,66.99999999999997,67.50088,-0.5008773803711222,0.007475781796583916
4.418840607796598,4.0289626,83.00000000000003,56.202576,26.79742431640628,0.32286053393260566
3.912023005428146,4.125311,49.99999999999999,61.887047,-11.88704681396485,0.23774093627929704
3.912023005428146,4.196439,49.99999999999999,66.44927,-16.449272155761726,0.3289854431152346
3.912023005428146,3.871018,49.99999999999999,47.991215,2.0087852478027273,0.040175704956054555
4.605170185988092,4.2359347,100.00000000000004,69.12627,30.873733520507855,0.3087373352050784
4.204692619390966,3.7837873,66.99999999999997,43.9823,23.01770019531247,0.3435477641091415
3.912023005428146,3.9272525,49.99999999999999,50.767303,-0.7673034667968821,0.015346069335937644
3.912023005428146,4.182197,49.99999999999999,65.50963,-15.509628295898445,0.31019256591796895
4.060443010546419,4.050352,57.999999999999986,57.41767,0.5823287963867045,0.010040151661839736
3.713572066704308,4.09654,41.00000000000001,60.13187,-19.131870269775384,0.46663098218964344
3.713572066704308,3.9597297,41.00000000000001,52.443146,-11.443145751953118,0.2791011159012955
3.912023005428146,4.3449802,49.99999999999999,77.090515,-27.090515136718757,0.5418103027343752
4.5217885770490405,4.796601,92.00000000000001,121.09808,-29.098083496093736,0.3162835162618884
3.912023005428146,4.3672667,49.99999999999999,78.82787,-28.827873229980476,0.5765574645996095
4.8283137373023015,4.8239284,125.00000000000004,124.453026,0.5469741821289489,0.00437579345703159
4.31748811353631,4.044157,74.99999999999997,57.063065,17.93693542480466,0.23915913899739555
3.912023005428146,3.9372468,49.99999999999999,51.27723,-1.2772293090820384,0.02554458618164077
3.912023005428146,4.3441973,49.99999999999999,77.03018,-27.030181884765632,0.5406036376953127
3.912023005428146,4.242714,49.99999999999999,69.59647,-19.596473693847663,0.3919294738769533
4.605170185988092,4.673619,100.00000000000004,107.08456,-7.084556579589801,0.07084556579589799
3.912023005428146,4.029184,49.99999999999999,56.21501,-6.215011596679695,0.12430023193359391
3.912023005428146,3.9645739,49.99999999999999,52.697807,-2.697807312011726,0.05395614624023452
3.912023005428146,4.0670695,49.99999999999999,58.385616,-8.385616302490241,0.16771232604980485
3.912023005428146,3.971977,49.99999999999999,53.089386,-3.089385986328132,0.06178771972656265
3.912023005428146,3.8565795,49.99999999999999,47.303276,2.696723937988274,0.05393447875976549
3.713572066704308,3.879099,41.00000000000001,48.3806,-7.38059997558593,0.18001463355087632
3.912023005428146,4.268756,49.99999999999999,71.43271,-21.432708740234382,0.4286541748046877
4.204692619390966,3.841425,66.99999999999997,46.591816,20.408184051513643,0.30459976196289035
3.912023005428146,3.9370203,49.99999999999999,51.265617,-1.2656173706054759,0.02531234741210952
3.912023005428146,3.7547212,49.99999999999999,42.722305,7.27769470214843,0.14555389404296862
4.31748811353631,4.0806594,74.99999999999997,59.184483,15.815517425537081,0.21087356567382784
3.912023005428146,4.078668,49.99999999999999,59.066746,-9.066745758056648,0.18133491516113298
3.8066624897703196,4.073703,44.99999999999999,58.77419,-13.774188995361335,0.3060930887858075
4.31748811353631,3.961923,74.99999999999997,52.558292,22.441707611083956,0.2992227681477862
3.713572066704308,3.8297355,41.00000000000001,46.050358,-5.0503578186035085,0.12317945899032945
4.060443010546419,4.2515717,57.999999999999986,70.21568,-12.215682983398452,0.2106152238516975
4.7535901911063645,3.988808,115.99999999999999,53.99049,62.00951004028319,0.5345647417265793
4.204692619390966,4.1904764,66.99999999999997,66.05425,0.9457473754882528,0.014115632469973929
3.912023005428146,4.4875665,49.99999999999999,88.90483,-38.904830932617195,0.778096618652344
3.912023005428146,4.191366,49.99999999999999,66.11305,-16.11305236816407,0.3222610473632814
3.8066624897703196,3.8875787,44.99999999999999,48.792603,-3.792602539062507,0.08428005642361128
3.7376696182833684,3.8390687,42.00000000000001,46.482162,-4.48216247558593,0.10671815418061738
4.31748811353631,4.0534844,74.99999999999997,57.597805,17.402194976806612,0.23202926635742158
3.7376696182833684,3.8366685,42.00000000000001,46.37073,-4.3707313537597585,0.10406503223237519
4.890349128221754,4.4406257,133.0,84.828,48.1719970703125,0.3621954666940789
4.605170185988092,3.777669,100.00000000000004,43.714024,56.28597640991215,0.5628597640991213
3.912023005428146,3.9974735,49.99999999999999,54.46038,-4.460380554199226,0.08920761108398453
4.605170185988092,3.97354,100.00000000000004,53.172432,46.82756805419926,0.4682756805419924
4.897839799950911,4.6260295,133.99999999999997,102.10784,31.892158508300753,0.23800118289776687
4.605170185988092,3.8901107,100.00000000000004,48.9163,51.08369827270512,0.510836982727051
4.31748811353631,4.0067873,74.99999999999997,54.969986,20.03001403808591,0.26706685384114554
4.605170185988092,4.035429,100.00000000000004,56.56718,43.43281936645512,0.434328193664551
3.912023005428146,4.323844,49.99999999999999,75.4782,-25.478202819824226,0.5095640563964846
3.912023005428146,4.0930543,49.99999999999999,59.922634,-9.922634124755866,0.19845268249511736
3.912023005428146,4.278502,49.99999999999999,72.1323,-22.132301330566413,0.44264602661132835
4.060443010546419,4.0184803,57.999999999999986,55.61652,2.38348007202147,0.041094484000370184
4.204692619390966,4.2003083,66.99999999999997,66.706894,0.2931060791015341,0.004374717598530361
4.605170185988092,4.296098,100.00000000000004,73.412796,26.58720397949223,0.2658720397949222
3.912023005428146,3.9854763,49.99999999999999,53.81091,-3.8109092712402415,0.07621818542480484
4.204692619390966,3.969902,66.99999999999997,52.97934,14.020660400390597,0.2092635880655314
4.060443010546419,4.0006943,57.999999999999986,54.63607,3.363929748535142,0.05799878876784729
4.51085950651685,4.1497107,90.99999999999997,63.41565,27.58435058593747,0.30312473171359866
4.060443010546419,4.0096273,57.999999999999986,55.126324,2.873676300048814,0.049546143104289904
4.7535901911063645,4.3218265,115.99999999999999,75.32608,40.67391967773436,0.3506372386011583
3.912023005428146,3.9767313,49.99999999999999,53.34239,-3.342388153076179,0.06684776306152358
4.8283137373023015,4.5113616,125.00000000000004,91.0457,33.954299926757855,0.27163439941406275
3.912023005428146,4.0720215,49.99999999999999,58.675453,-8.675453186035163,0.1735090637207033
3.713572066704308,3.9042842,41.00000000000001,49.614555,-8.614555358886712,0.21011110631431001
4.189654742026425,4.0192,65.99999999999997,55.656555,10.343444824218722,0.156718860973011
4.060443010546419,4.0580654,57.999999999999986,57.862263,0.13773727416990766,0.0023747805891363395
4.890349128221754,4.773664,133.0,118.35209,14.647911071777344,0.11013466971261161
4.356708826689592,4.4215827,78.0,83.227905,-5.2279052734375,0.06702442658253205
4.189654742026425,3.8992643,65.99999999999997,49.36612,16.633880615234347,0.2520284941702175
3.713572066704308,4.1927843,41.00000000000001,66.20688,-25.206878662109368,0.6148019185880332
3.912023005428146,4.0129604,49.99999999999999,55.31037,-5.310371398925788,0.10620742797851578
3.7376696182833684,3.9185488,42.00000000000001,50.32736,-8.327358245849602,0.1982704344249905
4.07753744390572,4.1083903,59.000000000000014,60.848694,-1.8486938476562358,0.031333794028071786
3.912023005428146,3.9098537,49.99999999999999,49.89165,0.10834884643553977,0.002166976928710796
4.8283137373023015,3.964207,125.00000000000004,52.678474,72.32152557373051,0.5785722045898439
3.912023005428146,4.349218,49.99999999999999,77.41789,-27.417892456054695,0.548357849121094
3.7376696182833684,4.059894,42.00000000000001,57.96817,-15.968170166015618,0.3801945277622766
4.189654742026425,4.2013693,65.99999999999997,66.77771,-0.7777099609375284,0.011783484256629223
4.605170185988092,3.9570017,100.00000000000004,52.300278,47.699722290039105,0.47699722290039087
4.477336814478207,4.43023,88.00000000000003,83.95074,4.04926300048831,0.04601435227827623
3.912023005428146,4.1516633,49.99999999999999,63.539597,-13.539596557617195,0.27079193115234396
3.713572066704308,4.2483034,41.00000000000001,69.98657,-28.986572265624993,0.706989567454268
3.912023005428146,4.36602,49.99999999999999,78.72968,-28.72968292236329,0.5745936584472658
3.713572066704308,4.160642,41.00000000000001,64.11268,-23.112678527832024,0.5637238665324883
3.912023005428146,4.243138,49.99999999999999,69.625984,-19.62598419189454,0.3925196838378908
3.912023005428146,4.2409472,49.99999999999999,69.47363,-19.473632812500007,0.3894726562500002
3.912023005428146,3.9914174,49.99999999999999,54.13156,-4.131561279296882,0.08263122558593765
4.418840607796598,4.284727,83.00000000000003,72.58273,10.417266845703153,0.12550923910485723
3.7376696182833684,4.1583824,42.00000000000001,63.967964,-21.967964172363274,0.5230467660086493
4.31748811353631,4.2323127,74.99999999999997,68.876335,6.123664855957003,0.0816488647460934
3.912023005428146,4.0239787,49.99999999999999,55.923164,-5.923164367675788,0.11846328735351579
3.912023005428146,4.0730863,49.99999999999999,58.737965,-8.73796463012696,0.17475929260253922
4.060443010546419,3.9933732,57.999999999999986,54.237534,3.7624664306640483,0.06487011087351809
4.8283137373023015,4.289284,125.00000000000004,72.91426,52.08573913574223,0.4166859130859377
3.912023005428146,4.0251074,49.99999999999999,55.98632,-5.986320495605476,0.11972640991210953
3.7376696182833684,3.951344,42.00000000000001,52.005215,-10.005214691162102,0.23821939740862144
3.912023005428146,4.1525083,49.99999999999999,63.593307,-13.593307495117195,0.2718661499023439
4.8283137373023015,4.479274,125.00000000000004,88.170616,36.8293838500977,0.2946350708007815
4.890349128221754,4.4751635,133.0,87.80895,45.19104766845703,0.3397823132966694
3.7376696182833684,4.0741754,42.00000000000001,58.80197,-16.801971435546868,0.40004693894159205
3.7376696182833684,3.8800628,42.00000000000001,48.427258,-6.42725753784179,0.15302994137718545
4.605170185988092,4.0751023,100.00000000000004,58.856503,41.14349746704106,0.4114349746704104
3.713572066704308,4.1323,41.00000000000001,62.32109,-21.32109069824218,0.5200266023961506
4.204692619390966,4.0936613,66.99999999999997,59.95902,7.040981292724581,0.10508927302574006
4.31748811353631,4.151836,74.99999999999997,63.550568,11.449432373046847,0.15265909830729135
3.7376696182833684,3.9614177,42.00000000000001,52.531746,-10.531745910644524,0.25075585501534575
4.204692619390966,4.4595933,66.99999999999997,86.45234,-19.45233917236331,0.2903334204830346
4.31748811353631,4.1193814,74.99999999999997,61.521175,13.478824615478487,0.17971766153971322
3.912023005428146,3.834574,49.99999999999999,46.27371,3.7262916564941335,0.07452583312988269
3.912023005428146,4.1277475,49.99999999999999,62.03803,-12.038028717041023,0.2407605743408205
3.912023005428146,4.097246,49.99999999999999,60.17435,-10.174350738525398,0.20348701477050798
4.07753744390572,4.1551023,59.000000000000014,63.758484,-4.758483886718736,0.08065226926641923
3.912023005428146,4.128851,49.99999999999999,62.106518,-12.106517791748054,0.24213035583496112
4.31748811353631,4.0451384,74.99999999999997,57.119087,17.88091278076169,0.23841217041015597
4.31748811353631,3.986192,74.99999999999997,53.849438,21.150562286376925,0.28200749715169243
3.912023005428146,3.9171598,49.99999999999999,50.2575,-0.25749969482422586,0.005149993896484518
3.7376696182833684,4.173703,42.00000000000001,64.95555,-22.95555114746093,0.5465607416062125
4.204692619390966,4.2059364,66.99999999999997,67.08339,-0.08338928222659092,0.001244616152635686
3.912023005428146,3.8746033,49.99999999999999,48.163586,1.836414337158196,0.036728286743163925
3.912023005428146,4.119704,49.99999999999999,61.541008,-11.541007995605476,0.23082015991210955
3.912023005428146,4.027408,49.99999999999999,56.11528,-6.115280151367195,0.1223056030273439
3.912023005428146,3.9500573,49.99999999999999,51.938343,-1.9383430480957102,0.03876686096191421
3.912023005428146,4.142126,49.99999999999999,62.93649,-12.936489105224616,0.2587297821044924
3.7376696182833684,3.9976022,42.00000000000001,54.467392,-12.46739196777343,0.29684266589936736
3.912023005428146,4.309912,49.99999999999999,74.43395,-24.433952331542976,0.4886790466308596
4.605170185988092,4.306407,100.00000000000004,74.1735,25.826499938964886,0.25826499938964875
4.605170185988092,4.512042,100.00000000000004,91.10767,8.892326354980511,0.08892326354980508
3.912023005428146,4.2283397,49.99999999999999,68.60323,-18.60323333740235,0.37206466674804706
4.189654742026425,4.332852,65.99999999999997,76.16118,-10.161178588867216,0.15395725134647303
3.713572066704308,4.16144,41.00000000000001,64.16385,-23.163848876953118,0.5649719238281248
4.290459441148391,4.2689075,72.99999999999999,71.44354,1.5564575195312358,0.021321335883989535
4.8283137373023015,4.732756,125.00000000000004,113.60825,11.391746520996136,0.09113397216796906
3.912023005428146,3.9493437,49.99999999999999,51.90129,-1.9012908935546946,0.038025817871093895
4.605170185988092,4.587564,100.00000000000004,98.25479,1.7452087402344176,0.01745208740234417
4.204692619390966,4.0953913,66.99999999999997,60.062836,6.937164306640597,0.10353976577075522
4.060443010546419,3.8155015,57.999999999999986,45.399517,12.600482940673814,0.2172497058736865
4.605170185988092,3.9563692,100.00000000000004,52.26721,47.73279190063481,0.47732791900634786
4.189654742026425,3.9176865,65.99999999999997,50.283978,15.71602249145505,0.2381215529008342
3.912023005428146,3.971977,49.99999999999999,53.089386,-3.089385986328132,0.06178771972656265
3.912023005428146,3.756215,49.99999999999999,42.78618,7.213821411132805,0.14427642822265613
3.912023005428146,4.2941093,49.99999999999999,73.26693,-23.26692962646485,0.4653385925292971
4.709530201312334,4.7779975,110.99999999999997,118.86608,-7.866081237792997,0.07086559673687387
3.713572066704308,3.7889338,41.00000000000001,44.209236,-3.209236145019524,0.07827405231754936
3.912023005428146,4.2275653,49.99999999999999,68.55013,-18.55013275146485,0.3710026550292971
3.912023005428146,4.293288,49.99999999999999,73.206795,-23.20679473876954,0.46413589477539086
4.31748811353631,4.2512026,74.99999999999997,70.18977,4.810226440429659,0.06413635253906215
3.871201010907891,4.1045594,48.00000000000001,60.61603,-12.616031646728509,0.2628339926401772
4.8283137373023015,4.2243834,125.00000000000004,68.33235,56.66764831542973,0.4533411865234377
4.31748811353631,3.8972137,74.99999999999997,49.26499,25.735008239746065,0.3431334431966143
4.204692619390966,4.3314304,66.99999999999997,76.053,-9.053001403808622,0.13511942393744217
4.653960350157523,4.1555586,104.99999999999997,63.787586,41.21241378784177,0.39249917893182645
4.060443010546419,4.057794,57.999999999999986,57.846565,0.15343475341795454,0.0026454267830681825
4.605170185988092,4.0965357,100.00000000000004,60.13161,39.868389129638715,0.398683891296387
4.060443010546419,4.173448,57.999999999999986,64.93898,-6.938980102539077,0.1196375879748117
4.204692619390966,4.1341095,66.99999999999997,62.433968,4.56603240966794,0.06814973745773048
3.912023005428146,4.223529,49.99999999999999,68.27399,-18.273986816406257,0.3654797363281252
3.912023005428146,3.8808284,49.99999999999999,48.464344,1.5356559753417898,0.0307131195068358
4.204692619390966,4.3269963,66.99999999999997,75.716515,-8.716514587402372,0.13009723264779666
4.605170185988092,3.9487822,100.00000000000004,51.872158,48.12784194946293,0.48127841949462913
4.7535901911063645,4.012785,115.99999999999999,55.300667,60.699333190917955,0.52327011371481
3.8501476017100584,4.181952,46.99999999999999,65.49357,-18.493568420410163,0.3934801791576631
4.189654742026425,4.355494,65.99999999999997,77.905304,-11.905303955078153,0.18038339325876
4.605170185988092,4.7070518,100.00000000000004,110.725235,-10.72523498535152,0.10725234985351516
4.31748811353631,4.6498957,74.99999999999997,104.57407,-29.574073791503935,0.39432098388671927
3.7376696182833684,3.878268,42.00000000000001,48.340416,-6.340415954589837,0.15096228463309133
4.605170185988092,4.4506054,100.00000000000004,85.678795,14.321205139160199,0.14321205139160192
3.912023005428146,4.2191668,49.99999999999999,67.97682,-17.97682189941407,0.35953643798828144
3.912023005428146,3.5961943,49.99999999999999,36.459217,13.54078292846679,0.2708156585693358
4.189654742026425,4.3518496,65.99999999999997,77.621895,-11.62189483642581,0.17608931570342143
4.700480365792417,4.0582633,110.00000000000004,57.873714,52.12628555297856,0.4738753232088958
4.060443010546419,3.9012077,57.999999999999986,49.462147,8.537853240966783,0.14720436622356525
3.912023005428146,3.8698792,49.99999999999999,47.936596,2.063404083251946,0.041268081665038925
4.605170185988092,4.021952,100.00000000000004,55.809948,44.190052032470746,0.4419005203247073
3.912023005428146,4.1859307,49.99999999999999,65.75467,-15.754669189453132,0.3150933837890627
3.912023005428146,3.8634515,49.99999999999999,47.62946,2.3705406188964773,0.04741081237792955
4.31748811353631,4.1860776,74.99999999999997,65.76433,9.235671997070284,0.1231422932942705
4.31748811353631,4.1696653,74.99999999999997,64.693794,10.30620574951169,0.13741607666015593
4.189654742026425,4.216633,65.99999999999997,67.80479,-1.8047866821289347,0.027345252759529325
4.77912349311153,4.0055346,119.00000000000003,54.90117,64.09883117675784,0.5386456401408221
3.912023005428146,4.2513433,49.99999999999999,70.199646,-20.199645996093757,0.4039929199218752
3.784189633918261,3.8012722,43.99999999999999,44.758087,-0.7580871582031321,0.017229253595525733
4.605170185988092,4.162037,100.00000000000004,64.20216,35.79783630371098,0.35797836303710967
4.276666119016055,4.1703753,72.0,64.739746,7.26025390625,0.10083685980902778
4.060443010546419,4.011767,57.999999999999986,55.244396,2.755603790283189,0.047510410177296375
4.31748811353631,3.9720004,74.99999999999997,53.090626,21.90937423706052,0.2921249898274737
3.912023005428146,4.1115494,49.99999999999999,61.04122,-11.04122161865235,0.22082443237304705
4.189654742026425,4.0252366,65.99999999999997,55.993557,10.006443023681612,0.1516127730860851
3.7376696182833684,4.083127,42.00000000000001,59.330708,-17.33070755004882,0.41263589404878137
4.605170185988092,4.3858266,100.00000000000004,80.30457,19.69542694091801,0.19695426940918004
4.31748811353631,3.956334,74.99999999999997,52.265377,22.734622955322237,0.3031283060709633
4.31748811353631,4.030846,74.99999999999997,56.308537,18.691463470458956,0.24921951293945285
3.912023005428146,4.13478,49.99999999999999,62.47584,-12.475841522216804,0.24951683044433612
3.7376696182833684,4.0266275,42.00000000000001,56.071495,-14.071495056152337,0.3350355965750556
3.713572066704308,4.0570927,41.00000000000001,57.806004,-16.806003570556634,0.4099025261111373
4.605170185988092,4.259297,100.00000000000004,70.760216,29.2397842407227,0.2923978424072269
3.912023005428146,4.1081247,49.99999999999999,60.832535,-10.83253479003907,0.21665069580078142
3.7376696182833684,4.1583824,42.00000000000001,63.967964,-21.967964172363274,0.5230467660086493
3.912023005428146,4.22059,49.99999999999999,68.07365,-18.073646545410163,0.3614729309082033
4.31748811353631,3.95038,74.99999999999997,51.95511,23.044891357421847,0.30726521809895807
3.912023005428146,4.1738353,49.99999999999999,64.96413,-14.96412658691407,0.29928253173828145
3.912023005428146,3.9562554,49.99999999999999,52.261265,-2.2612648010253977,0.04522529602050796
3.912023005428146,4.189858,49.99999999999999,66.01341,-16.013412475585945,0.32026824951171895
3.912023005428146,3.762047,49.99999999999999,43.036434,6.9635658264160085,0.1392713165283202
4.605170185988092,4.272455,100.00000000000004,71.69745,28.302551269531293,0.2830255126953128
4.31748811353631,4.322038,74.99999999999997,75.34203,-0.34203338623049717,0.004560445149739964
4.68213122712422,4.027187,108.00000000000003,56.102863,51.89713668823245,0.4805290434095596
4.584967478670572,3.959424,98.00000000000004,52.42712,45.57287979125981,0.4650293856250999
4.204692619390966,4.120832,66.99999999999997,61.610477,5.389522552490206,0.08044063511179415
4.51085950651685,4.299795,90.99999999999997,73.6847,17.31529998779294,0.19027802184387851
4.31748811353631,3.910874,74.99999999999997,49.942577,25.057422637939425,0.33409896850585913
3.7376696182833684,4.082577,42.00000000000001,59.2981,-17.29809951782226,0.41185951232910134
4.8283137373023015,4.462728,125.00000000000004,86.72377,38.27622985839848,0.3062098388671877
4.060443010546419,4.0190296,57.999999999999986,55.64708,2.3529205322265483,0.04056759538321636
3.912023005428146,3.9284956,49.99999999999999,50.830452,-0.8304519653320384,0.01660903930664077
3.912023005428146,4.1382937,49.99999999999999,62.695755,-12.69575500488282,0.25391510009765644
3.912023005428146,4.034909,49.99999999999999,56.53776,-6.537761688232429,0.1307552337646486
4.5217885770490405,4.2631454,92.00000000000001,71.033066,20.966934204101577,0.22790145874023449
3.912023005428146,4.196514,49.99999999999999,66.45428,-16.454277038574226,0.32908554077148455
4.605170185988092,3.9401274,100.00000000000004,51.42515,48.57484817504887,0.4857484817504885
4.890349128221754,4.6714463,133.0,106.85217,26.1478271484375,0.19660020412359022
3.713572066704308,3.8874402,41.00000000000001,48.785843,-7.785842895507805,0.18989860720750742
4.204692619390966,4.107642,66.99999999999997,60.803185,6.196815490722628,0.09248978344362135
3.912023005428146,4.0588417,49.99999999999999,57.9072,-7.907199859619148,0.15814399719238298
4.51085950651685,4.2464647,90.99999999999997,69.85801,21.141990661621065,0.23232956771012167
4.948759890378168,4.6147947,141.00000000000003,100.9671,40.03289794921878,0.28392126205119694
4.605170185988092,4.1849303,100.00000000000004,65.68893,34.3110733032227,0.34311073303222683
4.2626798770413155,4.519346,71.0,91.77558,-20.77558135986328,0.2926138219699054
4.31748811353631,4.0099344,74.99999999999997,55.143253,19.856746673583956,0.26475662231445285
4.31748811353631,4.478034,74.99999999999997,88.06138,-13.061378479003935,0.17415171305338586
4.060443010546419,3.75748,57.999999999999986,42.84033,15.159671783447251,0.2613736514387458
4.68213122712422,4.5625567,108.00000000000003,95.82818,12.17182159423831,0.11270205179850283
3.912023005428146,4.1426153,49.99999999999999,62.967285,-12.967285156250007,0.25934570312500016
4.8283137373023015,4.312793,125.00000000000004,74.648674,50.351325988769574,0.40281060791015644
3.912023005428146,4.0498753,49.99999999999999,57.390297,-7.390296936035163,0.1478059387207033
4.07753744390572,3.82872,59.000000000000014,46.00362,12.996379852294936,0.22027762461516837
3.912023005428146,4.0090823,49.99999999999999,55.096287,-5.096286773681648,0.10192573547363297
4.31748811353631,4.1617603,74.99999999999997,64.18441,10.815589904785128,0.1442078653971351
4.060443010546419,4.3008876,57.999999999999986,73.765236,-15.76523590087892,0.2718144120841194
4.418840607796598,4.307919,83.00000000000003,74.28574,8.714256286621122,0.10499103959784481
3.912023005428146,3.8953872,49.99999999999999,49.17509,0.824909210205071,0.016498184204101422
4.356708826689592,3.8913476,78.0,48.976845,29.023155212402344,0.37209173349233776
4.31748811353631,4.196726,74.99999999999997,66.468346,8.531654357910128,0.11375539143880174
4.248495242049359,4.279563,70.00000000000003,72.20888,-2.208877563476534,0.03155539376395047
3.7376696182833684,3.937101,42.00000000000001,51.26975,-9.269748687744134,0.220708302089146
4.605170185988092,4.3450346,100.00000000000004,77.0947,22.905296325683636,0.22905296325683627
4.07753744390572,4.0315313,59.000000000000014,56.34713,2.6528701782226705,0.044963901325807965
3.912023005428146,3.9058838,49.99999999999999,49.69398,0.306018829345696,0.006120376586913921
3.7376696182833684,3.9400902,42.00000000000001,51.423237,-9.423236846923821,0.22436278206961474
3.7376696182833684,4.0088043,42.00000000000001,55.08097,-13.08097076416015,0.31145168486095587
3.912023005428146,4.163295,49.99999999999999,64.282974,-14.28297424316407,0.2856594848632814
3.912023005428146,4.2275295,49.99999999999999,68.547676,-18.54767608642579,0.3709535217285158
3.912023005428146,3.8448992,49.99999999999999,46.75397,3.2460289001464773,0.06492057800292955
4.31748811353631,3.9987361,74.99999999999997,54.52919,20.47080993652341,0.2729441324869789
4.68213122712422,4.0199428,108.00000000000003,55.697918,52.30208206176761,0.48427853760895917
4.31748811353631,4.44398,74.99999999999997,85.11304,-10.113037109375028,0.1348404947916671
4.31748811353631,4.2797594,74.99999999999997,72.22306,2.7769393920898153,0.03702585856119755
4.605170185988092,4.2826977,100.00000000000004,72.435585,27.564414978027386,0.27564414978027374
4.189654742026425,4.1301026,65.99999999999997,62.184303,3.8156967163085653,0.057813586610735865
4.430816798843313,4.676753,83.99999999999999,107.420715,-23.420715332031264,0.2788180396670389
4.31748811353631,4.009878,74.99999999999997,55.140152,19.85984802246091,0.2647979736328122
4.418840607796598,4.347025,83.00000000000003,77.2483,5.751701354980497,0.06929760668651198
4.605170185988092,4.2695312,100.00000000000004,71.48812,28.5118789672852,0.28511878967285187
3.912023005428146,4.115106,49.99999999999999,61.258713,-11.258712768554695,0.22517425537109392
4.189654742026425,4.004194,65.99999999999997,54.827602,11.172397613525362,0.1692787517200813
4.68213122712422,4.4634757,108.00000000000003,86.788635,21.21136474609378,0.1964015254267942
4.68213122712422,3.9134793,108.00000000000003,50.07287,57.92713165283206,0.5363623301188152
4.762173934797756,4.0635576,117.00000000000003,58.18093,58.819068908691435,0.5027270846896703
4.477336814478207,4.5707107,88.00000000000003,96.61275,-8.612747192382784,0.09787212718616797
4.890349128221754,4.1749444,133.0,65.036224,67.96377563476562,0.5110058318403431
3.912023005428146,4.078172,49.99999999999999,59.037464,-9.03746414184571,0.18074928283691424
3.713572066704308,4.285476,41.00000000000001,72.63713,-31.63713073730468,0.7716373350562116
3.912023005428146,4.2892046,49.99999999999999,72.908455,-22.90845489501954,0.45816909790039084
3.912023005428146,3.8031542,49.99999999999999,44.842403,5.1575965881347585,0.10315193176269519
3.912023005428146,3.8274567,49.99999999999999,45.945538,4.054462432861321,0.08108924865722643
3.713572066704308,3.7299604,41.00000000000001,41.67746,-0.6774597167968679,0.016523407726752874
4.418840607796598,4.347658,83.00000000000003,77.29723,5.70276641845706,0.06870802913803684
3.912023005428146,3.9540837,49.99999999999999,52.14789,-2.147888183593757,0.04295776367187515
3.912023005428146,4.1430736,49.99999999999999,62.996147,-12.996147155761726,0.25992294311523456
3.912023005428146,4.0285234,49.99999999999999,56.1779,-6.177898406982429,0.1235579681396486
3.912023005428146,3.987415,49.99999999999999,53.91534,-3.9153404235839915,0.07830680847167984
4.31748811353631,4.380509,74.99999999999997,79.87867,-4.87866973876956,0.06504892985026083
3.7376696182833684,4.284301,42.00000000000001,72.5518,-30.55180358886718,0.727423894973028
3.912023005428146,3.8524578,49.99999999999999,47.108704,2.891296386718743,0.057825927734374866
3.713572066704308,4.330462,41.00000000000001,75.97938,-34.979377746582024,0.8531555547946834
3.912023005428146,4.4530244,49.99999999999999,85.88631,-35.88630676269532,0.7177261352539065
3.912023005428146,4.0672135,49.99999999999999,58.394024,-8.394023895263679,0.1678804779052736
3.7376696182833684,3.7261918,42.00000000000001,41.520687,0.47931289672852273,0.011412211826869587
4.605170185988092,4.317693,100.00000000000004,75.01539,24.98461151123051,0.249846115112305
4.060443010546419,4.381451,57.999999999999986,79.95397,-21.953971862792983,0.37851675625505155
4.31748811353631,4.220777,74.99999999999997,68.08637,6.91362762451169,0.09218170166015591
3.912023005428146,4.1097193,49.99999999999999,60.92961,-10.929611206054695,0.21859222412109391
3.912023005428146,4.3497295,49.99999999999999,77.45751,-27.457511901855476,0.5491502380371096
4.204692619390966,4.1364036,66.99999999999997,62.577362,4.422637939453097,0.0660095214843746
4.605170185988092,4.0500937,100.00000000000004,57.402832,42.59716796875004,0.42597167968750027
4.955827057601261,4.713703,142.00000000000003,111.464165,30.53583526611331,0.21504109342333314
4.418840607796598,3.959407,83.00000000000003,52.42623,30.573768615722685,0.3683586580207551
4.060443010546419,3.8416038,57.999999999999986,46.60015,11.399848937988267,0.1965491196204874
3.912023005428146,4.099071,49.99999999999999,60.28426,-10.284259796142585,0.20568519592285173
4.060443010546419,3.7533312,57.999999999999986,42.662964,15.337036132812486,0.2644316574622843
4.6443908991413725,4.3658786,103.99999999999999,78.71853,25.281471252441392,0.24309106973501343
3.7376696182833684,4.0635266,42.00000000000001,58.179127,-16.179126739501946,0.38521730332147486
4.189654742026425,4.02631,65.99999999999997,56.053688,9.946311950683565,0.15070169622247834
4.6913478822291435,4.16799,108.99999999999997,64.58552,44.41448211669919,0.4074723129972404
4.68213122712422,3.8550148,108.00000000000003,47.229317,60.77068328857425,0.5626915119312429
3.713572066704308,4.0787663,41.00000000000001,59.07255,-18.072551727294915,0.44079394456816856
3.9318256327243257,4.1802006,51.0,65.37897,-14.37896728515625,0.2819405350030637
4.060443010546419,4.0508795,57.999999999999986,57.44796,0.552040100097642,0.009517932760304175
4.605170185988092,4.255111,100.00000000000004,70.46465,29.535346984863324,0.2953534698486331
4.189654742026425,4.21951,65.99999999999997,68.00016,-2.0001602172851847,0.030305457837654325
4.204692619390966,4.406585,66.99999999999997,81.98901,-14.989013671875028,0.2237166219682841
3.912023005428146,4.297797,49.99999999999999,73.53763,-23.537628173828132,0.4707525634765627
4.31748811353631,4.231794,74.99999999999997,68.840614,6.159385681152315,0.08212514241536424
4.007333185232471,4.4557195,55.000000000000014,86.11809,-31.118087768554673,0.5657834139737212
4.204692619390966,4.155584,66.99999999999997,63.789196,3.2108039855956747,0.047922447546204124
4.51085950651685,4.136863,90.99999999999997,62.606133,28.393867492675753,0.3120205218975358
3.912023005428146,4.057473,49.99999999999999,57.828007,-7.828006744384773,0.1565601348876955
4.204692619390966,4.263973,66.99999999999997,71.09189,-4.091888427734403,0.0610729616079762
3.912023005428146,4.1599565,49.99999999999999,64.06873,-14.068733215332038,0.2813746643066408
3.912023005428146,3.882075,49.99999999999999,48.524803,1.4751968383788991,0.02950393676757799
4.189654742026425,4.1794252,65.99999999999997,65.32829,0.6717071533202841,0.0101773811109134
4.418840607796598,4.8144145,83.00000000000003,123.27461,-40.274612426757784,0.4852362942982864
4.060443010546419,3.9831278,57.999999999999986,53.68469,4.315311431884751,0.07440192123939228
3.7376696182833684,3.990475,42.00000000000001,54.080566,-12.080566406249993,0.2876325334821426
4.605170185988092,4.4285555,100.00000000000004,83.810265,16.1897354125977,0.16189735412597692
3.912023005428146,4.0159383,49.99999999999999,55.475323,-5.475322723388679,0.1095064544677736
4.8283137373023015,4.5013766,125.00000000000004,90.141136,34.85886383056645,0.2788709106445315
4.31748811353631,4.189845,74.99999999999997,66.012566,8.987434387207003,0.11983245849609342
3.912023005428146,3.9502308,49.99999999999999,51.947357,-1.947357177734382,0.03894714355468765
4.060443010546419,4.3396535,57.999999999999986,76.68096,-18.680961608886733,0.3220855449808058
4.51085950651685,4.7369375,90.99999999999997,114.08428,-23.084281921386747,0.25367342770754675
4.07753744390572,4.233679,59.000000000000014,68.9705,-9.970497131347642,0.16899147680250237
3.912023005428146,4.059148,49.99999999999999,57.924927,-7.924926757812507,0.15849853515625018
3.7376696182833684,4.2450805,42.00000000000001,69.761375,-27.761375427246087,0.6609851292201449
3.912023005428146,4.0118856,49.99999999999999,55.250957,-5.250957489013679,0.10501914978027359
3.912023005428146,3.949331,49.99999999999999,51.900635,-1.900634765625007,0.03801269531250015
3.912023005428146,4.2048903,49.99999999999999,67.013245,-17.013244628906257,0.3402648925781252
4.605170185988092,4.5118227,100.00000000000004,91.08769,8.912307739257855,0.08912307739257852
3.912023005428146,3.9454384,49.99999999999999,51.698997,-1.6989974975586009,0.03397994995117202
4.31748811353631,4.555994,74.99999999999997,95.20134,-20.201339721679716,0.26935119628906296
3.912023005428146,3.8448992,49.99999999999999,46.75397,3.2460289001464773,0.06492057800292955
4.762173934797756,4.2665215,117.00000000000003,71.27328,45.726722717285185,0.3908266898913263
4.418840607796598,4.1814117,83.00000000000003,65.4582,17.541801452636747,0.21134700545345472
4.31748811353631,4.283203,74.99999999999997,72.472206,2.5277938842773153,0.033703918457030885
3.7376696182833684,3.8773675,42.00000000000001,48.296906,-6.296905517578118,0.14992632184709803
4.605170185988092,3.7901773,100.00000000000004,44.264248,55.73575210571293,0.5573575210571291
3.912023005428146,4.1700397,49.99999999999999,64.71802,-14.718017578125007,0.2943603515625002
4.605170185988092,4.194519,100.00000000000004,66.32182,33.678176879882855,0.33678176879882843
4.605170185988092,4.561943,100.00000000000004,95.76939,4.230613708496136,0.042306137084961344
4.605170185988092,3.8847528,100.00000000000004,48.65491,51.34508895874028,0.5134508895874026
3.912023005428146,4.1777773,49.99999999999999,65.220726,-15.2207260131836,0.30441452026367205
4.060443010546419,4.1281104,57.999999999999986,62.060543,-4.060543060302749,0.0700093631086681
3.8066624897703196,3.7917864,44.99999999999999,44.335533,0.6644668579101491,0.014765930175781095
3.8501476017100584,4.6862116,46.99999999999999,108.44158,-61.441581726074226,1.3072676962994518
3.912023005428146,4.4383287,49.99999999999999,84.63338,-34.63337707519532,0.6926675415039065
4.189654742026425,4.0369816,65.99999999999997,56.655075,9.344924926757784,0.14158977161754224
3.912023005428146,3.8634498,49.99999999999999,47.62938,2.3706207275390554,0.047412414550781115
4.890349128221754,4.270755,133.0,71.57564,61.42436218261719,0.46183730964373826
3.912023005428146,4.0170107,49.99999999999999,55.534847,-5.5348472595214915,0.11069694519042984
3.912023005428146,3.9606218,49.99999999999999,52.489956,-2.4899559020996165,0.04979911804199234
4.8283137373023015,4.650059,125.00000000000004,104.59118,20.408821105957074,0.16327056884765653
3.912023005428146,4.062465,49.99999999999999,58.117405,-8.117404937744148,0.16234809875488299
4.07753744390572,4.0609684,59.000000000000014,58.03048,0.9695205688476705,0.01643255201436729
4.31748811353631,4.0050635,74.99999999999997,54.87531,20.124691009521456,0.26832921346028615
4.5217885770490405,4.2184505,92.00000000000001,67.928154,24.071846008300795,0.261650500090226
4.605170185988092,3.841098,100.00000000000004,46.57659,53.423408508300824,0.534234085083008
4.605170185988092,4.2438674,100.00000000000004,69.676796,30.323204040527386,0.30323204040527374
3.8501476017100584,3.9289374,46.99999999999999,50.852913,-3.8529129028320384,0.0819768702730221
3.713572066704308,4.171395,41.00000000000001,64.80578,-23.80577850341796,0.5806287439858039
3.912023005428146,3.923822,49.99999999999999,50.59344,-0.5934410095214915,0.011868820190429832
3.912023005428146,4.0113435,49.99999999999999,55.22101,-5.221008300781257,0.10442016601562516
4.418840607796598,4.2473063,83.00000000000003,69.916824,13.083175659179716,0.15762862239975556
4.8283137373023015,4.321206,125.00000000000004,75.279366,49.72063446044926,0.397765075683594
4.605170185988092,3.899393,100.00000000000004,49.372475,50.627525329589886,0.5062752532958986
4.31748811353631,4.1702676,74.99999999999997,64.73277,10.267227172851534,0.13689636230468719
3.912023005428146,4.272286,49.99999999999999,71.68532,-21.68531799316407,0.43370635986328143
3.7376696182833684,4.1109047,42.00000000000001,61.00188,-19.001880645751946,0.45242572966076056
3.912023005428146,4.1454377,49.99999999999999,63.145256,-13.145256042480476,0.26290512084960954
3.912023005428146,3.9623644,49.99999999999999,52.581505,-2.581504821777351,0.05163009643554702
4.189654742026425,4.208017,65.99999999999997,67.2231,-1.223098754882841,0.018531799316406687
3.912023005428146,4.1254888,49.99999999999999,61.898056,-11.898056030273445,0.23796112060546892
3.912023005428146,4.065032,49.99999999999999,58.266773,-8.26677322387696,0.16533546447753922
4.31748811353631,4.1107407,74.99999999999997,60.991875,14.008125305175753,0.1867750040690101
3.912023005428146,4.4974513,49.99999999999999,89.787994,-39.78799438476563,0.7957598876953128
4.605170185988092,4.1572523,100.00000000000004,63.895714,36.1042861938477,0.36104286193847684
4.31748811353631,4.116967,74.99999999999997,61.37283,13.627170562744112,0.1816956075032549
3.912023005428146,4.0106115,49.99999999999999,55.180607,-5.180606842041023,0.10361213684082048
3.8066624897703196,4.172152,44.99999999999999,64.85487,-19.85487365722657,0.44121941460503494
3.7376696182833684,3.834786,42.00000000000001,46.28352,-4.28351974487304,0.10198856535411997
4.890349128221754,4.597604,133.0,99.246216,33.7537841796875,0.253787850975094
4.060443010546419,4.3742924,57.999999999999986,79.383644,-21.38364410400392,0.36868351903455043
3.912023005428146,4.4472585,49.99999999999999,85.39252,-35.39251708984376,0.7078503417968752
4.204692619390966,3.9820073,66.99999999999997,53.624565,13.375434875488253,0.19963335635057103
3.912023005428146,4.1216235,49.99999999999999,61.659267,-11.659267425537116,0.23318534851074235
3.912023005428146,3.939517,49.99999999999999,51.393772,-1.3937721252441477,0.02787544250488296
4.204692619390966,4.4727807,66.99999999999997,87.599976,-20.59997558593753,0.3074623221781722
3.713572066704308,4.1054115,41.00000000000001,60.667706,-19.667705535888665,0.4797001350216747
4.07753744390572,3.8839283,59.000000000000014,48.614815,10.385185241699233,0.17602008884235984
4.5217885770490405,4.6034155,92.00000000000001,99.824684,-7.824684143066392,0.08505091459854773
3.912023005428146,4.0464263,49.99999999999999,57.192703,-7.19270324707032,0.1438540649414064
3.970291913552122,4.224167,53.00000000000001,68.317566,-15.317565917968743,0.2890106776975234
4.605170185988092,4.3689494,100.00000000000004,78.96063,21.039367675781293,0.21039367675781284
3.713572066704308,3.9175732,41.00000000000001,50.278282,-9.278282165527337,0.22629956501286183
3.912023005428146,3.9247828,49.99999999999999,50.642075,-0.6420745849609446,0.012841491699218895
4.189654742026425,4.2959876,65.99999999999997,73.40467,-7.40467071533206,0.11219198053533429
4.605170185988092,3.9954844,100.00000000000004,54.35216,45.64783859252934,0.4564783859252932
4.418840607796598,4.091931,83.00000000000003,59.855354,23.144645690917997,0.27885115290262635
4.605170185988092,4.20066,100.00000000000004,66.73038,33.26962280273442,0.33269622802734405
3.912023005428146,3.8586645,49.99999999999999,47.402004,2.5979957580566335,0.05195991516113268
4.605170185988092,3.9081187,100.00000000000004,49.80517,50.194831848144574,0.5019483184814455
3.912023005428146,4.172849,49.99999999999999,64.9001,-14.90010070800782,0.2980020141601564
4.68213122712422,4.485982,108.00000000000003,88.76407,19.235931396484403,0.17811047589337406
4.8283137373023015,4.1031885,125.00000000000004,60.53299,64.46701049804692,0.5157360839843752
4.110873864173311,3.8118973,61.00000000000001,45.236183,15.7638168334961,0.25842322677862456
4.605170185988092,4.131665,100.00000000000004,62.28155,37.71844863891606,0.3771844863891604
3.912023005428146,4.1502943,49.99999999999999,63.45267,-13.452671051025398,0.269053421020508
4.948759890378168,4.460876,141.00000000000003,86.5633,54.43669891357425,0.3860758788196754
3.713572066704308,3.9760435,41.00000000000001,53.30571,-12.30570983886718,0.3001392643626141
4.31748811353631,4.521652,74.99999999999997,91.98746,-16.987457275390653,0.22649943033854214
4.31748811353631,3.916732,74.99999999999997,50.236008,24.763992309570284,0.3301865641276039
4.418840607796598,4.153894,83.00000000000003,63.68149,19.318508148193388,0.23275311021919737
3.912023005428146,4.286145,49.99999999999999,72.68574,-22.68573760986329,0.4537147521972658
4.356708826689592,4.229981,78.0,68.71592,9.284080505371094,0.11902667314578326
3.912023005428146,3.907833,49.99999999999999,49.790943,0.20905685424803977,0.004181137084960796
3.713572066704308,4.1694574,41.00000000000001,64.68035,-23.68035125732421,0.577569542861566
4.060443010546419,4.48454,57.999999999999986,88.63617,-30.636169433593764,0.5282098178205823
4.51085950651685,4.2454243,90.99999999999997,69.78536,21.214637756347628,0.2331278874323916
4.7535901911063645,3.994521,115.99999999999999,54.29982,61.70018005371092,0.5318981039113011
3.912023005428146,3.9536228,49.99999999999999,52.12386,-2.1238594055175852,0.04247718811035171
4.919980925828125,4.2855124,137.00000000000003,72.63976,64.36023712158206,0.4697827527122777
4.31748811353631,4.23343,74.99999999999997,68.95333,6.046669006347628,0.0806222534179684
4.060443010546419,4.144188,57.999999999999986,63.066387,-5.066387176513686,0.08735150304333944
3.912023005428146,4.1218266,49.99999999999999,61.67179,-11.671791076660163,0.2334358215332033
3.912023005428146,3.991316,49.99999999999999,54.126076,-4.126075744628913,0.08252151489257828
4.605170185988092,4.12249,100.00000000000004,61.71271,38.28728866577153,0.38287288665771513
3.912023005428146,4.0232277,49.99999999999999,55.881184,-5.881183624267585,0.11762367248535172
4.204692619390966,3.934667,66.99999999999997,51.145123,15.8548774719238,0.2366399622675195
3.713572066704308,4.385933,41.00000000000001,80.31311,-39.31311035156249,0.9588563500381094
4.0943445622221,4.817265,59.999999999999986,123.62651,-63.6265106201172,1.0604418436686203
4.6913478822291435,4.8005805,108.99999999999997,121.58098,-12.580978393554716,0.11542182012435523
3.912023005428146,4.0960846,49.99999999999999,60.104492,-10.104492187500007,0.20208984375000016
3.7376696182833684,4.0392575,42.00000000000001,56.78417,-14.784168243408196,0.3520040057954332
3.912023005428146,4.2382164,49.99999999999999,69.284164,-19.284164428710945,0.38568328857421896
3.912023005428146,4.161778,49.99999999999999,64.18554,-14.185539245605476,0.28371078491210955
4.02535169073515,3.8691359,56.00000000000002,47.900974,8.09902572631838,0.14462545939854246
4.418840607796598,4.22674,83.00000000000003,68.49357,14.506431579589872,0.1747762840914442
3.912023005428146,4.0274134,49.99999999999999,56.115574,-6.115573883056648,0.12231147766113297
3.912023005428146,4.0730777,49.99999999999999,58.73746,-8.737461090087898,0.17474922180175798
3.8918202981106265,4.0706124,48.99999999999999,58.592834,-9.592834472656257,0.1957721320950257
3.912023005428146,3.953232,49.99999999999999,52.103497,-2.103496551513679,0.04206993103027359
3.7376696182833684,4.0870304,42.00000000000001,59.56275,-17.562751770019524,0.4181607564290362
4.61512051684126,4.6262283,101.00000000000003,102.12814,-1.1281433105468466,0.011169735747988577
3.713572066704308,3.9635055,41.00000000000001,52.641537,-11.641536712646477,0.28393991982064576
4.418840607796598,4.23166,83.00000000000003,68.83139,14.168609619140653,0.17070613998964637
4.31748811353631,3.9776468,74.99999999999997,53.391247,21.608753204345675,0.28811670939127576
3.912023005428146,3.970286,49.99999999999999,52.99968,-2.9996795654296946,0.0599935913085939
4.060443010546419,4.516246,57.999999999999986,91.49148,-33.49147796630861,0.577439275281183
4.31748811353631,4.2535386,74.99999999999997,70.35393,4.646072387695284,0.06194763183593714
4.189654742026425,4.0147314,65.99999999999997,55.408413,10.591587066650362,0.16047859191894495
3.912023005428146,4.0960736,49.99999999999999,60.103832,-10.103832244873054,0.2020766448974611
4.605170185988092,4.4199,100.00000000000004,83.087975,16.9120254516602,0.16912025451660193
3.713572066704308,3.9315662,41.00000000000001,50.986774,-9.986774444580071,0.2435798645019529
4.605170185988092,4.2252254,100.00000000000004,68.38992,31.610076904296918,0.316100769042969
3.912023005428146,3.85804,49.99999999999999,47.372414,2.6275863647460866,0.05255172729492174
4.31748811353631,4.0437293,74.99999999999997,57.038662,17.961338043212862,0.23948450724283826
4.605170185988092,4.2782035,100.00000000000004,72.11078,27.889221191406293,0.2788922119140628
3.713572066704308,3.8678234,41.00000000000001,47.838146,-6.83814620971679,0.16678405389553144
3.912023005428146,4.162342,49.99999999999999,64.221756,-14.22175598144532,0.28443511962890644
4.189654742026425,4.1469855,65.99999999999997,63.24307,2.756931304931612,0.041771686438357776
4.31748811353631,4.119436,74.99999999999997,61.52452,13.475479125976534,0.17967305501302053
4.61512051684126,4.324352,101.00000000000003,75.51655,25.483451843261747,0.2523114043887301
4.31748811353631,3.9900713,74.99999999999997,54.058743,20.941257476806612,0.2792167663574216
4.31748811353631,4.0994763,74.99999999999997,60.308697,14.6913032531738,0.19588404337565074
3.8918202981106265,3.9025726,48.99999999999999,49.52971,-0.5297088623046946,0.010810384944993768
3.912023005428146,4.208192,49.99999999999999,67.23486,-17.234863281250007,0.3446972656250002
4.605170185988092,4.1974044,100.00000000000004,66.513466,33.486534118652386,0.3348653411865237
4.189654742026425,4.3212533,65.99999999999997,75.28292,-9.282920837402372,0.14065031571821782
4.189654742026425,4.0055747,65.99999999999997,54.90337,11.096630096435518,0.16813075903690186
3.912023005428146,4.026124,49.99999999999999,56.043266,-6.043266296386726,0.12086532592773454
4.204692619390966,4.0302224,66.99999999999997,56.273426,10.726573944091768,0.16009811856853393
4.605170185988092,4.0609493,100.00000000000004,58.029373,41.97062683105473,0.41970626831054714
3.912023005428146,3.8712842,49.99999999999999,48.003994,1.9960060119628835,0.03992012023925767
3.912023005428146,4.0926094,49.99999999999999,59.89598,-9.895980834960945,0.19791961669921893
3.912023005428146,4.1822963,49.99999999999999,65.51612,-15.516120910644538,0.3103224182128908
3.912023005428146,4.0881243,49.99999999999999,59.62794,-9.627941131591804,0.1925588226318361
4.31748811353631,4.0642624,74.99999999999997,58.221947,16.778053283691378,0.22370737711588512
4.605170185988092,4.315837,100.00000000000004,74.87626,25.123741149902386,0.25123741149902373
4.605170185988092,4.5660167,100.00000000000004,96.16031,3.8396911621094176,0.03839691162109416
4.31748811353631,4.3768606,74.99999999999997,79.58778,-4.587783813476591,0.06117045084635457
4.605170185988092,3.9147112,100.00000000000004,50.134594,49.865406036376996,0.49865406036376975
3.713572066704308,3.9289722,41.00000000000001,50.854683,-9.854682922363274,0.2403581200576408
4.07753744390572,4.133382,59.000000000000014,62.388554,-3.3885536193847514,0.05743311219296188
3.7376696182833684,3.8983872,42.00000000000001,49.322838,-7.322837829589837,0.17435328165690084
4.060443010546419,4.1007977,57.999999999999986,60.38844,-2.388439178466811,0.04117998583563468
4.605170185988092,4.196417,100.00000000000004,66.447815,33.55218505859379,0.3355218505859378
3.7376696182833684,3.870988,42.00000000000001,47.989773,-5.989772796630852,0.14261363801502028
3.7376696182833684,3.9688728,42.00000000000001,52.92484,-10.924839019775384,0.2601152147565567
3.912023005428146,3.9912364,49.99999999999999,54.121765,-4.121765136718757,0.08243530273437516
3.912023005428146,4.2476053,49.99999999999999,69.93774,-19.937736511230476,0.39875473022460955
4.68213122712422,4.301647,108.00000000000003,73.82129,34.17871093750003,0.3164695457175928
3.912023005428146,4.2438116,49.99999999999999,69.67291,-19.672912597656257,0.39345825195312517
3.871201010907891,3.9353147,48.00000000000001,51.17825,-3.1782493591308523,0.06621352831522608
3.713572066704308,4.2090397,41.00000000000001,67.291885,-26.291885375976555,0.6412654969750379
4.31748811353631,4.893253,74.99999999999997,133.38675,-58.38674926757815,0.7784899902343757
4.189654742026425,4.3101783,65.99999999999997,74.45376,-8.453758239746122,0.12808724605675947
3.8501476017100584,3.8533156,46.99999999999999,47.14913,-0.14913177490235086,0.003173016487284061
3.912023005428146,4.1433325,49.99999999999999,63.01246,-13.012458801269538,0.2602491760253908
3.912023005428146,4.1571913,49.99999999999999,63.891815,-13.891815185546882,0.2778363037109377
3.912023005428146,4.2576966,49.99999999999999,70.64707,-20.647071838378913,0.41294143676757833
3.871201010907891,3.91973,48.00000000000001,50.386837,-2.3868370056152273,0.04972577095031723
4.060443010546419,4.177986,57.999999999999986,65.23435,-7.2343521118164205,0.12473020882442107
4.762173934797756,4.083467,117.00000000000003,59.350883,57.64911651611331,0.49272749159071194
3.713572066704308,3.8652713,41.00000000000001,47.716217,-6.716217041015618,0.1638101717320882
4.31748811353631,4.108575,74.99999999999997,60.85992,14.140079498290987,0.18853439331054656
3.713572066704308,3.9503927,41.00000000000001,51.95577,-10.955768585205071,0.26721386793183094
3.912023005428146,3.9283998,49.99999999999999,50.82558,-0.8255805969238352,0.01651161193847671
4.060443010546419,3.9282138,57.999999999999986,50.81613,7.183868408203111,0.12385980014143297
4.31748811353631,4.0372305,74.99999999999997,56.669178,18.33082199096677,0.244410959879557
3.912023005428146,4.060517,49.99999999999999,58.00428,-8.004280090332038,0.16008560180664078
4.189654742026425,4.0785623,65.99999999999997,59.060493,6.93950653076169,0.10514403834487414
3.912023005428146,4.0857306,49.99999999999999,59.48538,-9.485378265380866,0.18970756530761734
3.912023005428146,4.1963286,49.99999999999999,66.44195,-16.441947937011726,0.32883895874023455
4.7535901911063645,3.9902668,115.99999999999999,54.069313,61.93068695068358,0.5338852323334792
3.713572066704308,4.281396,41.00000000000001,72.341354,-31.34135437011718,0.7644232773199311
3.912023005428146,4.1201906,49.99999999999999,61.570976,-11.570976257324226,0.23141952514648456
4.430816798843313,4.1839485,83.99999999999999,65.62446,18.375541687011705,0.2187564486549013
4.418840607796598,3.855322,83.00000000000003,47.24382,35.75617980957034,0.43079734710325696
4.31748811353631,4.066358,74.99999999999997,58.34409,16.65591049194333,0.2220788065592445
4.060443010546419,4.144875,57.999999999999986,63.109737,-5.109737396240249,0.08809892062483189
3.912023005428146,3.9123063,49.99999999999999,50.014168,-0.014167785644538355,0.00028335571289076714
4.553876891600541,4.7517805,95.0,115.79027,-20.790267944335938,0.21884492572985198
3.7376696182833684,4.1195683,42.00000000000001,61.532677,-19.532676696777337,0.4650637308756508
3.7612001156935624,4.0547595,43.0,57.67129,-14.67129135131836,0.3411928221236828
4.442651256490317,4.1136503,85.00000000000001,61.169598,23.830402374267592,0.28035767499138337
4.060443010546419,4.021317,57.999999999999986,55.774513,2.2254867553710795,0.038370461299501384
3.912023005428146,4.12646,49.99999999999999,61.958206,-11.95820617675782,0.23916412353515643
4.8283137373023015,4.178696,125.00000000000004,65.280685,59.719314575195355,0.47775451660156265
3.912023005428146,4.136413,49.99999999999999,62.577957,-12.57795715332032,0.2515591430664064
3.912023005428146,4.3037753,49.99999999999999,73.97856,-23.978561401367195,0.479571228027344
4.709530201312334,3.8871303,110.99999999999997,48.770725,62.22927474975583,0.5606240968446473
3.912023005428146,4.0441623,49.99999999999999,57.063362,-7.063362121582038,0.1412672424316408
3.871201010907891,4.0012546,48.00000000000001,54.66669,-6.6666908264160085,0.13888939221700017
4.189654742026425,3.9800296,65.99999999999997,53.518616,12.481384277343722,0.18911188299005646
3.912023005428146,3.994062,49.99999999999999,54.274902,-4.274902343750007,0.08549804687500015
4.204692619390966,4.051904,66.99999999999997,57.50686,9.493141174316378,0.1416886742435281
3.912023005428146,3.9366481,49.99999999999999,51.24654,-1.2465400695800852,0.02493080139160171
4.060443010546419,3.8679383,57.999999999999986,47.843643,10.156356811523423,0.17510960019867974
4.605170185988092,3.8380716,100.00000000000004,46.43584,53.56415939331059,0.5356415939331056
3.7376696182833684,3.921781,42.00000000000001,50.49029,-8.490291595458977,0.20214979989188037
4.07753744390572,4.0187707,59.000000000000014,55.632675,3.3673248291015767,0.057073302188162305
3.9889840465642745,4.025689,54.00000000000001,56.018898,-2.018898010253899,0.03738700018988702
3.713572066704308,3.8176022,41.00000000000001,45.494987,-4.494987487792962,0.10963384116568198
3.912023005428146,4.0249586,49.99999999999999,55.977993,-5.9779930114746165,0.11955986022949235
4.060443010546419,3.7628222,57.999999999999986,43.069805,14.930194854736314,0.2574171526678675
3.912023005428146,3.9758422,49.99999999999999,53.294987,-3.2949867248535227,0.06589973449707047
3.912023005428146,3.9248774,49.99999999999999,50.64687,-0.6468696594238352,0.012937393188476707
3.912023005428146,3.8681965,49.99999999999999,47.856,2.144001007080071,0.04288002014160143
3.7376696182833684,3.9517488,42.00000000000001,52.02627,-10.026271820068352,0.23872075762067502
4.8283137373023015,4.183679,125.00000000000004,65.60678,59.39321899414067,0.4751457519531252
3.912023005428146,4.0058074,49.99999999999999,54.916145,-4.916145324707038,0.09832290649414079
3.912023005428146,4.0006685,49.99999999999999,54.634663,-4.634662628173835,0.09269325256347671
3.7376696182833684,4.1430087,42.00000000000001,62.99206,-20.992061614990227,0.49981099083310054
3.912023005428146,3.866005,49.99999999999999,47.751236,2.2487640380859304,0.04497528076171861
4.204692619390966,4.182924,66.99999999999997,65.55725,1.4427490234374716,0.021533567513992123
3.912023005428146,4.0778356,49.99999999999999,59.01759,-9.017589569091804,0.1803517913818361
3.912023005428146,3.9099884,49.99999999999999,49.898373,0.10162734985350852,0.002032546997070171
4.248495242049359,4.27155,70.00000000000003,71.63259,-1.6325912475585653,0.023322732107979496
4.955827057601261,4.4647007,142.00000000000003,86.89502,55.10498046875003,0.3880632427376762
3.912023005428146,4.1360617,49.99999999999999,62.55597,-12.555969238281257,0.2511193847656252
3.912023005428146,4.227829,49.99999999999999,68.56821,-18.568206787109382,0.3713641357421877
3.912023005428146,4.2239494,49.99999999999999,68.30271,-18.302711486816413,0.36605422973632834
3.912023005428146,3.8729274,49.99999999999999,48.08294,1.9170608520507741,0.038341217041015486
4.31748811353631,4.257066,74.99999999999997,70.602516,4.397483825683565,0.058633117675780895
4.204692619390966,4.150471,66.99999999999997,63.463898,3.5361022949218466,0.0527776461928634
4.204692619390966,4.031528,66.99999999999997,56.346943,10.653057098388643,0.15900085221475593
3.912023005428146,4.052936,49.99999999999999,57.566227,-7.566226959228523,0.15132453918457048
4.060443010546419,3.7574782,57.999999999999986,42.840256,15.159744262695298,0.26137490108095346
3.912023005428146,4.054853,49.99999999999999,57.67668,-7.676681518554695,0.1535336303710939
4.8283137373023015,4.1540356,125.00000000000004,63.69051,61.309490203857465,0.49047592163085957
3.713572066704308,3.791453,41.00000000000001,44.320747,-3.320747375488274,0.08099383842654326
4.060443010546419,3.9730747,57.999999999999986,53.14769,4.852310180664048,0.08366052035627672
3.912023005428146,4.1919665,49.99999999999999,66.152756,-16.152755737304695,0.32305511474609394
3.912023005428146,4.008344,49.99999999999999,55.055634,-5.055633544921882,0.10111267089843766
4.605170185988092,4.231662,100.00000000000004,68.83152,31.168479919433636,0.3116847991943362
4.07753744390572,4.244026,59.000000000000014,69.68787,-10.687866210937486,0.18115027476165227
3.9512437185814275,4.092188,52.00000000000001,59.87074,-7.87073898315429,0.1513603650606594
4.605170185988092,4.0489116,100.00000000000004,57.33502,42.66498184204106,0.4266498184204104
3.7376696182833684,4.385893,42.00000000000001,80.3099,-38.30989837646484,0.912140437534877
3.912023005428146,4.182105,49.99999999999999,65.5036,-15.503601074218757,0.3100720214843752
4.605170185988092,4.1585164,100.00000000000004,63.976536,36.0234642028809,0.3602346420288089
4.418840607796598,4.367125,83.00000000000003,78.81671,4.183288574218778,0.050401067159262375
3.912023005428146,4.102008,49.99999999999999,60.461563,-10.46156311035157,0.20923126220703142
3.912023005428146,4.048353,49.99999999999999,57.303013,-7.303012847900398,0.14606025695800798
3.713572066704308,3.9386773,41.00000000000001,51.350636,-10.350635528564446,0.25245452508693766
3.713572066704308,4.172844,41.00000000000001,64.89976,-23.8997573852539,0.5829209118354609
3.713572066704308,4.0181375,41.00000000000001,55.597458,-14.59745788574218,0.3560355581888336
4.060443010546419,4.3664546,57.999999999999986,78.763885,-20.76388549804689,0.35799802582839474
3.7612001156935624,4.176433,43.0,65.13312,-22.13311767578125,0.5147236668786337
4.605170185988092,3.8627493,100.00000000000004,47.596027,52.403972625732465,0.5240397262573244
4.204692619390966,4.074636,66.99999999999997,58.829063,8.170936584472628,0.12195427738018853
4.6913478822291435,3.9829216,108.99999999999997,53.67362,55.32638168334958,0.5075814833334825
3.8066624897703196,3.9776578,44.99999999999999,53.391834,-8.39183425903321,0.1864852057562936
4.31748811353631,4.410853,74.99999999999997,82.33966,-7.339660644531278,0.09786214192708374
4.762173934797756,4.4573064,117.00000000000003,86.25486,30.745140075683622,0.26277897500584285
4.3694478524670215,4.510242,79.0,90.943825,-11.943824768066406,0.15118765529197983
3.912023005428146,3.8623679,49.99999999999999,47.577877,2.4221229553222585,0.04844245910644518
4.04305126783455,4.0185738,57.00000000000001,55.62172,1.3782806396484446,0.024180362099095517
3.912023005428146,4.122359,49.99999999999999,61.70462,-11.704620361328132,0.2340924072265627
3.912023005428146,4.3675,49.99999999999999,78.84625,-28.846252441406257,0.5769250488281252
4.060443010546419,4.119961,57.999999999999986,61.556828,-3.55682754516603,0.06132461284769018
3.912023005428146,4.1130824,49.99999999999999,61.13487,-11.134868621826179,0.2226973724365236
3.912023005428146,3.9321446,49.99999999999999,51.016273,-1.0162734985351634,0.02032546997070327
4.07753744390572,4.1517944,59.000000000000014,63.54793,-4.547931671142564,0.07708358764648411
3.7376696182833684,4.1438947,42.00000000000001,63.047894,-21.047893524169915,0.5011403220040455
3.912023005428146,3.9885924,49.99999999999999,53.978855,-3.9788551330566477,0.07957710266113296
3.7612001156935624,3.9774768,43.0,53.38217,-10.382171630859375,0.2414458518804506
4.31748811353631,4.151202,74.99999999999997,63.510307,11.489692687988253,0.1531959025065101
3.7376696182833684,3.8924837,42.00000000000001,49.032516,-7.03251647949218,0.1674408685593376
3.7376696182833684,4.049574,42.00000000000001,57.373005,-15.373004913330071,0.36602392650785875
4.189654742026425,4.1561346,65.99999999999997,63.824337,2.175662994384737,0.03296459082401118
3.912023005428146,3.9140167,49.99999999999999,50.099785,-0.09978485107422586,0.0019956970214845176
3.912023005428146,4.217542,49.99999999999999,67.86648,-17.8664779663086,0.35732955932617205
4.8283137373023015,4.4958186,125.00000000000004,89.64152,35.358482360839886,0.282867858886719
4.31748811353631,4.1125183,74.99999999999997,61.100395,13.899604797363253,0.18532806396484344
4.060443010546419,4.372888,57.999999999999986,79.27225,-21.27224731445314,0.3667628847319508
3.912023005428146,4.0915112,49.99999999999999,59.830242,-9.830242156982429,0.1966048431396486
3.7376696182833684,4.0066285,42.00000000000001,54.961258,-12.961257934570305,0.30860137939453103
3.912023005428146,4.1448493,49.99999999999999,63.108112,-13.108112335205085,0.26216224670410176
4.418840607796598,4.2139177,83.00000000000003,67.62094,15.379058837890653,0.1852898655167548
3.912023005428146,4.289112,49.99999999999999,72.90171,-22.901710510253913,0.45803421020507834
3.912023005428146,4.057386,49.99999999999999,57.82296,-7.822959899902351,0.15645919799804703
3.912023005428146,4.0928874,49.99999999999999,59.912636,-9.912635803222663,0.1982527160644533
3.912023005428146,4.0993605,49.99999999999999,60.301712,-10.30171203613282,0.20603424072265641
4.189654742026425,4.264442,65.99999999999997,71.12522,-5.125221252441435,0.07765486746123389
4.31748811353631,3.944443,74.99999999999997,51.64756,23.352439880371065,0.31136586507161435
3.7376696182833684,4.017891,42.00000000000001,55.58375,-13.58375167846679,0.323422659011114
3.713572066704308,4.4034934,41.00000000000001,81.73591,-40.735908508300774,0.9935587441048968
4.465908118654584,4.388413,87.0,80.51254,6.487457275390625,0.07456847442977729
4.189654742026425,4.09069,65.99999999999997,59.781136,6.21886444091794,0.09422521880178701
4.8283137373023015,4.3174014,125.00000000000004,74.9935,50.00650024414067,0.4000520019531252
3.912023005428146,4.066183,49.99999999999999,58.33388,-8.333881378173835,0.16667762756347673
4.6913478822291435,4.5140753,108.99999999999997,91.293106,17.70689392089841,0.16244856808163682
4.762173934797756,4.017018,117.00000000000003,55.535244,61.46475601196292,0.5253397949740419
3.713572066704308,4.1945243,41.00000000000001,66.322174,-25.322174072265618,0.617614001762576
4.68213122712422,4.3628387,108.00000000000003,78.4796,29.52040100097659,0.2733370463053387
4.9344739331306915,4.4537024,138.99999999999997,85.944565,53.055435180664034,0.3816937782781586
4.204692619390966,4.073516,66.99999999999997,58.763206,8.236793518066378,0.12293721668755793
4.605170185988092,4.190104,100.00000000000004,66.029655,33.970344543457074,0.3397034454345706
4.060443010546419,4.118351,57.999999999999986,61.457813,-3.4578132629394673,0.059617470050680486
3.912023005428146,4.188075,49.99999999999999,65.89582,-15.895820617675788,0.3179164123535158
3.912023005428146,4.0144024,49.99999999999999,55.390182,-5.390182495117195,0.10780364990234391
4.31748811353631,4.053991,74.99999999999997,57.62698,17.373020172119112,0.23164026896158826
3.912023005428146,4.0057383,49.99999999999999,54.91235,-4.9123497009277415,0.09824699401855484
3.7376696182833684,3.9518383,42.00000000000001,52.030926,-10.030925750732415,0.23883156549362888
3.912023005428146,4.0673656,49.99999999999999,58.402905,-8.402904510498054,0.1680580902099611
4.060443010546419,4.4465265,57.999999999999986,85.33004,-27.330039978027358,0.471207585828058
3.713572066704308,4.1267557,41.00000000000001,61.97653,-20.976528167724602,0.5116226382371853
3.7376696182833684,3.9362147,42.00000000000001,51.224335,-9.224334716796868,0.21962701706659205
4.605170185988092,4.0280933,100.00000000000004,56.153744,43.84625625610356,0.4384625625610354
3.912023005428146,4.0734825,49.99999999999999,58.761242,-8.761241912841804,0.1752248382568361
4.605170185988092,4.0884595,100.00000000000004,59.647934,40.352066040039105,0.40352066040039086
4.07753744390572,3.9627008,59.000000000000014,52.599197,6.400802612304702,0.10848817986957118
3.912023005428146,4.4380035,49.99999999999999,84.60586,-34.6058578491211,0.6921171569824222
4.31748811353631,4.047649,74.99999999999997,57.26267,17.73733139038083,0.23649775187174452
3.912023005428146,3.8705254,49.99999999999999,47.96758,2.0324211120605398,0.0406484222412108
4.430816798843313,4.113316,83.99999999999999,61.149155,22.85084533691405,0.27203387305850063
4.31748811353631,4.09603,74.99999999999997,60.101227,14.898773193359347,0.19865030924479135
4.060443010546419,3.986538,57.999999999999986,53.868073,4.131927490234361,0.07124012914197175
3.713572066704308,4.1801805,41.00000000000001,65.377655,-24.377655029296868,0.5945769519340699
4.605170185988092,4.378319,100.00000000000004,79.70392,20.296081542968793,0.20296081542968783
3.912023005428146,4.1595917,49.99999999999999,64.045364,-14.04536437988282,0.28090728759765643
3.7376696182833684,3.9666948,42.00000000000001,52.809696,-10.809696197509759,0.25737371898832756
4.060443010546419,4.019894,57.999999999999986,55.69521,2.3047904968261577,0.0397377671866579
3.912023005428146,4.3047533,49.99999999999999,74.05094,-24.050941467285163,0.48101882934570334
4.418840607796598,3.994119,83.00000000000003,54.277996,28.722003936767607,0.34604824020201924
4.442651256490317,4.2831383,85.00000000000001,72.46751,12.532493591308608,0.1474411010742189
3.7376696182833684,4.315223,42.00000000000001,74.83032,-32.83032226562499,0.7816743396577378
4.418840607796598,4.115432,83.00000000000003,61.278667,21.721332550048857,0.26170280180781746
3.912023005428146,4.041151,49.99999999999999,56.89179,-6.891788482666023,0.13783576965332048
3.912023005428146,3.9722838,49.99999999999999,53.10568,-3.1056785583496165,0.062113571166992336
4.31748811353631,4.108847,74.99999999999997,60.876495,14.123504638671847,0.18831339518229137
3.713572066704308,4.431115,41.00000000000001,84.02506,-43.02506256103515,1.0493917697813449
3.912023005428146,4.155806,49.99999999999999,63.803375,-13.803375244140632,0.2760675048828127
4.8283137373023015,4.198308,125.00000000000004,66.57359,58.426406860351605,0.46741125488281265
4.605170185988092,4.2909255,100.00000000000004,73.03403,26.965972900390668,0.26965972900390656
4.7535901911063645,4.5448065,115.99999999999999,94.142204,21.857795715332017,0.18842927340803464
3.828641396489095,4.289475,46.0,72.92817,-26.92816925048828,0.585394983706267
3.912023005428146,3.8700979,49.99999999999999,47.94708,2.0529212951660085,0.04105842590332018
4.204692619390966,4.132016,66.99999999999997,62.30341,4.696590423583956,0.07009836453110385
3.713572066704308,3.9289632,41.00000000000001,50.854225,-9.8542251586914,0.2403469550900341
4.8283137373023015,4.39654,125.00000000000004,81.16955,43.830451965332074,0.35064361572265645
3.912023005428146,3.9809701,49.99999999999999,53.568977,-3.5689773559570384,0.07137954711914078
3.713572066704308,4.128974,41.00000000000001,62.11416,-21.114158630371087,0.5149794787895386
4.07753744390572,3.9640896,59.000000000000014,52.672295,6.3277053833007955,0.10724924378475922
3.7376696182833684,3.9749866,42.00000000000001,53.2494,-11.24940109252929,0.26784288315545923
4.31748811353631,3.9926069,74.99999999999997,54.195988,20.804012298583956,0.2773868306477862
4.31748811353631,4.0711646,74.99999999999997,58.6252,16.37480163574216,0.2183306884765622
4.605170185988092,4.3897257,100.00000000000004,80.6183,19.38169860839848,0.19381698608398473
4.605170185988092,4.136612,100.00000000000004,62.5904,37.40959930419926,0.3740959930419925
3.7376696182833684,4.158565,42.00000000000001,63.97965,-21.979648590087884,0.5233249664306638
3.713572066704308,3.9367135,41.00000000000001,51.24989,-10.24988937377929,0.24999730179949484
3.912023005428146,3.955882,49.99999999999999,52.241756,-2.2417564392089915,0.044835128784179834
4.127134385045092,4.253904,62.00000000000001,70.37963,-8.379631042480462,0.13515533939484614
3.912023005428146,3.9002073,49.99999999999999,49.41269,0.5873107910156179,0.011746215820312359
4.31748811353631,4.1136065,74.99999999999997,61.166916,13.833084106445284,0.18444112141927052
3.713572066704308,4.035208,41.00000000000001,56.554695,-15.554695129394524,0.3793828080340127
3.912023005428146,4.0118537,49.99999999999999,55.24919,-5.249191284179695,0.1049838256835939
3.912023005428146,3.9440396,49.99999999999999,51.62673,-1.6267318725586009,0.03253463745117202
3.713572066704308,4.0921893,41.00000000000001,59.870823,-18.870822906494134,0.4602639733291251
4.605170185988092,4.279584,100.00000000000004,72.21039,27.789611816406293,0.2778961181640628
4.060443010546419,4.1058044,57.999999999999986,60.691547,-2.6915473937988423,0.046405989548255915
3.912023005428146,3.943417,49.99999999999999,51.594604,-1.594604492187507,0.031892089843750145
3.912023005428146,3.8692734,49.99999999999999,47.907566,2.0924339294433523,0.04184867858886705
4.51085950651685,4.063922,90.99999999999997,58.20213,32.7978706359863,0.3604161608350144
3.912023005428146,4.1441355,49.99999999999999,63.06308,-13.063079833984382,0.2612615966796877
3.912023005428146,3.8881338,49.99999999999999,48.81969,1.1803092956542898,0.0236061859130858
4.31748811353631,4.0635185,74.99999999999997,58.178654,16.821346282958956,0.2242846171061195
3.7376696182833684,4.1220407,42.00000000000001,61.684998,-19.684997558593743,0.4686904180617557
4.31748811353631,4.6690717,74.99999999999997,106.59874,-31.598739624023466,0.421316528320313
4.418840607796598,4.3917193,83.00000000000003,80.77919,2.220809936523466,0.02675674622317428
4.51085950651685,4.298576,90.99999999999997,73.59491,17.40509033203122,0.19126472892342009
4.605170185988092,4.1140833,100.00000000000004,61.19609,38.803909301757855,0.3880390930175784
3.912023005428146,3.8969662,49.99999999999999,49.2528,0.7472000122070241,0.014944000244140485
3.912023005428146,3.805627,49.99999999999999,44.95343,5.046569824218743,0.10093139648437487
4.418840607796598,4.026851,83.00000000000003,56.084034,26.915966033935575,0.32428874739681407
3.912023005428146,4.220274,49.99999999999999,68.052124,-18.052124023437507,0.3610424804687502
3.912023005428146,3.8964703,49.99999999999999,49.228382,0.7716178894042898,0.015432357788085797
3.912023005428146,3.9241056,49.99999999999999,50.607796,-0.6077957153320384,0.012155914306640769
4.060443010546419,4.0043483,57.999999999999986,54.836075,3.1639251708984233,0.05455043398100731
4.060443010546419,4.1365747,57.999999999999986,62.588074,-4.588073730468764,0.07910471949084079
3.713572066704308,3.984083,41.00000000000001,53.73599,-12.735988616943352,0.31063386870593535
4.605170185988092,4.2346835,100.00000000000004,69.039825,30.960174560546918,0.30960174560546905
3.912023005428146,4.14768,49.99999999999999,63.28699,-13.286991119384773,0.2657398223876955
4.31748811353631,4.2524657,74.99999999999997,70.27849,4.721511840820284,0.06295349121093714
3.912023005428146,4.219508,49.99999999999999,68.00003,-18.000030517578132,0.36000061035156267
3.912023005428146,4.2205005,49.99999999999999,68.06754,-18.067543029785163,0.3613508605957033
4.31748811353631,4.016713,74.99999999999997,55.518326,19.48167419433591,0.2597556559244789
3.8066624897703196,4.222549,44.99999999999999,68.20712,-23.207122802734382,0.5157138400607642
4.418840607796598,3.707133,83.00000000000003,40.736847,42.2631530761719,0.5091946153755649
4.31748811353631,3.9644766,74.99999999999997,52.69268,22.307319641113253,0.2974309285481768
4.31748811353631,4.0818477,74.99999999999997,59.254852,15.745147705078097,0.2099353027343747
3.7376696182833684,3.9638567,42.00000000000001,52.66003,-10.660030364990227,0.2538102467854816
4.605170185988092,4.079901,100.00000000000004,59.13963,40.86037063598637,0.40860370635986354
3.912023005428146,4.143195,49.99999999999999,63.003807,-13.0038070678711,0.2600761413574221
4.762173934797756,4.569994,117.00000000000003,96.543526,20.456474304199247,0.17484166071965165
3.713572066704308,3.7734122,41.00000000000001,43.52834,-2.528339385986321,0.061666814292349284
4.890349128221754,4.5020847,133.0,90.20499,42.795013427734375,0.3217670182536419
4.605170185988092,4.0256543,100.00000000000004,56.01695,43.98305130004887,0.43983051300048853
4.7535901911063645,3.9433987,115.99999999999999,51.593655,64.40634536743163,0.5552271152364796
4.189654742026425,4.194164,65.99999999999997,66.29827,-0.29827117919924717,0.004519260290897687
4.890349128221754,4.5370655,133.0,93.41627,39.58373260498047,0.2976220496615073
4.174387269895637,3.9768088,64.99999999999999,53.346523,11.653476715087876,0.17928425715519813
4.31748811353631,3.859551,74.99999999999997,47.444042,27.555957794189425,0.36741277058919247
3.713572066704308,4.3423004,41.00000000000001,76.8842,-35.88420104980468,0.8752244158488945
4.605170185988092,4.345913,100.00000000000004,77.16245,22.837547302246136,0.22837547302246128
3.912023005428146,4.1842384,49.99999999999999,65.64349,-15.643493652343757,0.3128698730468752
3.7376696182833684,4.602666,42.00000000000001,99.749886,-57.749885559082024,1.3749972752162385
4.553876891600541,4.5574017,95.0,95.33544,-0.33544158935546875,0.003530964098478618
4.418840607796598,4.6118183,83.00000000000003,100.66703,-17.667030334472628,0.21285578716232073
3.7376696182833684,3.9766731,42.00000000000001,53.339287,-11.339286804199212,0.26998301914760026
4.31748811353631,4.0990486,74.99999999999997,60.28291,14.717090606689425,0.19622787475585907
3.7376696182833684,3.9058266,42.00000000000001,49.691135,-7.6911354064941335,0.18312227158319364
4.605170185988092,3.9378965,100.00000000000004,51.310555,48.68944549560551,0.48689445495605493
4.418840607796598,4.045359,83.00000000000003,57.1317,25.86830139160159,0.31166628182652506
3.713572066704308,3.9763427,41.00000000000001,53.321663,-12.321662902832024,0.30052836348370787
3.912023005428146,4.236444,49.99999999999999,69.161476,-19.161476135253913,0.3832295227050783
4.189654742026425,4.1914597,65.99999999999997,66.11923,-0.11923217773440342,0.0018065481474909618
4.31748811353631,4.0207615,74.99999999999997,55.743538,19.25646209716794,0.2567528279622393
4.8283137373023015,4.471044,125.00000000000004,87.447975,37.552024841308636,0.300416198730469
3.912023005428146,4.484726,49.99999999999999,88.65265,-38.65264892578126,0.7730529785156253
4.31748811353631,4.368337,74.99999999999997,78.9123,-3.9123001098633097,0.05216400146484415
4.605170185988092,4.0693355,100.00000000000004,58.518063,41.48193740844731,0.4148193740844729
3.912023005428146,3.9582255,49.99999999999999,52.364323,-2.3643226623535227,0.04728645324707046
4.204692619390966,3.9663737,66.99999999999997,52.79274,14.207260131835909,0.21204865868411812
4.204692619390966,4.150471,66.99999999999997,63.463898,3.5361022949218466,0.0527776461928634
4.189654742026425,4.055098,65.99999999999997,57.69082,8.309181213378878,0.12589668505119517
3.912023005428146,3.9014647,49.99999999999999,49.47486,0.5251388549804616,0.010502777099609234
3.713572066704308,4.2884064,41.00000000000001,72.85028,-31.850280761718743,0.7768361161394814
4.605170185988092,4.05073,100.00000000000004,57.439384,42.560615539550824,0.42560615539550806
4.31748811353631,3.9443953,74.99999999999997,51.6451,23.354900360107393,0.3113986714680987
3.912023005428146,3.9186385,49.99999999999999,50.33187,-0.33187103271485086,0.006637420654297018
3.912023005428146,3.9946043,49.99999999999999,54.30435,-4.304351806640632,0.08608703613281266
4.31748811353631,3.7907763,74.99999999999997,44.290768,30.709232330322237,0.4094564310709633
4.605170185988092,4.5423813,100.00000000000004,93.91417,6.085830688476605,0.060858306884766025
4.189654742026425,4.105294,65.99999999999997,60.66059,5.33940887451169,0.08090013446229838
3.713572066704308,4.014974,41.00000000000001,55.42186,-14.42185974121093,0.3517526766149007
4.189654742026425,4.011482,65.99999999999997,55.228645,10.77135467529294,0.16320234356504462
4.68213122712422,4.2997985,108.00000000000003,73.684944,34.315055847168,0.31773199858488876
3.912023005428146,4.2257547,49.99999999999999,68.426125,-18.426124572753913,0.3685224914550783
3.912023005428146,3.9770296,49.99999999999999,53.3583,-3.358299255371101,0.06716598510742203
3.7376696182833684,3.951344,42.00000000000001,52.005215,-10.005214691162102,0.23821939740862144
4.605170185988092,4.1097684,100.00000000000004,60.932602,39.067398071289105,0.3906739807128909
3.912023005428146,4.092791,49.99999999999999,59.906864,-9.906864166259773,0.19813728332519548
3.8918202981106265,3.9593627,48.99999999999999,52.42391,-3.4239082336425852,0.0698756782376038
4.418840607796598,4.2781854,83.00000000000003,72.10947,10.890533447265653,0.13121124635259818
3.7376696182833684,3.8119807,42.00000000000001,45.23996,-3.239959716796868,0.07714189801897303
4.564348191467836,4.0843964,95.99999999999999,59.406067,36.593933105468736,0.38118680318196607
4.31748811353631,4.081316,74.99999999999997,59.223354,15.776645660400362,0.21035527547200492
3.912023005428146,4.239169,49.99999999999999,69.350204,-19.350204467773445,0.3870040893554689
4.060443010546419,4.3804393,57.999999999999986,79.873116,-21.873115539550795,0.3771226817163931
4.189654742026425,4.2812257,65.99999999999997,72.32904,-6.329040527343778,0.09589455344460275
4.31748811353631,4.2100644,74.99999999999997,67.36088,7.639122009277315,0.10185496012369757
3.828641396489095,4.00085,46.0,54.64459,-8.644588470458984,0.18792583631432574
3.912023005428146,4.10527,49.99999999999999,60.659115,-10.659114837646491,0.21318229675292985
3.713572066704308,3.9365537,41.00000000000001,51.241703,-10.241703033447259,0.2497976349621282
4.68213122712422,4.335633,108.00000000000003,76.373276,31.62672424316409,0.29284003928855634
3.912023005428146,3.9786732,49.99999999999999,53.446075,-3.446075439453132,0.06892150878906265
4.605170185988092,3.8701048,100.00000000000004,47.94741,52.05258941650395,0.5205258941650392
4.605170185988092,4.0238466,100.00000000000004,55.91578,44.08422088623051,0.4408422088623049
4.418840607796598,4.248157,83.00000000000003,69.976326,13.023674011230497,0.15691173507506617
4.605170185988092,4.403326,100.00000000000004,81.72223,18.277770996093793,0.18277770996093784
3.713572066704308,3.8947902,41.00000000000001,49.14574,-8.145740509033196,0.19867659778129743
3.912023005428146,4.047795,49.99999999999999,57.271023,-7.2710227966308665,0.14542045593261735
3.912023005428146,4.0614967,49.99999999999999,58.06115,-8.061149597167976,0.16122299194335954
4.31748811353631,4.098805,74.99999999999997,60.268223,14.731777191162081,0.19642369588216116
3.7376696182833684,4.1103263,42.00000000000001,60.966606,-18.96660614013671,0.45158586047944543
4.31748811353631,4.249326,74.99999999999997,70.0582,4.941802978515597,0.06589070638020798
4.060443010546419,3.8865771,57.999999999999986,48.743755,9.256244659423814,0.1595904251624796
4.77912349311153,3.8877034,119.00000000000003,48.798687,70.20131301879886,0.5899270001579734
4.189654742026425,4.187059,65.99999999999997,65.828896,0.17110443115231533,0.0025924913810956877
3.912023005428146,4.279801,49.99999999999999,72.22606,-22.226058959960945,0.44452117919921896
3.912023005428146,4.294256,49.99999999999999,73.277695,-23.277694702148445,0.465553894042969
3.912023005428146,4.1033616,49.99999999999999,60.54347,-10.543468475341804,0.2108693695068361
4.605170185988092,3.9861658,100.00000000000004,53.848026,46.15197372436528,0.4615197372436526
3.912023005428146,3.9975836,49.99999999999999,54.46638,-4.466381072998054,0.08932762145996109
4.060443010546419,4.2024837,57.999999999999986,66.852165,-8.852165222167983,0.15262353831324113
3.912023005428146,4.155794,49.99999999999999,63.802612,-13.802612304687507,0.2760522460937502
3.7376696182833684,3.8119617,42.00000000000001,45.239094,-3.239093780517571,0.07712128048851358
4.605170185988092,4.3307424,100.00000000000004,76.00069,23.99931335449223,0.2399931335449222
4.8283137373023015,4.4030504,125.00000000000004,81.69971,43.30029296875004,0.34640234375000023
3.713572066704308,3.9585135,41.00000000000001,52.379406,-11.37940597534179,0.27754648720345826
4.07753744390572,4.158603,59.000000000000014,63.98209,-4.982089996337876,0.0844422033277606
4.31748811353631,4.202711,74.99999999999997,66.86737,8.132629394531222,0.10843505859374966
3.912023005428146,4.191829,49.99999999999999,66.14367,-16.143669128417976,0.32287338256835957
4.07753744390572,4.1084056,59.000000000000014,60.84962,-1.8496208190917827,0.03134950540833529
3.713572066704308,4.296209,41.00000000000001,73.42091,-32.420913696289055,0.7907539925924159
3.912023005428146,4.070211,49.99999999999999,58.569317,-8.569316864013679,0.1713863372802736
3.871201010907891,3.7942765,48.00000000000001,44.446068,3.5539321899414134,0.07404025395711276
3.912023005428146,4.1492124,49.99999999999999,63.384056,-13.3840560913086,0.26768112182617204
3.713572066704308,4.0319195,41.00000000000001,56.369007,-15.369007110595696,0.3748538319657486
4.31748811353631,4.160564,74.99999999999997,64.107666,10.892333984374972,0.14523111979166634
4.605170185988092,4.06563,100.00000000000004,58.301624,41.69837570190434,0.4169837570190432
3.912023005428146,4.0444922,49.99999999999999,57.082195,-7.082195281982429,0.1416439056396486
3.912023005428146,3.9585738,49.99999999999999,52.382565,-2.3825645446777415,0.04765129089355483
3.713572066704308,3.9633265,41.00000000000001,52.632114,-11.632114410400384,0.283710107570741
3.912023005428146,3.9733453,49.99999999999999,53.162075,-3.1620750427246165,0.06324150085449234
4.418840607796598,4.1809163,83.00000000000003,65.42577,17.57422637939456,0.21173766722162113
4.948759890378168,4.2693334,141.00000000000003,71.473976,69.52602386474612,0.49309236783507876
4.31748811353631,4.018232,74.99999999999997,55.602707,19.397293090820284,0.2586305745442706
4.890349128221754,4.654222,133.0,105.02748,27.972518920898438,0.21031969113457472
3.912023005428146,4.0146966,49.99999999999999,55.406483,-5.40648269653321,0.10812965393066422
3.912023005428146,4.039263,49.99999999999999,56.784466,-6.784465789794929,0.1356893157958986
3.7376696182833684,4.120291,42.00000000000001,61.57717,-19.577171325683587,0.4661231268019901
3.912023005428146,4.248801,49.99999999999999,70.02142,-20.021423339843757,0.4004284667968752
4.060443010546419,4.2466745,57.999999999999986,69.872665,-11.872665405273452,0.20470112767712853
4.8283137373023015,4.206107,125.00000000000004,67.09484,57.905158996582074,0.4632412719726564
3.912023005428146,4.1614604,49.99999999999999,64.16516,-14.165161132812507,0.2833032226562502
4.605170185988092,3.8634999,100.00000000000004,47.631767,52.368232727050824,0.523682327270508
4.553876891600541,4.490447,95.0,89.16129,5.838706970214844,0.061460073370682565
3.713572066704308,4.2216635,41.00000000000001,68.14675,-27.146751403808587,0.6621158878977703
3.912023005428146,3.8306708,49.99999999999999,46.09345,3.9065513610839773,0.07813102722167956
4.204692619390966,4.1668844,66.99999999999997,64.51414,2.4858627319335653,0.03710242883482935
4.204692619390966,4.391277,66.99999999999997,80.74345,-13.743446350097685,0.2051260649268312
4.07753744390572,4.2208905,59.000000000000014,68.09409,-9.094093322753892,0.15413717496193033
3.8501476017100584,3.95635,46.99999999999999,52.26621,-5.266208648681648,0.11204699252514146
4.430816798843313,3.9629962,83.99999999999999,52.61474,31.385261535644517,0.37363406590053005
3.912023005428146,4.3518863,49.99999999999999,77.62475,-27.624748229980476,0.5524949645996096
4.060443010546419,4.3483253,57.999999999999986,77.348816,-19.348815917968764,0.3336002744477374
3.912023005428146,4.042872,49.99999999999999,56.98978,-6.989780426025398,0.13979560852050799
3.912023005428146,4.1360183,49.99999999999999,62.553257,-12.553256988525398,0.251065139770508
3.912023005428146,4.3130646,49.99999999999999,74.66897,-24.6689682006836,0.4933793640136721
3.912023005428146,3.96582,49.99999999999999,52.763523,-2.7635231018066477,0.055270462036132964
3.912023005428146,4.0532937,49.99999999999999,57.58682,-7.5868186950683665,0.15173637390136735
4.68213122712422,4.320172,108.00000000000003,75.201546,32.798454284668,0.3036893915247036
4.31748811353631,3.7951763,74.99999999999997,44.486076,30.513923645019503,0.40685231526692683
4.060443010546419,4.2782803,57.999999999999986,72.11631,-14.11631011962892,0.24338465723498146
4.68213122712422,4.524307,108.00000000000003,92.231964,15.768035888671903,0.14600033230251758
3.7376696182833684,3.951344,42.00000000000001,52.005215,-10.005214691162102,0.23821939740862144
4.948759890378168,4.3290462,141.00000000000003,75.87189,65.12811279296878,0.46190150916999123
4.8283137373023015,3.7606509,125.00000000000004,42.97639,82.023609161377,0.6561888732910157
3.912023005428146,3.9825191,49.99999999999999,53.652023,-3.6520233154296946,0.0730404663085939
3.713572066704308,4.177126,41.00000000000001,65.17825,-24.178253173828118,0.5897134920445881
3.912023005428146,4.178131,49.99999999999999,65.243805,-15.243804931640632,0.3048760986328127
3.713572066704308,4.275932,41.00000000000001,71.94715,-30.947151184082024,0.7548085654654151
4.189654742026425,4.1235485,65.99999999999997,61.778072,4.221927642822237,0.0639686006488218
4.189654742026425,4.0825534,65.99999999999997,59.296684,6.703315734863253,0.10156538992217054
4.605170185988092,4.189054,100.00000000000004,65.960365,34.039634704589886,0.3403963470458987
4.07753744390572,4.2640443,59.000000000000014,71.09694,-12.096939086914048,0.20503286587989908
3.912023005428146,4.054504,49.99999999999999,57.656555,-7.656555175781257,0.15313110351562517
4.605170185988092,3.9845662,100.00000000000004,53.761963,46.23803710937504,0.46238037109375024
3.8918202981106265,3.9385672,48.99999999999999,51.34498,-2.3449783325195384,0.047856700663664056
3.912023005428146,3.8121245,49.99999999999999,45.246464,4.753536224365227,0.09507072448730455
4.31748811353631,4.1726074,74.99999999999997,64.884415,10.115585327148409,0.1348744710286455
3.912023005428146,3.8168685,49.99999999999999,45.461624,4.53837585449218,0.09076751708984362
4.31748811353631,4.352034,74.99999999999997,77.63622,-2.636222839355497,0.03514963785807331
3.912023005428146,4.0393534,49.99999999999999,56.789608,-6.7896080017089915,0.13579216003417985
4.31748811353631,4.343169,74.99999999999997,76.95103,-1.9510269165039347,0.02601369222005247
3.8501476017100584,4.011887,46.99999999999999,55.251034,-8.251033782958991,0.17555391027572326
3.912023005428146,4.0647197,49.99999999999999,58.248577,-8.248577117919929,0.16497154235839862
4.8283137373023015,3.9661896,125.00000000000004,52.783024,72.21697616577153,0.577735809326172
3.8066624897703196,4.182106,44.99999999999999,65.50366,-20.503662109375007,0.45563693576388914
4.7535901911063645,4.6724977,115.99999999999999,106.96458,9.03542327880858,0.07789157998972915
3.912023005428146,4.023333,49.99999999999999,55.88707,-5.887069702148445,0.1177413940429689
4.31748811353631,4.081582,74.99999999999997,59.239117,15.7608833312988,0.21014511108398407
3.912023005428146,4.130183,49.99999999999999,62.189316,-12.189315795898445,0.24378631591796893
4.418840607796598,3.8929532,83.00000000000003,49.055542,33.94445800781253,0.4089693735881026
4.189654742026425,4.042817,65.99999999999997,56.986656,9.013343811035128,0.13656581531871412
4.31748811353631,4.3262005,74.99999999999997,75.65628,-0.6562805175781534,0.008750406901042049
4.189654742026425,4.2769537,65.99999999999997,72.020706,-6.020706176757841,0.09122282085996733
3.713572066704308,3.9966893,41.00000000000001,54.41769,-13.417690277099602,0.3272607384658439
3.912023005428146,4.126907,49.99999999999999,61.985897,-11.985897064208991,0.23971794128417986
3.7376696182833684,4.3394914,42.00000000000001,76.66853,-34.668533325195305,0.8254412696475071
4.060443010546419,4.397944,57.999999999999986,81.28358,-23.283576965332045,0.4014409821608974
4.189654742026425,4.3393593,65.99999999999997,76.65841,-10.658409118652372,0.16149104725230873
3.7376696182833684,3.9235537,42.00000000000001,50.579872,-8.57987213134765,0.20428266979399162
4.5217885770490405,4.503571,92.00000000000001,90.33916,1.6608428955078267,0.01805264016856333
3.970291913552122,3.8028371,53.00000000000001,44.828186,8.171813964843757,0.1541851691479954
4.189654742026425,3.9176865,65.99999999999997,50.283978,15.71602249145505,0.2381215529008342
4.060443010546419,4.218009,57.999999999999986,67.89816,-9.89816284179689,0.1706579800309809
3.912023005428146,3.8716872,49.99999999999999,48.023342,1.9766578674316335,0.03953315734863268
3.912023005428146,3.9897096,49.99999999999999,54.039196,-4.039196014404304,0.08078392028808609
4.060443010546419,4.4114084,57.999999999999986,82.385414,-24.38541412353517,0.42043817454370996
4.605170185988092,4.079984,100.00000000000004,59.144535,40.85546493530278,0.4085546493530276
4.8283137373023015,4.158314,125.00000000000004,63.963604,61.03639602661137,0.4882911682128908
3.912023005428146,3.9807835,49.99999999999999,53.55898,-3.5589790344238352,0.07117958068847671
3.912023005428146,3.9529006,49.99999999999999,52.08623,-2.0862312316894602,0.04172462463378921
4.418840607796598,4.1244907,83.00000000000003,61.83631,21.163688659667997,0.25498420071889144
3.713572066704308,4.322161,41.00000000000001,75.3513,-34.35130310058593,0.8378366609899006
3.912023005428146,3.94809,49.99999999999999,51.83627,-1.8362693786621165,0.036725387573242334
4.31748811353631,4.110505,74.99999999999997,60.97751,14.022491455078097,0.18696655273437468
3.713572066704308,4.0475245,41.00000000000001,57.255543,-16.255542755126946,0.3964766525640718
3.912023005428146,3.8947482,49.99999999999999,49.143677,0.8563232421874929,0.01712646484374986
3.912023005428146,4.0353284,49.99999999999999,56.561493,-6.561492919921882,0.13122985839843765
3.912023005428146,4.52425,49.99999999999999,92.22673,-42.226730346679695,0.8445346069335941
4.31748811353631,3.9296591,74.99999999999997,50.88963,24.1103706359863,0.32147160847981743
4.709530201312334,4.502739,110.99999999999997,90.26402,20.735977172851534,0.18681060516082468
3.7376696182833684,4.039017,42.00000000000001,56.770523,-14.770523071289055,0.3516791207449774
3.912023005428146,3.7810755,49.99999999999999,43.86319,6.136810302734368,0.12273620605468738
3.912023005428146,3.9727323,49.99999999999999,53.129498,-3.129497528076179,0.06258995056152358
4.31748811353631,3.967905,74.99999999999997,52.873646,22.12635421752927,0.2950180562337237
4.430816798843313,4.0753875,83.99999999999999,58.873287,25.12671279907225,0.29912753332228875
4.07753744390572,4.2244034,59.000000000000014,68.333725,-9.333724975585923,0.15819872839976137
4.189654742026425,4.0691524,65.99999999999997,58.507347,7.492652893066378,0.1135250438343391
4.31748811353631,4.230351,74.99999999999997,68.741356,6.258644104003878,0.08344858805338506
3.912023005428146,3.8793564,49.99999999999999,48.39306,1.6069412231445241,0.032138824462890486
4.762173934797756,4.291223,117.00000000000003,73.05576,43.94423675537112,0.37559176713992404
4.060443010546419,4.012867,57.999999999999986,55.305202,2.6947975158691264,0.04646202613567461
3.713572066704308,4.0637784,41.00000000000001,58.193775,-17.193775177001946,0.4193603701707791
3.713572066704308,4.1443133,41.00000000000001,63.074295,-22.074295043945305,0.5383974400962269
4.31748811353631,3.9965374,74.99999999999997,54.409428,20.590572357177706,0.2745409647623695
4.418840607796598,4.084606,83.00000000000003,59.418533,23.581466674804716,0.2841140563229483
3.912023005428146,4.1445837,49.99999999999999,63.09135,-13.091350555419929,0.2618270111083986
3.912023005428146,4.028728,49.99999999999999,56.189392,-6.189392089843757,0.12378784179687516
3.713572066704308,4.113768,41.00000000000001,61.176804,-20.17680358886718,0.49211716070407746
3.7376696182833684,3.9362147,42.00000000000001,51.224335,-9.224334716796868,0.21962701706659205
4.31748811353631,4.2883124,74.99999999999997,72.84344,2.156562805175753,0.028754170735676716
3.912023005428146,4.3002143,49.99999999999999,73.71559,-23.71559143066407,0.47431182861328147
4.31748811353631,4.3971124,74.99999999999997,81.21601,-6.21601104736331,0.0828801472981775
4.31748811353631,3.942152,74.99999999999997,51.529373,23.47062683105466,0.3129416910807289
4.418840607796598,4.2914,83.00000000000003,73.06869,9.931312561035185,0.11965436820524315
4.060443010546419,4.3128805,57.999999999999986,74.65523,-16.655227661132827,0.2871590976057385
4.605170185988092,4.34131,100.00000000000004,76.80809,23.191909790039105,0.23191909790039095
3.912023005428146,4.0660973,49.99999999999999,58.328876,-8.328876495361335,0.16657752990722674
3.912023005428146,4.0388417,49.99999999999999,56.76056,-6.760559082031257,0.13521118164062515
4.8283137373023015,4.227922,125.00000000000004,68.574585,56.42541503906254,0.4514033203125002
4.204692619390966,4.050255,66.99999999999997,57.412086,9.587913513183565,0.14310318676393388
3.713572066704308,4.11076,41.00000000000001,60.99307,-19.993068695068352,0.48763582183093535
3.713572066704308,4.3353252,41.00000000000001,76.349785,-35.34978485107421,0.862189874416444
4.7535901911063645,4.476527,115.99999999999999,87.92879,28.071212768554673,0.24199321352202308
3.912023005428146,4.254335,49.99999999999999,70.40997,-20.409973144531257,0.4081994628906252
4.31748811353631,3.950558,74.99999999999997,51.96435,23.035648345947237,0.30714197794596326
3.912023005428146,3.9860437,49.99999999999999,53.841454,-3.841453552246101,0.07682907104492202
3.912023005428146,4.2176833,49.99999999999999,67.87605,-17.87605285644532,0.3575210571289064
3.912023005428146,3.9664657,49.99999999999999,52.7976,-2.797599792480476,0.055951995849609526
4.51085950651685,4.1138663,90.99999999999997,61.182816,29.81718444824216,0.32766136756310077
3.912023005428146,4.2595506,49.99999999999999,70.77817,-20.778167724609382,0.4155633544921877
4.418840607796598,3.827331,83.00000000000003,45.939766,37.06023406982425,0.4465088442147498
3.912023005428146,4.1693397,49.99999999999999,64.67273,-14.672729492187507,0.29345458984375017
3.7376696182833684,3.9185066,42.00000000000001,50.325233,-8.32523345947265,0.19821984427315828
4.189654742026425,4.411821,65.99999999999997,82.4194,-16.419403076171903,0.2487788344874532
3.912023005428146,4.1733775,49.99999999999999,64.9344,-14.93440246582032,0.2986880493164064
3.912023005428146,3.7536113,49.99999999999999,42.674915,7.32508468627929,0.14650169372558583
4.605170185988092,4.404907,100.00000000000004,81.85155,18.148452758789105,0.18148452758789096
4.204692619390966,4.101234,66.99999999999997,60.41479,6.585208892822237,0.09828669989286926
3.7376696182833684,4.019636,42.00000000000001,55.680843,-13.680843353271477,0.32573436555408275
4.605170185988092,4.6187096,100.00000000000004,101.363144,-1.3631439208983949,0.013631439208983943
3.912023005428146,4.00261,49.99999999999999,54.74085,-4.740848541259773,0.09481697082519547
4.7535901911063645,4.363193,115.99999999999999,78.50741,37.49259185791014,0.3232119987750875
4.060443010546419,4.122359,57.999999999999986,61.70462,-3.704620361328139,0.06387276485048518
3.912023005428146,4.100739,49.99999999999999,60.384895,-10.384895324707038,0.2076979064941408
3.912023005428146,3.9531968,49.99999999999999,52.101658,-2.1016578674316477,0.04203315734863296
4.605170185988092,4.2213655,100.00000000000004,68.12644,31.873558044433636,0.31873558044433625
3.713572066704308,4.444084,41.00000000000001,85.12189,-44.12188720703124,1.076143590415396
4.605170185988092,3.9615777,100.00000000000004,52.54015,47.45985031127934,0.47459850311279317
4.605170185988092,4.1563883,100.00000000000004,63.84053,36.15946960449223,0.36159469604492217
4.07753744390572,4.0944543,59.000000000000014,60.006584,-1.0065841674804545,0.017060748601363633
4.31748811353631,4.0708942,74.99999999999997,58.60935,16.39065170288083,0.21854202270507783
4.605170185988092,4.488811,100.00000000000004,89.01554,10.984458923339886,0.10984458923339882
4.5217885770490405,4.5195694,92.00000000000001,91.79606,0.20394134521485796,0.0022167537523354124
4.948759890378168,4.387825,141.00000000000003,80.46522,60.534782409668,0.4293246979409077
4.465908118654584,4.0363073,87.0,56.61689,30.38311004638672,0.34923114995846805
4.77912349311153,3.9948354,119.00000000000003,54.3169,64.68310165405276,0.5435554760844769
3.912023005428146,4.13864,49.99999999999999,62.717464,-12.717464447021491,0.25434928894042985
3.912023005428146,4.239232,49.99999999999999,69.35457,-19.35456848144532,0.38709136962890645
4.68213122712422,4.820887,108.00000000000003,124.07511,-16.075111389160128,0.14884362397370485
4.8283137373023015,4.256801,125.00000000000004,70.58383,54.41616821289067,0.4353293457031252
3.912023005428146,4.289383,49.99999999999999,72.921455,-22.92145538330079,0.45842910766601586
3.912023005428146,4.4123454,49.99999999999999,82.46265,-32.46264648437501,0.6492529296875003
4.31748811353631,4.1232705,74.99999999999997,61.760902,13.239097595214815,0.17652130126953094
4.31748811353631,4.0095344,74.99999999999997,55.121197,19.8788032531738,0.26505071004231745
4.605170185988092,4.158887,100.00000000000004,64.000244,35.99975585937504,0.35999755859375027
4.04305126783455,4.104564,57.00000000000001,60.61632,-3.616321563720696,0.06344423796001221
4.8283137373023015,4.8885283,125.00000000000004,132.75806,-7.758056640624957,0.06206445312499964
4.962844630259907,4.1099343,142.99999999999994,60.942715,82.05728530883783,0.5738271699918732
4.605170185988092,3.9261153,100.00000000000004,50.709602,49.29039764404301,0.4929039764404299
4.5217885770490405,4.7127943,92.00000000000001,111.36291,-19.362907409667955,0.21046638488769512
3.912023005428146,4.1523223,49.99999999999999,63.581482,-13.581481933593757,0.2716296386718752
4.605170185988092,4.511625,100.00000000000004,91.06967,8.930328369140668,0.08930328369140664
3.713572066704308,4.363449,41.00000000000001,78.52752,-37.52751922607421,0.9153053469774196
3.912023005428146,3.8537498,49.99999999999999,47.169605,2.8303947448730398,0.056607894897460806
3.713572066704308,3.7966664,41.00000000000001,44.552418,-3.552417755126946,0.08664433549090111
4.68213122712422,4.1259933,108.00000000000003,61.92929,46.07070922851565,0.42658064100477444
4.762173934797756,4.784584,117.00000000000003,119.65158,-2.6515808105468466,0.022663083850827742
3.912023005428146,4.0844307,49.99999999999999,59.408108,-9.408107757568366,0.18816215515136736
3.912023005428146,4.3012996,49.99999999999999,73.79563,-23.795631408691413,0.47591262817382834
3.912023005428146,3.982067,49.99999999999999,53.627773,-3.6277732849121165,0.07255546569824234
4.060443010546419,4.0365696,57.999999999999986,56.63174,1.3682594299316264,0.02359067982640736
3.713572066704308,3.964327,41.00000000000001,52.684807,-11.684806823730462,0.2849952883836697
3.912023005428146,4.229783,49.99999999999999,68.702324,-18.702323913574226,0.3740464782714846
4.8283137373023015,4.65503,125.00000000000004,105.11235,19.887649536132855,0.15910119628906277
3.9318256327243257,4.564035,51.0,95.96993,-44.969932556152344,0.8817633834539675
3.713572066704308,4.022668,41.00000000000001,55.849907,-14.849906921386712,0.36219285174113924
3.912023005428146,4.318076,49.99999999999999,75.04411,-25.044113159179695,0.500882263183594
4.31748811353631,4.473486,74.99999999999997,87.66177,-12.661773681640653,0.1688236490885421
3.912023005428146,4.034454,49.99999999999999,56.51205,-6.5120506286621165,0.13024101257324236
4.31748811353631,4.204638,74.99999999999997,66.99634,8.003662109374972,0.10671549479166632
4.8283137373023015,3.8747094,125.00000000000004,48.168697,76.83130264282231,0.6146504211425783
4.248495242049359,4.0632744,70.00000000000003,58.16445,11.835548400878935,0.169079262869699
3.912023005428146,3.8932276,49.99999999999999,49.069004,0.9309959411621023,0.018619918823242047
3.713572066704308,3.8458183,41.00000000000001,46.796963,-5.796962738037102,0.14138933507407564
3.912023005428146,3.8121223,49.99999999999999,45.246365,4.7536354064941335,0.09507270812988268
4.51085950651685,4.2940483,90.99999999999997,73.26246,17.73754119873044,0.19491803515088402
3.912023005428146,3.9473937,49.99999999999999,51.800182,-1.800182342529304,0.03600364685058609
4.31748811353631,4.346327,74.99999999999997,77.1944,-2.1943969726562784,0.029258626302083722
4.418840607796598,4.290622,83.00000000000003,73.01189,9.988113403320341,0.12033871570265467
4.31748811353631,4.1597676,74.99999999999997,64.05663,10.943367004394503,0.14591156005859343
4.430816798843313,4.5406623,83.99999999999999,93.75287,-9.752868652343764,0.11610557919456864
3.912023005428146,4.0567694,49.99999999999999,57.78732,-7.7873191833496165,0.15574638366699234
4.31748811353631,4.025562,74.99999999999997,56.01177,18.98823165893552,0.2531764221191403
4.605170185988092,4.496267,100.00000000000004,89.68171,10.318290710449261,0.10318290710449257
4.955827057601261,4.0828986,142.00000000000003,59.317158,82.6828422546387,0.5822735370044978
4.31748811353631,4.4247518,74.99999999999997,83.49208,-8.492080688476591,0.11322774251302126
3.713572066704308,3.9927852,41.00000000000001,54.205654,-13.205654144287102,0.32208912547041707
3.912023005428146,3.822287,49.99999999999999,45.70863,4.291370391845696,0.08582740783691394
4.060443010546419,3.7873976,57.999999999999986,44.141376,13.858623504638658,0.23894178456273554
3.912023005428146,4.319877,49.99999999999999,75.17939,-25.17938995361329,0.5035877990722658
3.912023005428146,3.9890325,49.99999999999999,54.002617,-4.002616882324226,0.08005233764648453
4.8283137373023015,4.3825297,125.00000000000004,80.04026,44.959739685058636,0.35967791748046896
4.605170185988092,4.2312512,100.00000000000004,68.80327,31.196731567382855,0.3119673156738284
3.7376696182833684,4.068361,42.00000000000001,58.461056,-16.461055755615227,0.3919298989432196
3.912023005428146,4.195472,49.99999999999999,66.38504,-16.385040283203132,0.3277008056640627
4.605170185988092,4.280152,100.00000000000004,72.25141,27.74858856201176,0.2774858856201175
3.713572066704308,4.309826,41.00000000000001,74.42753,-33.42752838134765,0.8153055702767718
3.912023005428146,4.159179,49.99999999999999,64.01895,-14.018951416015632,0.2803790283203127
3.871201010907891,4.208125,48.00000000000001,67.23037,-19.230369567871087,0.4006326993306476
3.7376696182833684,3.7594867,42.00000000000001,42.926384,-0.9263839721679616,0.02205676124209432
3.713572066704308,3.869936,41.00000000000001,47.939316,-6.93931579589843,0.16925160477801046
4.31748811353631,3.8291883,74.99999999999997,46.025166,28.974834442138643,0.38633112589518204
4.418840607796598,4.481349,83.00000000000003,88.35378,-5.353782653808565,0.06450340546757305
3.912023005428146,3.7210104,49.99999999999999,41.30611,8.693889617919915,0.17387779235839831
3.912023005428146,4.015853,49.99999999999999,55.47059,-5.470588684082038,0.10941177368164079
3.912023005428146,3.9626641,49.99999999999999,52.597263,-2.5972633361816477,0.05194526672363296
3.912023005428146,3.9441233,49.99999999999999,51.63105,-1.6310501098632884,0.03262100219726577
3.912023005428146,4.116775,49.99999999999999,61.361034,-11.361034393310554,0.2272206878662111
4.31748811353631,4.0377607,74.99999999999997,56.699234,18.30076599121091,0.24401021321614555
3.912023005428146,3.8341699,49.99999999999999,46.255013,3.7449874877929616,0.07489974975585924
4.68213122712422,4.2444463,108.00000000000003,69.71715,38.28285217285159,0.3544708534523294
4.31748811353631,4.189845,74.99999999999997,66.012566,8.987434387207003,0.11983245849609342
3.912023005428146,3.9176881,49.99999999999999,50.28406,-0.28406143188477273,0.0056812286376954554
3.713572066704308,3.8191228,41.00000000000001,45.56422,-4.56422042846679,0.11132244947479973
4.31748811353631,4.1656847,74.99999999999997,64.43679,10.563209533691378,0.14084279378255177
4.07753744390572,4.352707,59.000000000000014,77.68848,-18.688476562499986,0.31675384004237256
3.713572066704308,4.39176,41.00000000000001,80.78246,-39.78246307373046,0.9703039774080598
3.912023005428146,4.143365,49.99999999999999,63.014503,-13.014503479003913,0.26029006958007833
4.6913478822291435,4.968045,108.99999999999997,143.74562,-34.74562072753909,0.3187671626379734
4.31748811353631,4.108486,74.99999999999997,60.854527,14.145473480224581,0.18860631306966116
4.189654742026425,4.410975,65.99999999999997,82.34972,-16.349716186523466,0.24772297252308292
3.912023005428146,4.338674,49.99999999999999,76.605896,-26.605895996093757,0.5321179199218752
4.07753744390572,4.0589957,59.000000000000014,57.91612,1.0838813781738423,0.018370870816505798
4.605170185988092,4.1869326,100.00000000000004,65.82058,34.17942047119145,0.34179420471191435
3.912023005428146,4.151858,49.99999999999999,63.55196,-13.551959991455085,0.27103919982910174
4.948759890378168,4.6847963,141.00000000000003,108.288216,32.711784362793,0.2319984706581063
4.8283137373023015,4.6622047,125.00000000000004,105.86924,19.130760192871136,0.15304608154296903
3.912023005428146,4.17522,49.99999999999999,65.05415,-15.05415344238282,0.30108306884765645
3.912023005428146,4.1859465,49.99999999999999,65.75571,-15.755706787109382,0.31511413574218766
3.912023005428146,4.2270927,49.99999999999999,68.517746,-18.517745971679695,0.37035491943359394
4.31748811353631,4.4309154,74.99999999999997,84.00828,-9.008277893066435,0.12011037190755251
4.418840607796598,3.9882839,83.00000000000003,53.962204,29.03779602050784,0.349852964102504
3.912023005428146,4.0172467,49.99999999999999,55.547955,-5.547954559326179,0.1109590911865236
4.189654742026425,3.9650664,65.99999999999997,52.72377,13.276229858398409,0.20115499785452143
4.8283137373023015,4.022321,125.00000000000004,55.83055,69.1694488525391,0.5533555908203126
4.060443010546419,4.141413,57.999999999999986,62.89164,-4.8916397094726705,0.0843386156805633
3.912023005428146,3.9537423,49.99999999999999,52.13009,-2.130088806152351,0.042601776123047025
3.912023005428146,3.9688013,49.99999999999999,52.921055,-2.9210548400878977,0.058421096801757964
3.912023005428146,3.9222262,49.99999999999999,50.51277,-0.5127716064453196,0.010255432128906394
4.605170185988092,4.3987074,100.00000000000004,81.34565,18.65435028076176,0.18654350280761753
4.605170185988092,3.9730096,100.00000000000004,53.144234,46.85576629638676,0.4685576629638674
4.204692619390966,4.016557,66.99999999999997,55.50967,11.490329742431612,0.17149745884226295
4.07753744390572,4.4537497,59.000000000000014,85.948616,-26.948616027832017,0.4567562038615595
4.418840607796598,4.139153,83.00000000000003,62.74965,20.250350952148466,0.24398013195359589
4.418840607796598,4.035351,83.00000000000003,56.56276,26.437240600585966,0.3185209710913971
3.912023005428146,4.102551,49.99999999999999,60.49441,-10.494411468505866,0.20988822937011736
4.7535901911063645,4.2121243,115.99999999999999,67.49978,48.50022125244139,0.4181053556244948
3.912023005428146,4.067284,49.99999999999999,58.398144,-8.398143768310554,0.1679628753662111
3.912023005428146,4.091537,49.99999999999999,59.831783,-9.831783294677741,0.19663566589355486
4.605170185988092,4.021761,100.00000000000004,55.79928,44.2007217407227,0.4420072174072268
4.605170185988092,4.280507,100.00000000000004,72.277084,27.722915649414105,0.2772291564941409
4.605170185988092,4.0639963,100.00000000000004,58.20646,41.793540954589886,0.4179354095458987
4.204692619390966,4.0053797,66.99999999999997,54.892662,12.107337951660128,0.18070653659194227
4.07753744390572,4.0613685,59.000000000000014,58.0537,0.9463005065918111,0.016038991637149336
3.912023005428146,4.254336,49.99999999999999,70.41004,-20.41004180908204,0.4082008361816408
3.713572066704308,4.0223746,41.00000000000001,55.833534,-14.83353424072265,0.36179351806640603
3.912023005428146,4.126114,49.99999999999999,61.93676,-11.936759948730476,0.23873519897460954
3.912023005428146,4.325188,49.99999999999999,75.579735,-25.5797348022461,0.5115946960449221
4.060443010546419,3.9071846,57.999999999999986,49.758663,8.241336822509751,0.14209201418120265
4.189654742026425,4.045393,65.99999999999997,57.133636,8.866363525390597,0.13433884129379697
3.713572066704308,4.0187497,41.00000000000001,55.631508,-14.63150787353515,0.3568660456959792
4.07753744390572,3.9570327,59.000000000000014,52.3019,6.698101043701186,0.11352713633391838
3.912023005428146,4.1317616,49.99999999999999,62.287548,-12.287548065185554,0.2457509613037111
4.31748811353631,4.154472,74.99999999999997,63.718304,11.28169631958005,0.15042261759440073
3.912023005428146,4.0818467,49.99999999999999,59.254795,-9.254795074462898,0.18509590148925797
4.31748811353631,4.2681146,74.99999999999997,71.38692,3.613082885742159,0.04817443847656214
3.912023005428146,4.0513268,49.99999999999999,57.47366,-7.4736595153808665,0.14947319030761735
3.912023005428146,3.9802544,49.99999999999999,53.53065,-3.530651092529304,0.07061302185058609
3.912023005428146,4.202813,49.99999999999999,66.87419,-16.874191284179695,0.3374838256835939
4.382026634673881,4.1399455,79.99999999999997,62.7994,17.200599670410128,0.2150074958801267
3.912023005428146,3.9223228,49.99999999999999,50.517647,-0.5176467895507884,0.010352935791015769
4.07753744390572,4.2302957,59.000000000000014,68.73755,-9.737548828124986,0.16504320047669463
4.060443010546419,3.9219441,57.999999999999986,50.498528,7.501472473144517,0.12933573229559514
4.605170185988092,4.502221,100.00000000000004,90.21729,9.782707214355511,0.09782707214355507
3.912023005428146,4.363715,49.99999999999999,78.548416,-28.54841613769532,0.5709683227539065
4.31748811353631,4.0799522,74.99999999999997,59.142647,15.85735321044919,0.2114313761393226
3.713572066704308,3.9150553,41.00000000000001,50.151844,-9.151844024658196,0.22321570791849255
3.912023005428146,4.307831,49.99999999999999,74.27919,-24.27919006347657,0.48558380126953143
3.912023005428146,4.1639338,49.99999999999999,64.32406,-14.32405853271485,0.28648117065429707
4.8283137373023015,3.9693952,125.00000000000004,52.95249,72.04750823974614,0.5763800659179689
4.189654742026425,4.172849,65.99999999999997,64.9001,1.099899291992159,0.016665140787759995
3.912023005428146,4.1724086,49.99999999999999,64.87151,-14.871513366699226,0.29743026733398453
3.912023005428146,3.9719923,49.99999999999999,53.090195,-3.0901947021484446,0.061803894042968904
3.713572066704308,4.2253036,41.00000000000001,68.39527,-27.395271301269524,0.6681773488114517
4.07753744390572,4.2073774,59.000000000000014,67.18012,-8.180122375488267,0.13864614195742822
3.7376696182833684,3.8579469,42.00000000000001,47.368,-5.368000030517571,0.12780952453613262
3.912023005428146,4.0747285,49.99999999999999,58.834503,-8.834503173828132,0.17669006347656266
4.07753744390572,4.028244,59.000000000000014,56.162205,2.8377952575683736,0.04809822470454869
3.912023005428146,4.1902084,49.99999999999999,66.03655,-16.036552429199226,0.32073104858398455
4.31748811353631,4.1629796,74.99999999999997,64.26272,10.737281799316378,0.14316375732421843
3.912023005428146,4.132229,49.99999999999999,62.31666,-12.316661834716804,0.24633323669433613
4.605170185988092,3.843116,100.00000000000004,46.670677,53.32932281494145,0.5332932281494143
3.912023005428146,4.3659983,49.99999999999999,78.72795,-28.727951049804695,0.574559020996094
3.784189633918261,3.8572857,43.99999999999999,47.336693,-3.336692810058601,0.07583392750133185
4.31748811353631,4.09114,74.99999999999997,59.80802,15.191978454589815,0.20255971272786427
3.912023005428146,4.0464735,49.99999999999999,57.1954,-7.1954002380371165,0.14390800476074234
3.970291913552122,3.9878306,53.00000000000001,53.93775,-0.9377517700195241,0.017693429623009887
4.31748811353631,4.0117254,74.99999999999997,55.242104,19.757896423339815,0.2634386189778643
4.605170185988092,4.237357,100.00000000000004,69.224655,30.775344848632855,0.3077534484863284
3.912023005428146,3.8890457,49.99999999999999,48.864235,1.1357650756835866,0.022715301513671737
3.713572066704308,3.8376431,41.00000000000001,46.41595,-5.415950775146477,0.13209636036942626
3.912023005428146,4.054892,49.99999999999999,57.678936,-7.678936004638679,0.1535787200927736
4.204692619390966,4.4222574,66.99999999999997,83.28408,-16.284080505371122,0.2430459776921064
4.605170185988092,4.568766,100.00000000000004,96.42506,3.5749435424805114,0.0357494354248051
4.31748811353631,4.202742,74.99999999999997,66.869446,8.130554199218722,0.10840738932291633
4.605170185988092,4.3256426,100.00000000000004,75.61408,24.38591766357426,0.2438591766357425
3.912023005428146,4.2558517,49.99999999999999,70.51685,-20.51685333251954,0.4103370666503908
4.07753744390572,4.1006503,59.000000000000014,60.37954,-1.3795394897460795,0.023382025249933547
3.7376696182833684,4.0058804,42.00000000000001,54.92015,-12.92015075683593,0.3076226370675221
4.605170185988092,4.169832,100.00000000000004,64.7046,35.29540252685551,0.35295402526855496
4.31748811353631,4.189423,74.99999999999997,65.98471,9.015289306640597,0.12020385742187467
4.31748811353631,4.2553687,74.99999999999997,70.4828,4.517196655273409,0.06022928873697881
3.912023005428146,4.2571507,49.99999999999999,70.608505,-20.608505249023445,0.41217010498046897
3.871201010907891,3.9638503,48.00000000000001,52.65969,-4.659690856933587,0.09707689285278304
3.912023005428146,3.8950057,49.99999999999999,49.156334,0.8436660766601491,0.016873321533202985
4.68213122712422,3.7589517,108.00000000000003,42.903423,65.09657669067386,0.6027460804692022
4.430816798843313,4.2738066,83.99999999999999,71.7944,12.20559692382811,0.145304725283668
4.276666119016055,4.584252,72.0,97.92989,-25.929893493652344,0.3601374096340603
4.605170185988092,4.00247,100.00000000000004,54.733173,45.266826629638715,0.45266826629638696
4.6913478822291435,4.3304853,108.99999999999997,75.981155,33.01884460449216,0.3029251798577263
3.912023005428146,4.022785,49.99999999999999,55.85646,-5.85646057128907,0.11712921142578141
3.912023005428146,4.541593,49.99999999999999,93.84017,-43.84017181396485,0.8768034362792971
3.912023005428146,3.9218905,49.99999999999999,50.495815,-0.4958152770996165,0.009916305541992331
3.912023005428146,4.0757294,49.99999999999999,58.89342,-8.89342117309571,0.17786842346191423
3.912023005428146,4.1229634,49.99999999999999,61.74194,-11.741939544677741,0.23483879089355486
3.912023005428146,4.0735536,49.99999999999999,58.76542,-8.765419006347663,0.1753083801269533
3.912023005428146,4.315594,49.99999999999999,74.85809,-24.858093261718757,0.4971618652343752
4.189654742026425,4.1206,65.99999999999997,61.596203,4.403797149658175,0.0667241992372451
3.7376696182833684,3.8874307,42.00000000000001,48.78538,-6.785381317138665,0.16155669802711103
3.912023005428146,4.0851517,49.99999999999999,59.450954,-9.450954437255866,0.18901908874511736
3.912023005428146,3.993284,49.99999999999999,54.232697,-4.232696533203132,0.08465393066406265
3.912023005428146,3.9685915,49.99999999999999,52.90995,-2.9099502563476634,0.05819900512695327
3.713572066704308,4.119704,41.00000000000001,61.541008,-20.54100799560546,0.5010001950147672
3.912023005428146,3.9550886,49.99999999999999,52.20032,-2.2003211975097727,0.04400642395019546
4.605170185988092,4.3406982,100.00000000000004,76.761116,23.23888397216801,0.23238883972168
3.912023005428146,4.0436935,49.99999999999999,57.03662,-7.036621093750007,0.14073242187500015
4.430816798843313,3.9453695,83.99999999999999,51.695435,32.304565429687486,0.38457815987723204
4.605170185988092,4.5477514,100.00000000000004,94.41986,5.580139160156293,0.0558013916015629
3.713572066704308,4.147414,41.00000000000001,63.270184,-22.270183563232415,0.5431752088593271
4.605170185988092,4.2975993,100.00000000000004,73.52308,26.47692108154301,0.26476921081543
4.68213122712422,4.499356,108.00000000000003,89.95916,18.04084014892581,0.16704481619375744
4.0943445622221,3.9964914,59.999999999999986,54.406925,5.59307479858397,0.09321791330973286
3.713572066704308,4.187714,41.00000000000001,65.87204,-24.872039794921868,0.6066351169493137
3.912023005428146,4.041208,49.99999999999999,56.89502,-6.895019531250007,0.13790039062500017
3.912023005428146,3.9243784,49.99999999999999,50.6216,-0.6216011047363352,0.012432022094726707
4.31748811353631,3.9042633,74.99999999999997,49.613514,25.38648605346677,0.3384864807128904
3.912023005428146,3.9259422,49.99999999999999,50.700825,-0.7008247375488352,0.014016494750976707
4.276666119016055,4.3555756,72.0,77.91166,-5.911659240722656,0.08210637834337023
3.7376696182833684,4.165069,42.00000000000001,64.39713,-22.39713287353515,0.5332650684175034
3.912023005428146,4.274262,49.99999999999999,71.82711,-21.82711029052735,0.4365422058105471
4.382026634673881,4.322207,79.99999999999997,75.35475,4.645248413085909,0.05806560516357388
3.713572066704308,4.1025286,41.00000000000001,60.493057,-19.493057250976555,0.4754404207555257
4.762173934797756,4.222659,117.00000000000003,68.21463,48.7853698730469,0.41696897327390503
4.060443010546419,4.109196,57.999999999999986,60.897747,-2.897747039794936,0.04996115585853339
4.8283137373023015,4.2755384,125.00000000000004,71.91885,53.08114624023442,0.4246491699218752
3.7376696182833684,4.0803432,42.00000000000001,59.165775,-17.16577529907226,0.4087089356921966
3.713572066704308,4.0560555,41.00000000000001,57.746086,-16.74608612060546,0.4084411248928161
4.5217885770490405,3.8269033,92.00000000000001,45.92012,46.0798797607422,0.5008682582689369
4.189654742026425,3.862683,65.99999999999997,47.592876,18.4071235656738,0.2788958116011183
3.7612001156935624,3.952003,43.0,52.039497,-9.039497375488281,0.21022086919740188
3.912023005428146,4.185291,49.99999999999999,65.71261,-15.71260833740235,0.31425216674804707
4.31748811353631,3.9267066,74.99999999999997,50.739594,24.260406494140597,0.32347208658854143
4.406719247264253,3.9176235,82.00000000000001,50.28081,31.71918869018556,0.38681937427055557
4.605170185988092,4.418935,100.00000000000004,83.00782,16.99217987060551,0.16992179870605503
4.189654742026425,3.9987926,65.99999999999997,54.532272,11.467727661132784,0.17375344941110285
3.912023005428146,4.065823,49.99999999999999,58.312885,-8.312885284423835,0.16625770568847673
3.8918202981106265,3.8658288,48.99999999999999,47.742825,1.2571754455566335,0.025656641746053747
4.31748811353631,4.1228657,74.99999999999997,61.735905,13.264095306396456,0.17685460408528614
4.189654742026425,4.412555,65.99999999999997,82.47995,-16.479949951171903,0.24969621138139259
4.68213122712422,4.640971,108.00000000000003,103.64496,4.355041503906278,0.04032445836950257
3.912023005428146,4.1322913,49.99999999999999,62.320557,-12.320556640625007,0.24641113281250018
4.31748811353631,4.2081666,74.99999999999997,67.23316,7.76683807373044,0.10355784098307258
3.713572066704308,4.0585413,41.00000000000001,57.889805,-16.889804840087884,0.41194645951433856
4.890349128221754,4.6714463,133.0,106.85217,26.1478271484375,0.19660020412359022
3.912023005428146,4.1944146,49.99999999999999,66.3149,-16.31490325927735,0.32629806518554705
4.31748811353631,4.2572665,74.99999999999997,70.61669,4.383308410644503,0.05844411214192673
4.31748811353631,3.9876778,74.99999999999997,53.92951,21.070491790771456,0.2809398905436195
3.713572066704308,3.9582288,41.00000000000001,52.3645,-11.364498138427727,0.2771828814250665
3.912023005428146,3.9878974,49.99999999999999,53.941353,-3.9413528442382884,0.07882705688476578
3.912023005428146,4.0523562,49.99999999999999,57.53286,-7.532859802246101,0.15065719604492203
4.060443010546419,4.080411,57.999999999999986,59.16978,-1.169780731201186,0.02016863329657218
3.912023005428146,3.8798192,49.99999999999999,48.41546,1.5845413208007741,0.031690826416015484
3.912023005428146,4.2733145,49.99999999999999,71.75909,-21.759086608886726,0.4351817321777346
3.713572066704308,3.9275246,41.00000000000001,50.781116,-9.781116485595696,0.2385638167218462
4.060443010546419,4.133768,57.999999999999986,62.412655,-4.412654876708999,0.07608025649498275
3.912023005428146,3.91552,49.99999999999999,50.17515,-0.17515182495117898,0.00350303649902358
3.912023005428146,4.1918287,49.99999999999999,66.14364,-16.14363861083985,0.32287277221679705
4.605170185988092,4.419419,100.00000000000004,83.048004,16.951995849609418,0.1695199584960941
4.204692619390966,4.013156,66.99999999999997,55.321186,11.678813934326143,0.17431065573621116
3.912023005428146,4.047924,49.99999999999999,57.278427,-7.278427124023445,0.1455685424804689
4.8283137373023015,4.5124683,125.00000000000004,91.14652,33.853477478027386,0.270827819824219
4.418840607796598,4.4169874,83.00000000000003,82.84633,0.15367126464846592,0.0018514610198610345
4.31748811353631,3.948352,74.99999999999997,51.849854,23.15014648437497,0.30866861979166643
3.912023005428146,3.9041166,49.99999999999999,49.60624,0.39376068115233664,0.007875213623046735
3.7376696182833684,4.087293,42.00000000000001,59.578403,-17.578403472900384,0.4185334160214376
3.8066624897703196,4.064774,44.99999999999999,58.251743,-13.251743316650398,0.29448318481445335
3.912023005428146,4.2505064,49.99999999999999,70.14092,-20.140922546386726,0.40281845092773455
4.605170185988092,4.083221,100.00000000000004,59.33628,40.663719177246136,0.4066371917724612
3.912023005428146,3.973495,49.99999999999999,53.170036,-3.170036315917976,0.06340072631835952
4.418840607796598,4.102928,83.00000000000003,60.51723,22.4827690124512,0.2708767350897734
3.912023005428146,4.0205493,49.99999999999999,55.731712,-5.731712341308601,0.11463424682617203
3.8066624897703196,4.1865945,44.99999999999999,65.79833,-20.798332214355476,0.46218516031901064
3.912023005428146,4.0298314,49.99999999999999,56.251427,-6.251426696777351,0.12502853393554703
4.31748811353631,4.134912,74.99999999999997,62.484093,12.515907287597628,0.1668787638346351
4.430816798843313,4.089369,83.99999999999999,59.702198,24.297801971435533,0.2892595472789945
3.713572066704308,4.332885,41.00000000000001,76.16369,-35.16368865966796,0.8576509429187307
3.912023005428146,3.898163,49.99999999999999,49.311783,0.6882171630859304,0.01376434326171861
3.912023005428146,3.992681,49.99999999999999,54.200005,-4.200004577636726,0.08400009155273452
4.189654742026425,4.1062336,65.99999999999997,60.717598,5.28240203857419,0.0800363945238514
3.912023005428146,4.019865,49.99999999999999,55.69359,-5.693588256835945,0.11387176513671891
3.912023005428146,3.779023,49.99999999999999,43.77325,6.2267494201660085,0.12453498840332018
3.912023005428146,4.117134,49.99999999999999,61.38307,-11.38307189941407,0.22766143798828142
3.912023005428146,4.197137,49.99999999999999,66.495674,-16.49567413330079,0.32991348266601583
3.912023005428146,3.9935353,49.99999999999999,54.246326,-4.24632644653321,0.08492652893066421
4.060443010546419,4.4729257,57.999999999999986,87.61267,-29.612670898437514,0.5105632913523711
4.31748811353631,4.0104914,74.99999999999997,55.173973,19.826026916503878,0.26434702555338513
3.912023005428146,4.308965,49.99999999999999,74.363495,-24.363494873046882,0.4872698974609377
4.7535901911063645,4.4945016,115.99999999999999,89.52354,26.47646331787108,0.22824537342992313
3.912023005428146,4.4112754,49.99999999999999,82.37446,-32.37445831298829,0.6474891662597658
3.912023005428146,3.9279335,49.99999999999999,50.801884,-0.8018836975097727,0.016037673950195456
3.912023005428146,4.2185173,49.99999999999999,67.932686,-17.93268585205079,0.35865371704101584
3.912023005428146,4.034969,49.99999999999999,56.54116,-6.541160583496101,0.13082321166992203
3.7376696182833684,3.877947,42.00000000000001,48.324905,-6.324905395507805,0.15059298560732867
4.553876891600541,3.8851867,95.0,48.67603,46.323970794677734,0.48762074520713405
3.912023005428146,4.0443606,49.99999999999999,57.074684,-7.074684143066413,0.1414936828613283
4.31748811353631,4.203927,74.99999999999997,66.94872,8.051277160644503,0.10735036214192674
3.912023005428146,4.1556363,49.99999999999999,63.792545,-13.792545318603523,0.2758509063720705
3.713572066704308,3.9079251,41.00000000000001,49.795525,-8.795524597167962,0.2145249901748283
4.060443010546419,4.687356,57.999999999999986,108.56575,-50.56575012207033,0.87182327796673
4.418840607796598,4.60165,83.00000000000003,99.64862,-16.64862060546872,0.20058579042733393
3.912023005428146,3.996841,49.99999999999999,54.425945,-4.425945281982429,0.08851890563964859
4.31748811353631,4.21788,74.99999999999997,67.88939,7.110610961914034,0.09480814615885383
4.605170185988092,4.2424026,100.00000000000004,69.57481,30.425193786621136,0.30425193786621124
4.31748811353631,4.2488213,74.99999999999997,70.02283,4.977172851562472,0.06636230468749965
4.418840607796598,4.070727,83.00000000000003,58.59954,24.40045928955081,0.2939814372235036
4.584967478670572,4.6774383,98.00000000000004,107.49435,-9.494346618652301,0.0968810879454316
3.912023005428146,4.0989985,49.99999999999999,60.27989,-10.279888153076179,0.2055977630615236
4.605170185988092,4.693995,100.00000000000004,109.28892,-9.288917541503864,0.09288917541503859
3.912023005428146,3.874916,49.99999999999999,48.178654,1.8213462829589773,0.03642692565917955
3.912023005428146,3.862589,49.99999999999999,47.588394,2.4116058349609304,0.04823211669921861
4.762173934797756,4.1235924,117.00000000000003,61.780785,55.219215393066435,0.47195910592364465
4.897839799950911,4.0599174,133.99999999999997,57.969524,76.03047561645505,0.5673916090780229
4.31748811353631,4.3661413,74.99999999999997,78.73921,-3.739212036132841,0.04985616048177123
3.912023005428146,3.761904,49.99999999999999,43.030277,6.969722747802727,0.13939445495605457
3.912023005428146,3.9473937,49.99999999999999,51.800182,-1.800182342529304,0.03600364685058609
3.912023005428146,3.9956176,49.99999999999999,54.359406,-4.359405517578132,0.08718811035156265
4.276666119016055,4.1612453,72.0,64.15137,7.8486328125,0.1090087890625
4.605170185988092,4.5688367,100.00000000000004,96.43186,3.5681381225586364,0.035681381225586346
3.912023005428146,4.211629,49.99999999999999,67.46635,-17.466346740722663,0.3493269348144533
4.31748811353631,3.981162,74.99999999999997,53.57926,21.420738220214815,0.2856098429361976
4.07753744390572,4.304022,59.000000000000014,73.996796,-14.99679565429686,0.25418297719147215
3.912023005428146,4.074015,49.99999999999999,58.79255,-8.792549133300788,0.1758509826660158
3.912023005428146,4.2605057,49.99999999999999,70.8458,-20.845802307128913,0.4169160461425783
3.912023005428146,4.088437,49.99999999999999,59.646595,-9.64659500122071,0.19293190002441424
4.31748811353631,3.932944,74.99999999999997,51.05707,23.942928314208956,0.31923904418945287
3.912023005428146,3.6916797,49.99999999999999,40.112167,9.887832641601555,0.19775665283203114
4.430816798843313,3.883488,83.99999999999999,48.59341,35.406589508056626,0.4215070179530552
3.912023005428146,3.9762533,49.99999999999999,53.316895,-3.316894531250007,0.06633789062500015
3.912023005428146,3.9806306,49.99999999999999,53.550797,-3.5507965087890696,0.07101593017578141
3.912023005428146,4.0182533,49.99999999999999,55.6039,-5.603900909423835,0.11207801818847672
3.912023005428146,4.0519896,49.99999999999999,57.511765,-7.511764526367195,0.1502352905273439
4.709530201312334,4.411512,110.99999999999997,82.39394,28.606056213378878,0.2577122181385485
3.912023005428146,3.8138485,49.99999999999999,45.324535,4.675464630126946,0.09350929260253893
4.31748811353631,3.980435,74.99999999999997,53.540314,21.459686279296847,0.28612915039062475
3.912023005428146,3.9713678,49.99999999999999,53.057056,-3.0570564270019602,0.06114112854003921
3.713572066704308,3.982248,41.00000000000001,53.637478,-12.637477874755852,0.30823116767697195
3.713572066704308,4.3913,41.00000000000001,80.74534,-39.7453384399414,0.9693984985351559
4.31748811353631,4.106606,74.99999999999997,60.740215,14.2597846984863,0.19013046264648406
4.060443010546419,4.119938,57.999999999999986,61.55542,-3.555419921875014,0.06130034348060371
4.605170185988092,4.2679424,100.00000000000004,71.374626,28.625373840332074,0.28625373840332063
4.31748811353631,4.090378,74.99999999999997,59.762466,15.237533569335909,0.2031671142578122
4.31748811353631,3.983888,74.99999999999997,53.72551,21.274490356445284,0.28365987141927057
4.605170185988092,4.0077167,100.00000000000004,55.021095,44.978904724121136,0.44978904724121116
3.912023005428146,3.987012,49.99999999999999,53.89361,-3.893608093261726,0.07787216186523453
4.189654742026425,4.277533,65.99999999999997,72.06245,-6.06244659423831,0.09185525142785321
3.912023005428146,3.9501867,49.99999999999999,51.945065,-1.9450645446777415,0.03890129089355483
3.713572066704308,3.9835098,41.00000000000001,53.705196,-12.705196380615227,0.3098828385515909
4.31748811353631,4.180376,74.99999999999997,65.39044,9.609558105468722,0.12812744140624968
3.912023005428146,4.292275,49.99999999999999,73.13265,-23.13265228271485,0.4626530456542971
4.060443010546419,4.214331,57.999999999999986,67.6489,-9.64890289306642,0.1663603947080418
3.912023005428146,3.9750075,49.99999999999999,53.25052,-3.250518798828132,0.06501037597656265
4.7535901911063645,4.790691,115.99999999999999,120.384514,-4.384513854980483,0.03779753323259037
4.31748811353631,4.10221,74.99999999999997,60.47379,14.526210784912081,0.1936828104654945
3.713572066704308,3.8729155,41.00000000000001,48.082367,-7.082366943359368,0.1727406571551065
3.912023005428146,4.2557144,49.99999999999999,70.50717,-20.507171630859382,0.4101434326171877
4.605170185988092,4.277864,100.00000000000004,72.086296,27.913703918457074,0.2791370391845706
4.31748811353631,4.0904946,74.99999999999997,59.769447,15.230552673339815,0.20307403564453094
3.912023005428146,4.0306263,49.99999999999999,56.296158,-6.29615783691407,0.12592315673828142
3.912023005428146,4.009595,49.99999999999999,55.124535,-5.124534606933601,0.10249069213867203
3.912023005428146,4.166421,49.99999999999999,64.484245,-14.484245300292976,0.28968490600585955
4.31748811353631,3.941647,74.99999999999997,51.50336,23.496639251708956,0.3132885233561195
3.7376696182833684,4.1942987,42.00000000000001,66.30722,-24.307220458984368,0.5787433442615325
