Actual,Predicted,Actual_Min,Predicted_Min,error_min,ape_min
4.7535901911063645,4.01249,115.99999999999999,55.284348,60.7156524658203,0.5234107971191405
3.2188758248682006,3.6840072,24.999999999999996,39.805584,-14.805583953857425,0.592223358154297
4.605170185988092,4.359952,100.00000000000004,78.25338,21.7466201782227,0.2174662017822269
3.2188758248682006,3.4476082,24.999999999999996,31.42514,-6.4251403808593786,0.25700561523437515
3.7376696182833684,3.5852542,42.00000000000001,36.062523,5.937477111816413,0.14136850266229553
3.4965075614664802,3.6382358,33.0,38.024696,-5.024696350097656,0.15226352576053503
4.060443010546419,4.199046,57.999999999999986,66.62275,-8.622749328613295,0.14866809187264307
4.31748811353631,3.507656,74.99999999999997,33.36996,41.63003921508786,0.5550671895345051
3.2188758248682006,3.1001182,24.999999999999996,22.200575,2.7994251251220668,0.11197700500488268
3.912023005428146,3.8877833,49.99999999999999,48.802586,1.1974143981933523,0.023948287963867047
3.091042453358316,3.6593113,22.000000000000004,38.834587,-16.834587097167965,0.7652085044167256
4.499809670330265,3.70617,90.0,40.69764,49.30236053466797,0.5478040059407552
3.4965075614664802,3.967,33.0,52.825817,-19.825817108154297,0.6007823366107363
3.4965075614664802,3.6134233,33.0,37.09282,-4.0928192138671875,0.12402482466264204
4.68213122712422,4.493104,108.00000000000003,89.398506,18.601493835449247,0.17223605403193742
4.31748811353631,3.9584422,74.99999999999997,52.37567,22.62432861328122,0.30165771484374976
3.2188758248682006,3.7611089,24.999999999999996,42.99608,-17.99607849121094,0.7198431396484377
3.4965075614664802,3.6198187,33.0,37.3308,-4.330799102783203,0.13123633644797586
3.912023005428146,3.681936,49.99999999999999,39.723225,10.276775360107415,0.20553550720214833
3.2188758248682006,3.4446924,24.999999999999996,31.333643,-6.33364295959473,0.2533457183837892
3.2188758248682006,3.5495348,24.999999999999996,34.797127,-9.797126770019535,0.39188507080078144
4.31748811353631,3.58517,74.99999999999997,36.05949,38.94050979614255,0.5192067972819009
3.4965075614664802,4.2832193,33.0,72.47338,-39.47338104248047,1.1961630618933476
4.31748811353631,4.559184,74.99999999999997,95.50552,-20.505523681640653,0.2734069824218755
3.2188758248682006,3.3016517,24.999999999999996,27.157457,-2.157457351684574,0.08629829406738297
4.890349128221754,4.0850844,133.0,59.446957,73.55304336547852,0.5530304012441993
4.31748811353631,3.563322,74.99999999999997,35.280205,39.71979522705075,0.5295972696940102
3.2188758248682006,3.5370069,24.999999999999996,34.36391,-9.363910675048832,0.3745564270019533
3.2188758248682006,3.6000288,24.999999999999996,36.599285,-11.599285125732425,0.46397140502929707
4.8283137373023015,4.1277056,125.00000000000004,62.035423,62.96457672119145,0.5037166137695315
3.2188758248682006,3.3614256,24.999999999999996,28.830263,-3.8302631378173864,0.15321052551269548
4.68213122712422,4.68967,108.00000000000003,108.817276,-0.8172760009765341,0.007567370379412351
4.7535901911063645,3.5457585,115.99999999999999,34.66597,81.33403015136717,0.7011554323393723
3.912023005428146,3.5463197,49.99999999999999,34.68543,15.314571380615227,0.3062914276123046
3.2188758248682006,4.0014086,24.999999999999996,54.67511,-29.675109863281254,1.1870043945312503
4.418840607796598,3.675271,83.00000000000003,39.45935,43.54064941406253,0.5245861375188254
3.912023005428146,3.3084855,49.99999999999999,27.343683,22.65631675720214,0.4531263351440429
4.060443010546419,3.810794,57.999999999999986,45.186306,12.813694000244126,0.2209257586248988
3.7376696182833684,3.5301042,42.00000000000001,34.12752,7.872478485107429,0.18743996393112922
3.4965075614664802,3.844376,33.0,46.72952,-13.72951889038086,0.41604602698123816
4.356708826689592,4.4102917,78.0,82.293465,-4.293464660644531,0.05504441872621194
4.7535901911063645,3.3297577,115.99999999999999,27.931572,88.06842803955077,0.7592105865478516
3.912023005428146,3.7218664,49.99999999999999,41.34148,8.65851974487304,0.17317039489746083
4.605170185988092,3.6585598,100.00000000000004,38.805416,61.19458389282231,0.6119458389282229
3.091042453358316,3.528266,22.000000000000004,34.064846,-12.064846038818356,0.5484020926735615
3.2188758248682006,4.221104,24.999999999999996,68.10864,-43.108642578125,1.7243457031250002
3.2188758248682006,3.3374684,24.999999999999996,28.147778,-3.1477775573730504,0.12591110229492203
3.7376696182833684,3.675738,42.00000000000001,39.477783,2.522216796875007,0.06005278087797635
4.189654742026425,4.0388055,65.99999999999997,56.758503,9.241497039794893,0.1400226824211348
4.189654742026425,3.5905948,65.99999999999997,36.255634,29.744365692138643,0.4506722074566463
3.2188758248682006,3.458904,24.999999999999996,31.782125,-6.7821254730224645,0.2712850189208986
3.912023005428146,3.5246456,49.99999999999999,33.941742,16.058258056640618,0.3211651611328124
4.189654742026425,3.9491725,65.99999999999997,51.892406,14.107593536376925,0.21375141721783228
3.2188758248682006,3.5149288,24.999999999999996,33.613537,-8.6135368347168,0.3445414733886721
3.2188758248682006,3.658406,24.999999999999996,38.799446,-13.799446105957035,0.5519778442382814
4.060443010546419,3.64709,57.999999999999986,38.362865,19.63713455200194,0.33857128537934383
4.189654742026425,4.1524324,65.99999999999997,63.588486,2.411514282226534,0.03653809518525053
4.605170185988092,3.948868,100.00000000000004,51.87661,48.12339019775395,0.4812339019775393
3.4339872044851463,3.8422627,31.0,46.63087,-15.630870819091797,0.5042216393255419
3.2188758248682006,3.3124716,24.999999999999996,27.452894,-2.4528942108154332,0.09811576843261734
3.2188758248682006,3.8252454,24.999999999999996,45.844048,-20.844047546386722,0.8337619018554691
3.4965075614664802,3.591376,33.0,36.28397,-3.2839698791503906,0.09951423876213306
3.5263605246161616,3.3616946,34.00000000000001,28.838018,5.161981582641609,0.15182298772475317
3.912023005428146,4.0844707,49.99999999999999,59.41049,-9.410488128662116,0.18820976257324235
4.31748811353631,3.8272495,74.99999999999997,45.93602,29.063980102539034,0.3875197347005206
3.2188758248682006,3.5149174,24.999999999999996,33.61315,-8.613151550292972,0.3445260620117189
3.2188758248682006,4.03407,24.999999999999996,56.49036,-31.49036026000977,1.259614410400391
3.2188758248682006,4.030641,24.999999999999996,56.29699,-31.296989440917972,1.251879577636719
3.2188758248682006,4.168342,24.999999999999996,64.60825,-39.608253479003906,1.5843301391601565
3.4965075614664802,3.383365,33.0,29.469769,3.530231475830078,0.10697671138879025
3.912023005428146,3.607958,49.99999999999999,36.890648,13.1093521118164,0.262187042236328
3.2188758248682006,3.419465,24.999999999999996,30.553066,-5.553066253662113,0.22212265014648455
3.912023005428146,3.8624616,49.99999999999999,47.582333,2.4176673889160085,0.04835334777832018
3.912023005428146,3.7249296,49.99999999999999,41.46831,8.53168869018554,0.1706337738037108
4.189654742026425,3.6928504,65.99999999999997,40.159153,25.84084701538083,0.3915279850815279
3.2188758248682006,3.7204561,24.999999999999996,41.28322,-16.283218383789066,0.6513287353515628
3.912023005428146,4.1201468,49.99999999999999,61.568275,-11.568275451660163,0.2313655090332033
3.912023005428146,3.486584,49.99999999999999,32.67414,17.32585906982421,0.3465171813964843
3.5263605246161616,3.5920532,34.00000000000001,36.308548,-2.3085479736328054,0.06789846981272955
3.912023005428146,3.511845,49.99999999999999,33.51004,16.489959716796868,0.3297991943359374
4.31748811353631,3.906458,74.99999999999997,49.72252,25.277481079101534,0.33703308105468727
4.31748811353631,4.2377815,74.99999999999997,69.25404,5.745956420898409,0.07661275227864549
3.091042453358316,3.6551409,22.000000000000004,38.67297,-16.67296981811523,0.7578622644597831
3.2188758248682006,3.4692001,24.999999999999996,32.111046,-7.111045837402347,0.2844418334960939
3.2188758248682006,3.6621227,24.999999999999996,38.943924,-13.943923950195316,0.5577569580078128
3.2188758248682006,3.6075947,24.999999999999996,36.877247,-11.877246856689457,0.4750898742675783
3.912023005428146,3.8133922,49.99999999999999,45.303856,4.696144104003899,0.093922882080078
4.6913478822291435,4.4096985,108.99999999999997,82.24466,26.755340576171847,0.24546184014836564
3.7376696182833684,3.158192,42.00000000000001,23.528017,18.471982955932624,0.4398091179983957
3.091042453358316,3.8688705,22.000000000000004,47.888264,-25.888263702392575,1.1767392591996624
3.2188758248682006,3.7077315,24.999999999999996,40.761234,-15.76123428344727,0.6304493713378908
4.430816798843313,3.8968341,83.99999999999999,49.246296,34.75370407104491,0.4137345722743442
3.4965075614664802,3.2425528,33.0,25.598986,7.40101432800293,0.22427316145463425
3.2188758248682006,3.8007085,24.999999999999996,44.73287,-19.73286819458008,0.7893147277832033
3.912023005428146,3.6347578,49.99999999999999,37.892673,12.107326507568352,0.24214653015136708
3.2188758248682006,3.6565216,24.999999999999996,38.726402,-13.726402282714847,0.549056091308594
3.4965075614664802,3.7240808,33.0,41.43313,-8.433128356933594,0.25554934414950287
3.2188758248682006,3.6965432,24.999999999999996,40.307728,-15.307727813720707,0.6123091125488284
4.060443010546419,4.3753695,57.999999999999986,79.4692,-21.469200134277358,0.37015862300478214
3.912023005428146,3.4856095,49.99999999999999,32.64232,17.357681274414055,0.34715362548828116
3.2188758248682006,3.4633482,24.999999999999996,31.923683,-6.92368316650391,0.2769473266601564
4.31748811353631,3.3655207,74.99999999999997,28.948566,46.05143356323239,0.6140191141764322
3.4965075614664802,3.6382563,33.0,38.025475,-5.025474548339844,0.1522871075254498
4.8283137373023015,3.7108297,125.00000000000004,40.88772,84.11228179931645,0.6728982543945313
3.2188758248682006,3.2994092,24.999999999999996,27.096624,-2.096624374389652,0.08386497497558609
4.605170185988092,3.6340008,100.00000000000004,37.864,62.136001586914105,0.6213600158691408
3.2188758248682006,3.5361004,24.999999999999996,34.332775,-9.3327751159668,0.37331100463867206
3.713572066704308,3.6889575,41.00000000000001,40.00312,0.9968795776367259,0.02431413603992014
3.912023005428146,3.328158,49.99999999999999,27.886925,22.11307525634765,0.44226150512695306
3.4965075614664802,4.053511,33.0,57.599342,-24.599342346191406,0.7454346165512548
3.912023005428146,3.8116977,49.99999999999999,45.227158,4.772842407226555,0.09545684814453112
3.2188758248682006,3.396163,24.999999999999996,29.849348,-4.849348068237308,0.19397392272949235
3.5263605246161616,3.6528978,34.00000000000001,38.586323,-4.586322784423821,0.13489184660070058
3.912023005428146,3.763706,49.99999999999999,43.107887,6.892112731933587,0.13784225463867175
4.189654742026425,3.832533,65.99999999999997,46.179356,19.82064437866208,0.30031279361609226
3.2188758248682006,3.5298505,24.999999999999996,34.118866,-9.118865966796879,0.3647546386718752
3.258096538021482,3.2575023,26.000000000000004,25.984554,0.015445709228519178,0.0005940657395584299
3.2188758248682006,3.5895476,24.999999999999996,36.21769,-11.21768951416016,0.44870758056640647
3.7376696182833684,3.4562252,42.00000000000001,31.6971,10.302900314331062,0.24530715034121572
4.31748811353631,4.069629,74.99999999999997,58.53525,16.46474838256833,0.2195299784342445
3.5553480614894135,3.8849652,34.99999999999999,48.66525,-13.665248870849616,0.3904356820242748
3.4965075614664802,4.177202,33.0,65.18323,-32.1832275390625,0.9752493193655303
4.07753744390572,3.904537,59.000000000000014,49.627094,9.372905731201186,0.1588628090034099
3.7376696182833684,3.5305696,42.00000000000001,34.14341,7.856590270996101,0.18706167311895475
4.060443010546419,4.078646,57.999999999999986,59.065453,-1.065452575683608,0.01836987199454497
3.912023005428146,3.630003,49.99999999999999,37.71293,12.287071228027337,0.24574142456054676
4.68213122712422,3.602861,108.00000000000003,36.70309,71.29690933227542,0.6601565678914388
3.912023005428146,3.6519322,49.99999999999999,38.54908,11.450920104980462,0.22901840209960928
3.2188758248682006,3.5847259,24.999999999999996,36.043476,-11.043476104736332,0.4417390441894533
4.060443010546419,3.4061034,57.999999999999986,30.147541,27.852458953857408,0.48021480954926576
4.6913478822291435,5.0250716,108.99999999999997,152.18115,-43.18115234375003,0.39615736095183524
4.890349128221754,4.7652755,133.0,117.36344,15.636558532714844,0.11756810926853266
3.4965075614664802,3.6508265,33.0,38.506477,-5.506477355957031,0.1668629501805161
3.912023005428146,3.8775792,49.99999999999999,48.307133,1.6928672790527273,0.03385734558105455
4.8283137373023015,4.0132823,125.00000000000004,55.32818,69.67182159423832,0.5573745727539064
4.31748811353631,3.9420593,74.99999999999997,51.524597,23.47540283203122,0.31300537109374976
3.2188758248682006,3.4466546,24.999999999999996,31.395185,-6.395185470581058,0.25580741882324237
3.4965075614664802,3.595939,33.0,36.44991,-3.449909210205078,0.10454270333954782
3.2188758248682006,3.7097914,24.999999999999996,40.845287,-15.84528732299805,0.6338114929199221
3.912023005428146,3.944173,49.99999999999999,51.633625,-1.6336250305175852,0.03267250061035171
3.6375861597263857,4.3186126,37.99999999999999,75.08438,-37.08438110351563,0.9759047658819905
3.4965075614664802,3.4794195,33.0,32.440884,0.5591163635253906,0.016942920106830017
3.2188758248682006,3.47425,24.999999999999996,32.273617,-7.273616790771488,0.2909446716308596
4.248495242049359,4.360687,70.00000000000003,78.3109,-8.310897827148409,0.1187271118164058
4.31748811353631,3.932991,74.99999999999997,51.05947,23.940528869628878,0.3192070515950518
3.4965075614664802,3.9015818,33.0,49.480656,-16.480655670166016,0.49941380818684894
3.713572066704308,3.1087801,41.00000000000001,22.393711,18.606288909912116,0.45381192463200276
3.2188758248682006,3.4426906,24.999999999999996,31.270983,-6.270982742309574,0.250839309692383
4.430816798843313,3.9916909,83.99999999999999,54.146366,29.85363388061522,0.3554004033406574
4.060443010546419,3.6873822,57.999999999999986,39.940155,18.05984497070311,0.31137663742591576
3.2188758248682006,3.714322,24.999999999999996,41.03076,-16.030761718750004,0.6412304687500002
3.912023005428146,3.993618,49.99999999999999,54.250816,-4.250816345214851,0.08501632690429703
3.912023005428146,3.7279906,49.99999999999999,41.595444,8.404556274414055,0.16809112548828115
4.31748811353631,3.79936,74.99999999999997,44.67259,30.3274116516113,0.4043654886881508
3.912023005428146,3.4716976,49.99999999999999,32.19134,17.80865859985351,0.3561731719970702
4.060443010546419,3.477051,57.999999999999986,32.36414,25.63586044311522,0.44199759384681425
4.189654742026425,3.3843346,65.99999999999997,29.498358,36.50164222717282,0.5530551852601945
4.418840607796598,4.102719,83.00000000000003,60.504566,22.495433807373075,0.2710293229803984
3.044522437723423,3.5204985,21.0,33.801273,-12.801273345947266,0.6095844450451079
3.912023005428146,3.5407302,49.99999999999999,34.492096,15.507904052734368,0.3101580810546874
4.189654742026425,3.8562772,65.99999999999997,47.28898,18.711021423339815,0.28350032459605795
3.2188758248682006,3.8488507,24.999999999999996,46.939087,-21.939086914062504,0.8775634765625002
3.2188758248682006,3.7324383,24.999999999999996,41.78086,-16.78086090087891,0.6712344360351565
4.418840607796598,3.9752483,83.00000000000003,53.263344,29.736656188964872,0.3582729661321068
3.4965075614664802,3.7063239,33.0,40.7039,-7.703899383544922,0.23345149647105823
4.31748811353631,3.8986597,74.99999999999997,49.33628,25.663719177246065,0.342182922363281
3.4965075614664802,3.4386928,33.0,31.146217,1.8537826538085938,0.05617523193359375
3.912023005428146,3.784249,49.99999999999999,44.002617,5.997383117675774,0.1199476623535155
3.912023005428146,4.054201,49.99999999999999,57.6391,-7.639099121093757,0.15278198242187516
4.605170185988092,3.4774742,100.00000000000004,32.37784,67.62216186523442,0.6762216186523439
3.2188758248682006,3.3727372,24.999999999999996,29.15823,-4.158229827880863,0.16632919311523453
4.5217885770490405,3.760505,92.00000000000001,42.97012,49.029880523681655,0.5329334839530614
3.2188758248682006,3.6089394,24.999999999999996,36.92687,-11.926868438720707,0.47707473754882834
4.31748811353631,3.77339,74.99999999999997,43.527374,31.472625732421847,0.4196350097656248
3.7376696182833684,3.7204535,42.00000000000001,41.28311,0.7168884277343821,0.01706877208891386
4.8283137373023015,3.3807027,125.00000000000004,29.391418,95.60858154296879,0.7648686523437501
3.7376696182833684,3.96357,42.00000000000001,52.64494,-10.644939422607415,0.2534509386335098
4.204692619390966,3.9237564,66.99999999999997,50.590122,16.40987777709958,0.24492354891193416
4.8283137373023015,4.777086,125.00000000000004,118.75776,6.242240905761761,0.049937927246094076
3.2188758248682006,3.1978798,24.999999999999996,24.480572,0.5194282531738246,0.020777130126952984
3.2188758248682006,3.6618507,24.999999999999996,38.93333,-13.933330535888675,0.5573332214355471
3.2188758248682006,3.5060878,24.999999999999996,33.317665,-8.31766510009766,0.33270660400390645
3.5263605246161616,3.6946194,34.00000000000001,40.23026,-6.2302589416503835,0.18324291004854065
3.912023005428146,3.5873494,49.99999999999999,36.13816,13.861839294433587,0.2772367858886718
3.912023005428146,4.0052967,49.99999999999999,54.888107,-4.888107299804695,0.09776214599609391
3.912023005428146,3.3456612,49.99999999999999,28.379333,21.620666503906243,0.43241333007812494
4.31748811353631,3.4863563,74.99999999999997,32.666702,42.33329772949216,0.5644439697265623
3.912023005428146,4.0270734,49.99999999999999,56.096497,-6.096496582031257,0.12192993164062516
4.605170185988092,3.6415439,100.00000000000004,38.150692,61.84930801391606,0.6184930801391603
4.605170185988092,4.3480663,100.00000000000004,77.32879,22.671211242675824,0.22671211242675815
3.5263605246161616,3.838119,34.00000000000001,46.438046,-12.438045501708977,0.3658248676973228
4.07753744390572,4.3339047,59.000000000000014,76.24141,-17.2414093017578,0.29222727630097955
3.912023005428146,3.8720164,49.99999999999999,48.039158,1.9608421325683523,0.03921684265136705
4.31748811353631,3.8947685,74.99999999999997,49.144672,25.855327606201143,0.3447377014160154
3.2188758248682006,3.6035128,24.999999999999996,36.72702,-11.727020263671879,0.4690808105468752
3.7376696182833684,3.4953122,42.00000000000001,32.96058,9.039421081542976,0.2152243114653089
3.5263605246161616,3.43068,34.00000000000001,30.897648,3.1023521423339915,0.09124565124511738
4.31748811353631,3.7094712,74.99999999999997,40.83221,34.16778945922849,0.45557052612304666
3.5263605246161616,3.4900527,34.00000000000001,32.787674,1.2123260498046946,0.035656648523667483
3.912023005428146,3.3326588,49.99999999999999,28.012722,21.987277984619134,0.4397455596923827
4.418840607796598,4.1712737,83.00000000000003,64.797935,18.202064514160185,0.2193019820983154
4.276666119016055,3.7985754,72.0,44.63755,27.362449645996094,0.38003402286105686
3.912023005428146,4.2948585,49.99999999999999,73.32184,-23.321838378906257,0.4664367675781252
3.912023005428146,3.3648496,49.99999999999999,28.929146,21.07085418701171,0.4214170837402343
3.912023005428146,3.970623,49.99999999999999,53.01755,-3.0175514221191477,0.060351028442382965
3.7376696182833684,3.7792187,42.00000000000001,43.781822,-1.7818222045898366,0.042424338204519914
3.5263605246161616,3.460396,34.00000000000001,31.82958,2.170419692993171,0.06383587332332855
3.1780538303479458,3.4676695,24.000000000000004,32.061935,-8.061935424804684,0.33591397603352846
3.5263605246161616,3.7212942,34.00000000000001,41.317833,-7.317832946777337,0.21523038078756868
4.189654742026425,3.634297,65.99999999999997,37.875214,28.124786376953097,0.42613312692353195
3.4965075614664802,3.710442,33.0,40.871872,-7.8718719482421875,0.2385415741891572
3.2188758248682006,3.3125534,24.999999999999996,27.455141,-2.4551410675048864,0.09820564270019547
3.2188758248682006,3.4351616,24.999999999999996,31.036427,-6.036426544189457,0.2414570617675783
4.060443010546419,3.886229,57.999999999999986,48.72679,9.273208618164048,0.159882907209725
4.68213122712422,3.5772305,108.00000000000003,35.774326,72.22567367553714,0.6687562377364548
3.5263605246161616,3.8712766,34.00000000000001,48.003628,-14.003627777099602,0.41187140520881177
3.2188758248682006,3.248789,24.999999999999996,25.759129,-0.7591285705566442,0.03036514282226577
4.8283137373023015,4.3093576,125.00000000000004,74.392685,50.607315063476605,0.4048585205078127
3.970291913552122,3.5217273,53.00000000000001,33.842834,19.157165527343757,0.3614559533461086
3.2188758248682006,3.5620296,24.999999999999996,35.23464,-10.234638214111332,0.4093855285644533
4.31748811353631,3.741136,74.99999999999997,42.145844,32.8541564941406,0.4380554199218748
3.2188758248682006,3.6916478,24.999999999999996,40.110886,-15.110885620117191,0.6044354248046877
4.605170185988092,4.518781,100.00000000000004,91.72373,8.276268005371136,0.08276268005371133
4.6913478822291435,3.8535702,108.99999999999997,47.16114,61.83885955810544,0.5673289867716097
3.7376696182833684,4.4658527,42.00000000000001,86.99518,-44.99517822265624,1.0713137672061008
3.713572066704308,3.728787,41.00000000000001,41.62858,-0.6285781860351491,0.015331175269149977
3.713572066704308,3.792191,41.00000000000001,44.353474,-3.353473663330071,0.08179204056902611
3.912023005428146,3.412758,49.99999999999999,30.348835,19.651165008544915,0.39302330017089837
3.713572066704308,3.6012762,41.00000000000001,36.64497,4.35503005981446,0.10622024536132828
3.2188758248682006,3.580789,24.999999999999996,35.90186,-10.90185928344727,0.43607437133789084
4.605170185988092,4.5698624,100.00000000000004,96.53082,3.4691772460937926,0.03469177246093791
3.2188758248682006,3.4831643,24.999999999999996,32.5626,-7.56259918212891,0.30250396728515644
4.8283137373023015,4.9136496,125.00000000000004,136.13535,-11.135345458984332,0.08908276367187463
4.31748811353631,3.7467103,74.99999999999997,42.38143,32.61856842041013,0.43491424560546854
3.912023005428146,3.643684,49.99999999999999,38.23242,11.767578124999993,0.2353515624999999
3.5263605246161616,3.763429,34.00000000000001,43.095947,-9.095947265624993,0.2675278607536762
3.912023005428146,3.6534598,49.99999999999999,38.60801,11.391990661621087,0.22783981323242178
3.2188758248682006,3.4891188,24.999999999999996,32.75707,-7.757068634033207,0.3102827453613283
4.31748811353631,4.014104,74.99999999999997,55.373653,19.626346588134737,0.2616846211751299
3.912023005428146,4.023625,49.99999999999999,55.90338,-5.903381347656257,0.11806762695312516
4.605170185988092,4.0235844,100.00000000000004,55.901115,44.098884582519574,0.44098884582519554
3.912023005428146,3.385001,49.99999999999999,29.51802,20.48197937011718,0.4096395874023437
3.2188758248682006,3.512686,24.999999999999996,33.53823,-8.538230895996097,0.34152923583984396
4.07753744390572,3.7542007,59.000000000000014,42.700077,16.29992294311525,0.2762698803917838
3.7376696182833684,3.9451249,42.00000000000001,51.682793,-9.682792663574212,0.2305426824660526
3.912023005428146,3.6826882,49.99999999999999,39.753117,10.246883392333977,0.20493766784667958
3.2188758248682006,3.5692616,24.999999999999996,35.490376,-10.490375518798832,0.41961502075195334
3.912023005428146,3.6459157,49.99999999999999,38.317844,11.682155609130852,0.23364311218261707
3.4965075614664802,3.6328247,33.0,37.819492,-4.819492340087891,0.14604522242690576
3.2188758248682006,3.6994045,24.999999999999996,40.423225,-15.423225402832035,0.6169290161132814
3.2188758248682006,4.073307,24.999999999999996,58.750935,-33.75093460083008,1.3500373840332034
3.912023005428146,3.6281874,49.99999999999999,37.64452,12.35548019409179,0.24710960388183584
3.2188758248682006,3.4951355,24.999999999999996,32.954754,-7.954753875732425,0.31819015502929704
3.2188758248682006,3.4136734,24.999999999999996,30.376625,-5.37662506103516,0.21506500244140642
4.060443010546419,4.0099087,57.999999999999986,55.141834,2.8581657409667827,0.049278719671841095
3.2188758248682006,3.7492328,24.999999999999996,42.488472,-17.488471984863285,0.6995388793945315
3.4965075614664802,3.3891382,33.0,29.640398,3.3596019744873047,0.10180612043900923
3.912023005428146,3.5670989,49.99999999999999,35.413704,14.586296081542962,0.29172592163085925
3.2188758248682006,3.9002519,24.999999999999996,49.414894,-24.41489410400391,0.9765957641601565
4.31748811353631,3.9097137,74.99999999999997,49.88467,25.115329742431612,0.3348710632324216
3.912023005428146,3.9127965,49.99999999999999,50.03869,-0.038688659667975855,0.0007737731933595173
3.5263605246161616,3.7353609,34.00000000000001,41.903145,-7.903144836425774,0.2324454363654639
3.912023005428146,3.5818565,49.99999999999999,35.9402,14.05979919433593,0.2811959838867186
3.2188758248682006,3.3315341,24.999999999999996,27.981236,-2.981235504150394,0.11924942016601578
3.2188758248682006,3.3748744,24.999999999999996,29.220612,-4.2206115722656286,0.16882446289062517
4.605170185988092,3.5075946,100.00000000000004,33.36791,66.63209152221684,0.6663209152221681
4.605170185988092,4.522832,100.00000000000004,92.09604,7.903961181640668,0.07903961181640665
3.2188758248682006,3.4482954,24.999999999999996,31.446741,-6.44674110412598,0.25786964416503927
3.4965075614664802,3.6479106,33.0,38.39436,-5.394359588623047,0.16346544207948627
3.2188758248682006,3.702194,24.999999999999996,40.53614,-15.536140441894535,0.6214456176757814
3.1780538303479458,3.7150729,24.000000000000004,41.06158,-17.06158065795898,0.710899194081624
3.2188758248682006,3.8228693,24.999999999999996,45.73525,-20.73524856567383,0.8294099426269533
3.912023005428146,3.5475123,49.99999999999999,34.726818,15.273181915283196,0.305463638305664
3.912023005428146,4.0194736,49.99999999999999,55.67179,-5.671791076660163,0.11343582153320328
3.912023005428146,3.6841218,49.99999999999999,39.810146,10.189853668212884,0.2037970733642577
3.2188758248682006,3.581825,24.999999999999996,35.93907,-10.939071655273441,0.4375628662109377
4.948759890378168,4.4875174,141.00000000000003,88.90047,52.099533081054716,0.3695002346174093
3.2188758248682006,3.3311508,24.999999999999996,27.97051,-2.9705104827880895,0.1188204193115236
3.912023005428146,3.9784296,49.99999999999999,53.433056,-3.433055877685554,0.06866111755371108
3.4965075614664802,3.47457,33.0,32.283943,0.7160568237304688,0.021698691628196022
4.189654742026425,4.1513214,65.99999999999997,63.51788,2.482120513915987,0.03760788657448467
4.204692619390966,4.6052556,66.99999999999997,100.008545,-33.00854492187503,0.4926648495802245
3.2188758248682006,3.6198826,24.999999999999996,37.333183,-12.333183288574222,0.493327331542969
3.912023005428146,3.612093,49.99999999999999,37.043503,12.956497192382805,0.25912994384765614
3.713572066704308,3.337524,41.00000000000001,28.149342,12.850658416748054,0.3134306930914159
3.912023005428146,3.807641,49.99999999999999,45.044056,4.95594406127929,0.0991188812255858
3.2188758248682006,3.3150868,24.999999999999996,27.524784,-2.524784088134769,0.10099136352539079
4.948759890378168,4.2104836,141.00000000000003,67.389114,73.61088562011722,0.5220630185823915
3.2188758248682006,3.4165773,24.999999999999996,30.464966,-5.4649658203125036,0.21859863281250017
3.5263605246161616,4.165369,34.00000000000001,64.41645,-30.416450500488274,0.8946014853084785
3.912023005428146,3.8497765,49.99999999999999,46.982563,3.0174369812011648,0.060348739624023304
4.204692619390966,4.1987276,66.99999999999997,66.60153,0.3984680175780966,0.005947283844449205
3.2188758248682006,3.5615952,24.999999999999996,35.219334,-10.219333648681644,0.40877334594726583
4.382026634673881,3.7886937,79.99999999999997,44.198624,35.80137634277341,0.4475172042846678
4.31748811353631,4.0867586,74.99999999999997,59.546566,15.453433990478487,0.20604578653971323
3.912023005428146,3.6541135,49.99999999999999,38.63326,11.366741180419915,0.22733482360839832
3.4965075614664802,3.7022085,33.0,40.53673,-7.536731719970703,0.2283858096960819
3.2188758248682006,3.8975992,24.999999999999996,49.283985,-24.283985137939457,0.9713594055175784
3.2188758248682006,3.3437855,24.999999999999996,28.326153,-3.3261528015136754,0.13304611206054703
4.31748811353631,3.764634,74.99999999999997,43.147907,31.852092742919893,0.42469456990559873
4.605170185988092,4.529357,100.00000000000004,92.69893,7.30107116699223,0.07301071166992228
3.2188758248682006,3.768584,24.999999999999996,43.318684,-18.31868362426758,0.7327473449707034
3.2188758248682006,3.84852,24.999999999999996,46.923565,-21.923564910888675,0.8769425964355472
4.189654742026425,4.1750526,65.99999999999997,65.04327,0.9567337036132528,0.014495965206261412
3.5263605246161616,3.6914594,34.00000000000001,40.103333,-6.103332519531243,0.17950977998621298
3.8066624897703196,3.8441107,44.99999999999999,46.71712,-1.7171211242675852,0.03815824720594634
3.912023005428146,4.103455,49.99999999999999,60.54913,-10.549129486083991,0.21098258972167985
3.2188758248682006,3.3091123,24.999999999999996,27.360826,-2.360826492309574,0.09443305969238297
3.7376696182833684,4.071746,42.00000000000001,58.659286,-16.65928649902343,0.39664967854817684
3.713572066704308,3.7233906,41.00000000000001,41.40454,-0.4045410156249929,0.009866854039633971
3.4965075614664802,4.0883384,33.0,59.64071,-26.640708923339844,0.8072942097981771
3.2188758248682006,3.5438788,24.999999999999996,34.60087,-9.60086822509766,0.38403472900390645
3.2188758248682006,3.7593544,24.999999999999996,42.920704,-17.920703887939457,0.7168281555175784
3.912023005428146,3.8786783,49.99999999999999,48.360256,1.6397438049316335,0.03279487609863267
3.4965075614664802,3.683248,33.0,39.775375,-6.7753753662109375,0.20531440503669507
3.912023005428146,4.2696996,49.99999999999999,71.50015,-21.500152587890632,0.4300030517578127
3.2188758248682006,3.64647,24.999999999999996,38.339092,-13.339092254638675,0.5335636901855471
4.51085950651685,4.0423794,90.99999999999997,56.961716,34.038284301757784,0.37404708023909666
4.867534450455582,4.703966,129.99999999999997,110.3841,19.61589813232419,0.1508915240948015
3.4965075614664802,4.1892586,33.0,65.97386,-32.97386169433594,0.9992079301313921
3.912023005428146,4.259901,49.99999999999999,70.80298,-20.802978515625007,0.4160595703125002
3.7376696182833684,3.9138916,42.00000000000001,50.093513,-8.093513488769524,0.19270270211356005
4.060443010546419,3.3185196,57.999999999999986,27.619432,30.380567550659165,0.5238028888044685
4.060443010546419,3.718264,57.999999999999986,41.192825,16.807174682617173,0.2897788738382272
3.2188758248682006,3.5785332,24.999999999999996,35.82096,-10.82096099853516,0.43283843994140647
4.31748811353631,4.1123934,74.99999999999997,61.092762,13.907238006591768,0.18542984008789032
3.258096538021482,3.32447,26.000000000000004,27.78427,-1.7842693328857386,0.0686257435725284
4.762173934797756,4.452051,117.00000000000003,85.80276,31.197242736816435,0.2666431003146703
3.912023005428146,4.3481855,49.99999999999999,77.338005,-27.338005065917976,0.5467601013183596
3.2188758248682006,3.6934204,24.999999999999996,40.182053,-15.182052612304691,0.6072821044921878
4.5217885770490405,4.415825,92.00000000000001,82.75007,9.249931335449233,0.10054273190705687
3.912023005428146,3.8624616,49.99999999999999,47.582333,2.4176673889160085,0.04835334777832018
3.4965075614664802,3.4575403,33.0,31.738811,1.2611885070800781,0.03821783354788116
3.2188758248682006,3.4636004,24.999999999999996,31.931736,-6.931735992431644,0.2772694396972658
4.204692619390966,4.0056477,66.99999999999997,54.907375,12.092624664306612,0.18048693528815846
3.912023005428146,3.505487,49.99999999999999,33.297653,16.702346801757805,0.3340469360351562
4.77912349311153,3.4191978,119.00000000000003,30.544903,88.45509719848636,0.7433201445250952
4.605170185988092,4.4708996,100.00000000000004,87.43534,12.564659118652386,0.1256465911865238
4.7535901911063645,3.9346344,115.99999999999999,51.14345,64.85654830932616,0.559108175080398
4.605170185988092,3.8148203,100.00000000000004,45.368603,54.631397247314496,0.5463139724731447
3.4965075614664802,4.1756763,33.0,65.08385,-32.08384704589844,0.9722377892696497
3.2188758248682006,3.5134153,24.999999999999996,33.5627,-8.562698364257816,0.3425079345703127
3.4965075614664802,3.6160905,33.0,37.191883,-4.191883087158203,0.12702676021691525
4.189654742026425,3.8514159,65.99999999999997,47.059647,18.94035339355466,0.28697505141749496
4.762173934797756,4.5048175,117.00000000000003,90.451836,26.54816436767581,0.22690738775791286
3.2188758248682006,3.4674218,24.999999999999996,32.053993,-7.05399322509766,0.28215972900390646
3.912023005428146,3.7802339,49.99999999999999,43.82629,6.1737098693847585,0.12347419738769519
3.2188758248682006,3.4705708,24.999999999999996,32.15509,-7.1550903320312536,0.28620361328125016
3.4965075614664802,3.6146388,33.0,37.137928,-4.137928009033203,0.125391757849491
4.356708826689592,4.2613926,78.0,70.90866,7.091339111328125,0.09091460399138622
3.2188758248682006,3.3107905,24.999999999999996,27.406782,-2.4067821502685582,0.09627128601074235
4.605170185988092,4.185473,100.00000000000004,65.72458,34.27542114257817,0.34275421142578155
3.912023005428146,3.919274,49.99999999999999,50.363873,-0.363872528076179,0.007277450561523581
4.8283137373023015,4.5588818,125.00000000000004,95.476654,29.523345947265668,0.23618676757812526
3.912023005428146,3.50218,49.99999999999999,33.187725,16.81227493286132,0.33624549865722647
4.356708826689592,4.476631,78.0,87.93793,-9.93792724609375,0.12740932366786858
3.2188758248682006,3.6083739,24.999999999999996,36.90599,-11.905990600585941,0.4762396240234377
3.2188758248682006,3.603496,24.999999999999996,36.72641,-11.726409912109379,0.4690563964843752
4.189654742026425,4.126695,65.99999999999997,61.972775,4.027225494384737,0.06101856809673847
3.713572066704308,3.8002186,41.00000000000001,44.710957,-3.710956573486321,0.09051113593869074
3.2188758248682006,3.327764,24.999999999999996,27.875942,-2.875942230224613,0.11503768920898454
3.912023005428146,3.548121,49.99999999999999,34.747963,15.252037048339837,0.3050407409667968
3.2188758248682006,3.651037,24.999999999999996,38.514584,-13.514583587646488,0.5405833435058596
3.4965075614664802,3.417966,33.0,30.507298,2.4927024841308594,0.07553643891305635
3.4965075614664802,3.9244652,33.0,50.625996,-17.625995635986328,0.5341210798783735
3.912023005428146,3.898886,49.99999999999999,49.347443,0.6525573730468679,0.01305114746093736
4.762173934797756,3.782867,117.00000000000003,43.94184,73.05815887451175,0.6244287083291601
3.2188758248682006,3.2167351,24.999999999999996,24.946539,0.05346107482909801,0.002138442993163921
3.912023005428146,3.2554097,49.99999999999999,25.930237,24.069763183593743,0.4813952636718749
3.2188758248682006,3.4210021,24.999999999999996,30.600065,-5.600065231323246,0.22400260925292986
3.2188758248682006,3.1404808,24.999999999999996,23.114977,1.8850231170654261,0.07540092468261705
3.2188758248682006,3.4116833,24.999999999999996,30.316233,-5.316232681274418,0.21264930725097672
4.836281906951478,4.7393284,126.0,114.35737,11.642631530761719,0.09240183754572792
3.4965075614664802,3.352389,33.0,28.570911,4.429088592529297,0.13421480583422113
3.2188758248682006,3.5735154,24.999999999999996,35.64167,-10.641670227050785,0.42566680908203147
3.713572066704308,3.9204044,41.00000000000001,50.420834,-9.420833587646477,0.22977642896698722
3.912023005428146,3.4601474,49.99999999999999,31.821667,18.178333282470696,0.363566665649414
3.5263605246161616,3.2155337,34.00000000000001,24.916588,9.083412170410163,0.26715918148265183
3.7376696182833684,4.0515475,42.00000000000001,57.48635,-15.486351013183587,0.3687226431710377
3.2188758248682006,3.6875536,24.999999999999996,39.947002,-14.947002410888675,0.5978800964355471
3.2188758248682006,3.9608722,24.999999999999996,52.503098,-27.50309753417969,1.1001239013671877
3.7376696182833684,3.4112947,42.00000000000001,30.304455,11.69554519653321,0.27846536182221926
3.2188758248682006,3.7732725,24.999999999999996,43.52226,-18.522258758544925,0.7408903503417972
4.430816798843313,3.8761904,83.99999999999999,48.24009,35.75991058349608,0.42571322123209626
4.31748811353631,4.205315,74.99999999999997,67.04172,7.958282470703097,0.106110432942708
3.2188758248682006,3.4554026,24.999999999999996,31.671038,-6.671037673950199,0.266841506958008
4.31748811353631,4.823386,74.99999999999997,124.385574,-49.38557434082034,0.6584743245442715
3.2188758248682006,3.3115172,24.999999999999996,27.426706,-2.4267063140869176,0.09706825256347672
3.912023005428146,3.7902975,49.99999999999999,44.26957,5.730430603027337,0.11460861206054675
4.605170185988092,3.759285,100.00000000000004,42.91773,57.08227157592778,0.5708227157592776
3.912023005428146,3.5328448,49.99999999999999,34.22118,15.77882003784179,0.31557640075683585
3.7376696182833684,3.782254,42.00000000000001,43.914913,-1.9149131774902273,0.04559317089262445
3.4011973816621555,3.54446,30.000000000000004,34.620987,-4.620986938476559,0.15403289794921862
3.6109179126442243,3.5533042,37.0,34.92854,2.071460723876953,0.05598542496964738
3.2188758248682006,3.63468,24.999999999999996,37.88973,-12.889728546142582,0.5155891418457034
3.2188758248682006,3.7068992,24.999999999999996,40.72732,-15.727321624755863,0.6290928649902346
3.912023005428146,3.78367,49.99999999999999,43.97714,6.0228614807128835,0.12045722961425769
3.5263605246161616,3.7102077,34.00000000000001,40.862293,-6.862293243408196,0.20183215421788808
3.912023005428146,3.6274548,49.99999999999999,37.61695,12.383049011230462,0.24766098022460928
4.394449154672439,3.75,81.00000000000003,42.521084,38.47891616821292,0.47504834775571486
3.2188758248682006,4.0086637,24.999999999999996,55.073223,-30.073223114013675,1.2029289245605472
3.912023005428146,3.8019094,49.99999999999999,44.78662,5.213378906249993,0.10426757812499987
4.605170185988092,4.792999,100.00000000000004,120.66267,-20.66266632080074,0.2066266632080073
4.07753744390572,4.323654,59.000000000000014,75.46388,-16.46388244628905,0.27904885502184823
4.189654742026425,4.1047125,65.99999999999997,60.625313,5.37468719482419,0.08143465446703323
3.4965075614664802,3.8952625,33.0,49.168957,-16.168956756591797,0.48996838656338776
3.2188758248682006,3.3277047,24.999999999999996,27.874287,-2.8742866516113317,0.11497146606445328
3.912023005428146,3.6475337,49.99999999999999,38.37989,11.620109558105462,0.23240219116210928
3.2188758248682006,3.473144,24.999999999999996,32.23794,-7.237941741943363,0.28951766967773457
4.31748811353631,3.2524986,74.99999999999997,25.85486,49.14513969421384,0.6552685292561847
4.8283137373023015,4.5418963,125.00000000000004,93.86864,31.131362915039105,0.24905090332031277
3.2188758248682006,3.9195666,24.999999999999996,50.37861,-25.378608703613285,1.0151443481445315
3.2188758248682006,3.9165032,24.999999999999996,50.22451,-25.224510192871097,1.008980407714844
3.912023005428146,3.2012513,49.99999999999999,24.563246,25.436754226684563,0.5087350845336913
3.2188758248682006,3.42686,24.999999999999996,30.779844,-5.779844284057621,0.23119377136230487
3.2188758248682006,3.8783367,24.999999999999996,48.343735,-23.34373474121094,0.9337493896484378
4.127134385045092,3.8012877,62.00000000000001,44.75878,17.24121856689454,0.27808417043378286
3.2188758248682006,3.3201683,24.999999999999996,27.665005,-2.665004730224613,0.10660018920898454
4.8283137373023015,4.563348,125.00000000000004,95.904015,29.0959854125977,0.23276788330078152
3.912023005428146,3.6357625,49.99999999999999,37.930763,12.069236755371087,0.24138473510742176
3.2188758248682006,3.7241015,24.999999999999996,41.43399,-16.43399047851563,0.6573596191406252
4.060443010546419,4.1514764,57.999999999999986,63.52772,-5.527721405029311,0.09530554146602263
3.4965075614664802,3.9647923,33.0,52.709316,-19.70931625366211,0.5972520076867306
3.7376696182833684,4.1224484,42.00000000000001,61.71015,-19.710151672363274,0.46928932553245883
3.2188758248682006,3.530198,24.999999999999996,34.13073,-9.130729675292972,0.36522918701171897
3.2188758248682006,3.5163305,24.999999999999996,33.660683,-8.66068267822266,0.34642730712890646
3.2188758248682006,3.4369986,24.999999999999996,31.093494,-6.093494415283207,0.2437397766113283
3.2188758248682006,3.8455417,24.999999999999996,46.78402,-21.784019470214847,0.871360778808594
4.634728988229636,3.3833923,103.00000000000001,29.470575,73.52942466735841,0.7138779093918292
3.2188758248682006,3.7987616,24.999999999999996,44.645863,-19.645862579345707,0.7858345031738284
3.2188758248682006,3.796759,24.999999999999996,44.556538,-19.55653762817383,0.7822615051269534
3.912023005428146,3.9470122,49.99999999999999,51.780426,-1.780426025390632,0.035608520507812644
4.605170185988092,4.0362,100.00000000000004,56.610817,43.389183044433636,0.43389183044433616
3.2188758248682006,3.6281178,24.999999999999996,37.6419,-12.641899108886722,0.5056759643554689
4.060443010546419,3.9891706,57.999999999999986,54.01007,3.989929199218736,0.06879188274515063
3.912023005428146,3.9939022,49.99999999999999,54.266235,-4.266235351562507,0.08532470703125015
3.091042453358316,3.1204047,22.000000000000004,22.655546,-0.6555461883544886,0.029797554016113115
3.2188758248682006,3.330986,24.999999999999996,27.965902,-2.9659023284912145,0.1186360931396486
3.912023005428146,3.3268971,49.99999999999999,27.851788,22.14821243286132,0.4429642486572265
3.2188758248682006,3.7537003,24.999999999999996,42.67871,-17.678710937500004,0.7071484375000002
3.2188758248682006,3.6645389,24.999999999999996,39.03813,-14.038131713867191,0.5615252685546878
3.912023005428146,3.7808607,49.99999999999999,43.853767,6.146232604980462,0.12292465209960925
3.2188758248682006,3.538135,24.999999999999996,34.4027,-9.402698516845707,0.3761079406738283
4.394449154672439,3.889178,81.00000000000003,48.8707,32.12929916381839,0.3966580143681281
3.5263605246161616,3.3116457,34.00000000000001,27.430231,6.5697689056396555,0.1932284972246957
3.4965075614664802,3.4476266,33.0,31.425718,1.5742816925048828,0.0477055058334813
3.2188758248682006,3.421853,24.999999999999996,30.626114,-5.626113891601566,0.22504455566406267
3.912023005428146,3.691824,49.99999999999999,40.117954,9.882045745849602,0.19764091491699207
3.713572066704308,3.7515466,41.00000000000001,42.586895,-1.5868949890136648,0.038704755829601575
3.912023005428146,4.068914,49.99999999999999,58.4934,-8.493400573730476,0.16986801147460953
3.912023005428146,3.959559,49.99999999999999,52.434196,-2.434196472167976,0.048683929443359523
3.2188758248682006,3.7335677,24.999999999999996,41.82807,-16.828071594238285,0.6731228637695315
3.5553480614894135,3.8263416,34.99999999999999,45.894333,-10.894332885742195,0.31126665387834845
3.2188758248682006,3.5347083,24.999999999999996,34.28501,-9.28501129150391,0.37140045166015645
3.2188758248682006,3.844281,24.999999999999996,46.725075,-21.72507476806641,0.8690029907226565
3.4965075614664802,4.145958,33.0,63.178116,-30.178115844726562,0.9144883589311079
3.2188758248682006,3.7309833,24.999999999999996,41.720108,-16.720108032226566,0.6688043212890628
3.912023005428146,3.6507285,49.99999999999999,38.502705,11.497295379638665,0.22994590759277334
3.2188758248682006,3.3243713,24.999999999999996,27.781528,-2.781528472900394,0.11126113891601579
3.713572066704308,3.682527,41.00000000000001,39.746708,1.2532920837402415,0.03056809960342052
3.4965075614664802,3.7455719,33.0,42.33321,-9.333209991455078,0.2828245451956084
3.4965075614664802,3.9234211,33.0,50.573166,-17.573165893554688,0.5325201785925663
3.4965075614664802,3.4920788,33.0,32.85417,0.1458282470703125,0.00441903779000947
4.060443010546419,3.3196096,57.999999999999986,27.649555,30.350444793701158,0.5232835309258822
3.2188758248682006,3.4748478,24.999999999999996,32.29291,-7.292911529541019,0.2917164611816408
3.912023005428146,3.6892037,49.99999999999999,40.012974,9.987026214599602,0.19974052429199207
3.5263605246161616,3.676147,34.00000000000001,39.49393,-5.4939308166503835,0.16158620048971714
4.060443010546419,4.1339602,57.999999999999986,62.424652,-4.424652099609389,0.07628710516567914
4.356708826689592,4.928299,78.0,138.14432,-60.144317626953125,0.7710809952173477
3.5263605246161616,3.4773262,34.00000000000001,32.373047,1.626953125000007,0.0478515625000002
4.605170185988092,4.3914747,100.00000000000004,80.75943,19.240570068359418,0.19240570068359408
3.1780538303479458,3.3871462,24.000000000000004,29.581413,-5.581413269042965,0.23255888621012352
3.713572066704308,3.8200104,41.00000000000001,45.604683,-4.604682922363274,0.11230933956983594
3.4965075614664802,4.048609,33.0,57.31766,-24.31766128540039,0.7368988268303148
3.2188758248682006,3.6079862,24.999999999999996,36.891685,-11.891685485839847,0.475667419433594
3.7376696182833684,3.7904742,42.00000000000001,44.27739,-2.2773895263671804,0.05422356015159952
3.2188758248682006,3.4538577,24.999999999999996,31.622145,-6.622144699096683,0.26488578796386736
3.871201010907891,3.5998206,48.00000000000001,36.59167,11.408329010009773,0.23767352104187023
4.8283137373023015,4.6818933,125.00000000000004,107.97431,17.02568817138676,0.13620550537109405
3.2188758248682006,3.1976922,24.999999999999996,24.475979,0.5240211486816371,0.020960845947265487
4.605170185988092,4.6701074,100.00000000000004,106.7092,-6.709197998046832,0.0670919799804683
4.060443010546419,3.9630382,57.999999999999986,52.616943,5.383056640624986,0.09281132139008598
3.2188758248682006,3.577881,24.999999999999996,35.797607,-10.797607421875004,0.4319042968750002
4.68213122712422,3.9796302,108.00000000000003,53.49725,54.502750396728544,0.5046550962660049
3.4965075614664802,3.8009999,33.0,44.745903,-11.745903015136719,0.355936455004143
3.2188758248682006,3.7865317,24.999999999999996,44.103172,-19.103172302246097,0.764126892089844
3.2188758248682006,3.526921,24.999999999999996,34.019062,-9.019062042236332,0.3607624816894533
3.4965075614664802,3.6563067,33.0,38.718082,-5.718082427978516,0.17327522509025806
3.713572066704308,3.8401842,41.00000000000001,46.534046,-5.534046173095696,0.1349767359291633
3.4965075614664802,3.7265651,33.0,41.53619,-8.536190032958984,0.25867242524118134
4.060443010546419,3.9495115,57.999999999999986,51.910004,6.089996337890611,0.10499993686018297
3.4965075614664802,3.6661026,33.0,39.099224,-6.099224090576172,0.18482497244170218
3.912023005428146,3.4669063,49.99999999999999,32.037476,17.962524414062493,0.3592504882812499
3.2188758248682006,3.752492,24.999999999999996,42.627174,-17.62717437744141,0.7050869750976565
3.2188758248682006,3.4503973,24.999999999999996,31.512909,-6.5129089355468786,0.2605163574218752
4.762173934797756,3.7428696,117.00000000000003,42.218967,74.78103256225589,0.6391541244637253
3.7376696182833684,3.7341437,42.00000000000001,41.852173,0.1478271484375071,0.0035196940104168352
3.912023005428146,3.5851018,49.99999999999999,36.05703,13.9429702758789,0.27885940551757804
4.605170185988092,3.8800151,100.00000000000004,48.42495,51.57505035400395,0.5157505035400393
4.51085950651685,4.4100842,90.99999999999997,82.2764,8.723602294921847,0.09586376148265768
4.68213122712422,4.514939,108.00000000000003,91.37198,16.628021240234403,0.1539631596318
3.2188758248682006,3.3899305,24.999999999999996,29.66389,-4.66389083862305,0.18655563354492205
3.2188758248682006,4.251516,24.999999999999996,70.21176,-45.211761474609375,1.8084704589843752
3.2188758248682006,3.3689165,24.999999999999996,29.047037,-4.047037124633793,0.16188148498535174
3.2188758248682006,3.41959,24.999999999999996,30.556885,-5.5568847656250036,0.22227539062500018
3.2188758248682006,3.9259737,24.999999999999996,50.70242,-25.702419281005863,1.0280967712402347
3.912023005428146,3.8553185,49.99999999999999,47.243664,2.756336212158196,0.05512672424316393
3.2188758248682006,3.672393,24.999999999999996,39.34595,-14.34595108032227,0.5738380432128909
3.713572066704308,3.4673688,41.00000000000001,32.052296,8.947704315185554,0.21823669061428178
3.5263605246161616,3.6148355,34.00000000000001,37.145237,-3.1452369689941335,0.09250696967629803
3.912023005428146,3.7565162,49.99999999999999,42.799065,7.200935363769524,0.1440187072753905
4.51085950651685,3.9750166,90.99999999999997,53.251,37.74900054931638,0.41482418186061965
4.605170185988092,3.7335756,100.00000000000004,41.828403,58.17159652709965,0.5817159652709962
3.4965075614664802,3.6403973,33.0,38.106976,-5.106975555419922,0.1547568350127249
4.605170185988092,3.6761887,100.00000000000004,39.49558,60.5044212341309,0.6050442123413088
3.4965075614664802,3.4025145,33.0,30.039537,2.9604625701904297,0.08971098697546756
4.189654742026425,3.6109605,65.99999999999997,37.001575,28.99842453002927,0.4393700686368073
3.912023005428146,3.6831105,49.99999999999999,39.769905,10.230094909667962,0.20460189819335925
3.2188758248682006,3.4612405,24.999999999999996,31.85647,-6.85647010803223,0.27425880432128924
4.07753744390572,3.9726264,59.000000000000014,53.123875,5.876125335693374,0.09959534467276902
4.356708826689592,4.1898437,78.0,66.01247,11.987533569335938,0.1536863278119992
3.4965075614664802,3.6785233,33.0,39.58789,-6.587890625,0.19963304924242425
4.8283137373023015,4.2775054,125.00000000000004,72.060455,52.93954467773442,0.4235163574218752
3.2188758248682006,3.658341,24.999999999999996,38.79692,-13.796920776367191,0.5518768310546878
3.2188758248682006,3.4576612,24.999999999999996,31.74265,-6.742649078369144,0.2697059631347658
4.31748811353631,4.17851,74.99999999999997,65.26854,9.731460571289034,0.12975280761718716
4.31748811353631,3.5475469,74.99999999999997,34.72802,40.2719802856445,0.5369597371419269
3.2188758248682006,3.6075947,24.999999999999996,36.877247,-11.877246856689457,0.4750898742675783
4.31748811353631,4.4583716,74.99999999999997,86.346794,-11.346794128417997,0.1512905883789067
3.2188758248682006,3.6627507,24.999999999999996,38.968388,-13.96838760375977,0.5587355041503909
4.605170185988092,3.702775,100.00000000000004,40.5597,59.44029998779301,0.5944029998779299
4.31748811353631,3.7879274,74.99999999999997,44.16477,30.83523178100583,0.4111364237467446
4.997212273764115,4.443014,147.99999999999994,85.03085,62.96914672851557,0.42546720762510537
4.418840607796598,4.747648,83.00000000000003,115.31272,-32.31272125244138,0.3893098946077273
4.68213122712422,4.327217,108.00000000000003,75.73324,32.266761779785185,0.2987663127757887
4.31748811353631,3.7803974,74.99999999999997,43.833458,31.166542053222628,0.41555389404296855
4.584967478670572,3.7859607,98.00000000000004,44.077995,53.922004699707074,0.5502245377521128
3.4965075614664802,3.718213,33.0,41.190723,-8.190723419189453,0.248203739975438
4.7535901911063645,4.1162877,115.99999999999999,61.33114,54.66886138916014,0.4712832878375875
3.2188758248682006,3.6551154,24.999999999999996,38.67198,-13.671981811523441,0.5468792724609377
3.5263605246161616,2.9941719,34.00000000000001,19.968817,14.031183242797859,0.41268186008228985
3.912023005428146,3.6177158,49.99999999999999,37.25238,12.747619628906243,0.2549523925781249
4.31748811353631,3.6961298,74.99999999999997,40.29107,34.70893096923825,0.4627857462565102
4.143134726391533,4.213347,62.99999999999999,67.58236,-4.582359313964851,0.07273586212642622
3.912023005428146,3.4440176,49.99999999999999,31.312508,18.68749237060546,0.37374984741210926
4.430816798843313,4.570239,83.99999999999999,96.56719,-12.567192077636733,0.1496094294956754
3.912023005428146,4.0507684,49.99999999999999,57.441578,-7.44157791137696,0.1488315582275392
3.2188758248682006,4.0649195,24.999999999999996,58.260216,-33.260215759277344,1.330408630371094
3.2188758248682006,3.7435353,24.999999999999996,42.24708,-17.2470817565918,0.6898832702636721
3.2188758248682006,3.5278025,24.999999999999996,34.04906,-9.049060821533207,0.36196243286132834
3.4965075614664802,3.497923,33.0,33.046738,-0.0467376708984375,0.001416293057528409
4.430816798843313,3.7207077,83.99999999999999,41.293606,42.706394195556626,0.5084094547090076
3.912023005428146,3.614344,49.99999999999999,37.12698,12.873020172119134,0.2574604034423827
3.4965075614664802,3.9195223,33.0,50.376373,-17.376373291015625,0.5265567663944128
3.912023005428146,3.6393025,49.99999999999999,38.065277,11.934722900390618,0.2386944580078124
3.8066624897703196,4.0388536,44.99999999999999,56.76124,-11.761238098144538,0.26136084662543424
4.204692619390966,4.0564556,66.99999999999997,57.76919,9.230808258056612,0.13777325758293457
3.8501476017100584,3.9545763,46.99999999999999,52.17358,-5.1735801696777415,0.11007617382293068
3.5263605246161616,3.6833096,34.00000000000001,39.777824,-5.777824401855462,0.16993601181927825
4.605170185988092,3.924293,100.00000000000004,50.617283,49.3827171325684,0.4938271713256838
3.5263605246161616,3.8384676,34.00000000000001,46.454235,-12.45423507690429,0.3663010316736555
3.7376696182833684,3.3202894,42.00000000000001,27.668356,14.331644058227546,0.34122962043398913
3.912023005428146,3.7995229,49.99999999999999,44.679863,5.320137023925774,0.1064027404785155
3.912023005428146,3.7836833,49.99999999999999,43.977726,6.022274017333977,0.12044548034667957
3.1780538303479458,3.2997556,24.000000000000004,27.106012,-3.106012344360348,0.12941718101501448
4.31748811353631,3.9274693,74.99999999999997,50.77831,24.22169113159177,0.32295588175455703
4.189654742026425,3.7758625,65.99999999999997,43.635124,22.364875793457003,0.3388617544463184
3.2188758248682006,3.5525703,24.999999999999996,34.902916,-9.902915954589847,0.39611663818359394
3.2188758248682006,3.6673112,24.999999999999996,39.146507,-14.146507263183597,0.565860290527344
3.2188758248682006,3.8654165,24.999999999999996,47.723145,-22.723144531250004,0.9089257812500002
3.7376696182833684,3.7233753,42.00000000000001,41.40391,0.5960884094238352,0.014192581176757979
4.189654742026425,4.0389442,65.99999999999997,56.76638,9.233619689941378,0.13990332863547547
4.605170185988092,4.334242,100.00000000000004,76.26711,23.73288726806645,0.23732887268066438
3.912023005428146,3.43593,49.99999999999999,31.060286,18.939714431762688,0.37879428863525383
4.709530201312334,4.5565724,110.99999999999997,95.256424,15.743576049804659,0.14183401846670868
3.713572066704308,3.721682,41.00000000000001,41.333862,-0.3338623046874929,0.008142983041158363
3.2188758248682006,3.8007333,24.999999999999996,44.73398,-19.73397827148438,0.7893591308593753
3.2188758248682006,3.868183,24.999999999999996,47.85535,-22.85535049438477,0.9142140197753909
3.2188758248682006,3.6039147,24.999999999999996,36.741787,-11.741786956787113,0.4696714782714846
4.955827057601261,4.326915,142.00000000000003,75.71034,66.28965759277347,0.46682857459699617
4.189654742026425,4.4230785,65.99999999999997,83.35249,-17.35249328613284,0.2629165649414068
3.2188758248682006,3.3565936,24.999999999999996,28.69129,-3.691289901733402,0.1476515960693361
3.713572066704308,3.438256,41.00000000000001,31.132616,9.867383956909187,0.2406679013880289
4.204692619390966,3.3014376,66.99999999999997,27.151644,39.848356246948214,0.5947515857753467
3.4965075614664802,3.8112614,33.0,45.207428,-12.207427978515625,0.3699220599550189
3.713572066704308,4.08848,41.00000000000001,59.649155,-18.64915466308593,0.45485743080697383
3.2188758248682006,3.6693788,24.999999999999996,39.227528,-14.227527618408207,0.5691011047363284
4.31748811353631,4.225342,74.99999999999997,68.39788,6.602119445800753,0.08802825927734341
3.2188758248682006,3.3776836,24.999999999999996,29.302816,-4.3028163909912145,0.17211265563964862
3.912023005428146,3.7911851,49.99999999999999,44.30888,5.691120147705071,0.11382240295410144
3.2188758248682006,3.3561723,24.999999999999996,28.679205,-3.679204940795902,0.1471681976318361
4.060443010546419,3.9009438,57.999999999999986,49.449097,8.550903320312486,0.1474293675915946
3.4965075614664802,3.3384054,33.0,28.174164,4.825836181640625,0.1462374600497159
3.2188758248682006,3.5350606,24.999999999999996,34.297096,-9.29709625244141,0.37188385009765645
3.332204510175204,3.612726,27.999999999999996,37.06696,-9.06695938110352,0.3238199778965543
3.912023005428146,3.8849468,49.99999999999999,48.664356,1.3356437683105398,0.0267128753662108
3.2188758248682006,3.740078,24.999999999999996,42.101273,-17.101272583007816,0.6840509033203127
3.4965075614664802,3.7296727,33.0,41.665466,-8.66546630859375,0.26258988813920453
3.2188758248682006,3.7202973,24.999999999999996,41.276665,-16.276664733886722,0.651066589355469
3.2188758248682006,3.6082065,24.999999999999996,36.899815,-11.899814605712894,0.4759925842285158
3.2188758248682006,3.826045,24.999999999999996,45.880722,-20.88072204589844,0.8352288818359378
3.912023005428146,3.9331288,49.99999999999999,51.066505,-1.0665054321289134,0.02133010864257827
3.2188758248682006,3.6677237,24.999999999999996,39.162655,-14.162654876708988,0.5665061950683596
3.5263605246161616,3.633354,34.00000000000001,37.839516,-3.839515686035149,0.11292693194221025
3.912023005428146,3.606534,49.99999999999999,36.83815,13.16184997558593,0.26323699951171864
4.418840607796598,4.3464217,83.00000000000003,77.20172,5.798278808593778,0.06985878082643104
3.7376696182833684,3.4106023,42.00000000000001,30.28348,11.71652030944825,0.2789647692725773
3.2188758248682006,3.8935637,24.999999999999996,49.085503,-24.085502624511722,0.963420104980469
3.4965075614664802,3.5583518,33.0,35.105286,-2.10528564453125,0.06379653468276515
3.2188758248682006,3.5785007,24.999999999999996,35.819798,-10.819797515869144,0.4327919006347658
3.5263605246161616,3.576987,34.00000000000001,35.765617,-1.7656173706054616,0.051929922664866505
4.060443010546419,3.7215102,57.999999999999986,41.32676,16.67324066162108,0.2874696665796739
3.2188758248682006,3.4256506,24.999999999999996,30.74264,-5.74263954162598,0.22970558166503924
3.912023005428146,3.6008942,49.99999999999999,36.630974,13.369026184082024,0.2673805236816405
4.564348191467836,3.764838,95.99999999999999,43.15671,52.843288421630845,0.5504509210586547
4.605170185988092,3.9819348,100.00000000000004,53.620678,46.379322052001996,0.46379322052001976
4.31748811353631,3.7073061,74.99999999999997,40.7439,34.256099700927706,0.4567479960123696
3.4965075614664802,3.2344382,33.0,25.392101,7.607898712158203,0.23054238521691525
3.2188758248682006,3.3043425,24.999999999999996,27.23063,-2.2306308746337926,0.08922523498535172
3.2188758248682006,3.74963,24.999999999999996,42.505352,-17.505352020263675,0.7002140808105471
3.4965075614664802,3.9508898,33.0,51.9816,-18.98160171508789,0.5752000519723603
3.2188758248682006,3.4911141,24.999999999999996,32.822495,-7.822494506835941,0.3128997802734377
3.2188758248682006,3.433796,24.999999999999996,30.994072,-5.994071960449222,0.23976287841796892
3.912023005428146,3.324629,49.99999999999999,27.788689,22.211311340332024,0.44422622680664053
3.5263605246161616,3.8372648,34.00000000000001,46.39839,-12.398391723632805,0.36465858010684715
3.2188758248682006,3.902522,24.999999999999996,49.527203,-24.527202606201175,0.9810881042480472
3.713572066704308,3.3428931,41.00000000000001,28.300886,12.699113845825202,0.3097344840445171
3.2188758248682006,3.4165995,24.999999999999996,30.465641,-5.465641021728519,0.2186256408691408
3.4965075614664802,3.4005635,33.0,29.98099,3.019010543823242,0.0914851679946437
3.912023005428146,3.8655014,49.99999999999999,47.727196,2.272804260253899,0.04545608520507799
4.762173934797756,3.5313034,117.00000000000003,34.168472,82.83152770996097,0.7079617752988115
3.2188758248682006,3.3997393,24.999999999999996,29.95629,-4.9562892913818395,0.1982515716552736
3.2188758248682006,3.5271053,24.999999999999996,34.025333,-9.02533340454102,0.36101333618164083
4.31748811353631,3.4432614,74.99999999999997,31.288837,43.71116256713864,0.5828155008951821
4.564348191467836,4.5799494,95.99999999999999,97.50946,-1.5094604492187642,0.015723546346028797
3.044522437723423,3.492139,21.0,32.856155,-11.856155395507812,0.5645788283575148
3.912023005428146,3.9557965,49.99999999999999,52.23728,-2.2372817993164134,0.044745635986328275
4.7535901911063645,4.541122,115.99999999999999,93.795975,22.204025268554673,0.19141401093581617
4.8283137373023015,4.509745,125.00000000000004,90.89865,34.10134887695317,0.2728107910156252
4.07753744390572,3.985618,59.000000000000014,53.818546,5.181453704833999,0.08782124923447453
4.189654742026425,4.049128,65.99999999999997,57.34743,8.652568817138643,0.13109952753240375
3.2188758248682006,3.3662724,24.999999999999996,28.970337,-3.9703369140625036,0.15881347656250017
3.912023005428146,4.191893,49.99999999999999,66.147896,-16.14789581298829,0.32295791625976583
3.912023005428146,3.7868354,49.99999999999999,44.11657,5.883430480957024,0.1176686096191405
3.4965075614664802,3.48354,33.0,32.574837,0.42516326904296875,0.012883735425544508
4.418840607796598,4.406407,83.00000000000003,81.97439,1.0256118774414347,0.012356769607728125
3.912023005428146,4.371584,49.99999999999999,79.16893,-29.168930053710945,0.583378601074219
3.7376696182833684,3.0724921,42.00000000000001,21.595655,20.404344558715827,0.485817727588472
3.912023005428146,3.709202,49.99999999999999,40.82122,9.178779602050774,0.1835755920410155
3.970291913552122,3.7428539,53.00000000000001,42.218304,10.781696319580085,0.20342823244490724
3.4965075614664802,3.5864089,33.0,36.104187,-3.10418701171875,0.09406627308238637
4.07753744390572,4.306534,59.000000000000014,74.182915,-15.182914733886705,0.2573375378624865
4.31748811353631,3.3718762,74.99999999999997,29.133137,45.86686325073239,0.6115581766764322
4.605170185988092,3.426094,100.00000000000004,30.756275,69.24372482299809,0.6924372482299807
4.189654742026425,3.8338585,65.99999999999997,46.240612,19.759387969970675,0.29938466621167703
3.2188758248682006,4.006544,24.999999999999996,54.95662,-29.956619262695316,1.1982647705078129
3.7612001156935624,3.865264,43.0,47.715866,-4.7158660888671875,0.10967130439226018
3.912023005428146,3.8088071,49.99999999999999,45.09661,4.903388977050774,0.09806777954101549
3.5263605246161616,3.4381716,34.00000000000001,31.12999,2.8700103759765696,0.08441206988166379
3.713572066704308,3.6664445,41.00000000000001,39.112595,1.8874053955078196,0.04603427793921511
3.4965075614664802,4.086247,33.0,59.516106,-26.51610565185547,0.8035183530865293
3.4965075614664802,3.7212133,33.0,41.31449,-8.314491271972656,0.25195428096886835
3.2188758248682006,3.7129953,24.999999999999996,40.97636,-15.976360321044925,0.6390544128417971
3.4965075614664802,3.8849885,33.0,48.666386,-15.666385650634766,0.4747389591101444
3.2188758248682006,3.7839074,24.999999999999996,43.987583,-18.987583160400394,0.7595033264160159
4.204692619390966,3.7470796,66.99999999999997,42.397083,24.60291671752927,0.36720771220192955
3.2188758248682006,4.1125646,24.999999999999996,61.103218,-36.10321807861328,1.4441287231445314
3.2188758248682006,3.6881049,24.999999999999996,39.96903,-14.969028472900394,0.5987611389160159
4.31748811353631,4.394732,74.99999999999997,81.02291,-6.022911071777372,0.08030548095703166
3.4965075614664802,3.7298467,33.0,41.672718,-8.672718048095703,0.2628096378210819
3.912023005428146,3.466825,49.99999999999999,32.03487,17.965129852294915,0.35930259704589834
3.7376696182833684,3.213631,42.00000000000001,24.86922,17.13077926635743,0.40787569681803393
3.5263605246161616,3.5913548,34.00000000000001,36.2832,-2.2831993103027273,0.06715292089125667
4.418840607796598,3.707483,83.00000000000003,40.75111,42.24888992309573,0.5090227701577797
3.2188758248682006,3.8121703,24.999999999999996,45.248535,-20.248535156250004,0.8099414062500002
3.2188758248682006,3.4838603,24.999999999999996,32.585266,-7.5852661132812536,0.30341064453125016
3.7376696182833684,3.7866213,42.00000000000001,44.107124,-2.107124328613274,0.050169626871744616
4.8283137373023015,3.5354557,125.00000000000004,34.310646,90.68935394287114,0.7255148315429688
4.060443010546419,3.7872214,57.999999999999986,44.133602,13.866397857666001,0.2390758251321725
3.4965075614664802,3.44485,33.0,31.338581,1.6614189147949219,0.050346027721058235
3.912023005428146,3.869477,49.99999999999999,47.91732,2.082679748535149,0.041653594970702985
4.430816798843313,3.2513602,83.99999999999999,25.825443,58.17455673217772,0.6925542468116397
3.912023005428146,3.9346116,49.99999999999999,51.14228,-1.1422805786132884,0.02284561157226577
3.4965075614664802,3.5652487,33.0,35.348244,-2.3482437133789062,0.0711589004054214
3.4965075614664802,3.6587512,33.0,38.812843,-5.812843322753906,0.17614676735617898
4.31748811353631,4.0599275,74.99999999999997,57.970104,17.029895782470675,0.22706527709960908
3.2188758248682006,3.3107905,24.999999999999996,27.406782,-2.4067821502685582,0.09627128601074235
3.2188758248682006,3.6630578,24.999999999999996,38.980354,-13.980354309082035,0.5592141723632815
3.4965075614664802,4.189533,33.0,65.99198,-32.991981506347656,0.9997570153438684
3.2188758248682006,3.6341407,24.999999999999996,37.8693,-12.86930084228516,0.5147720336914064
3.2188758248682006,3.871802,24.999999999999996,48.028862,-23.028861999511722,0.9211544799804691
4.605170185988092,4.053885,100.00000000000004,57.62088,42.37911987304692,0.423791198730469
4.605170185988092,4.273046,100.00000000000004,71.73982,28.26017761230473,0.28260177612304715
3.912023005428146,3.7757795,49.99999999999999,43.631504,6.368495941162102,0.12736991882324206
3.2188758248682006,3.9549627,24.999999999999996,52.19375,-27.193748474121097,1.087749938964844
3.2188758248682006,3.8607137,24.999999999999996,47.49924,-22.499240875244144,0.8999696350097659
4.51085950651685,3.4301155,90.99999999999997,30.880209,60.11979103088376,0.6606570442954262
3.912023005428146,4.1154847,49.99999999999999,61.28191,-11.28190994262696,0.22563819885253925
3.4965075614664802,4.008717,33.0,55.076164,-22.07616424560547,0.6689746741092566
4.68213122712422,3.9114563,108.00000000000003,49.971676,58.028324127197294,0.5372992974740489
3.2188758248682006,3.5364223,24.999999999999996,34.343826,-9.343826293945316,0.3737530517578127
3.2188758248682006,3.7105443,24.999999999999996,40.876053,-15.876052856445316,0.6350421142578128
4.31748811353631,3.7213666,74.99999999999997,41.320827,33.67917251586911,0.4490556335449217
4.418840607796598,4.7989936,83.00000000000003,121.38819,-38.3881912231445,0.46250832798969266
3.2188758248682006,4.2228656,24.999999999999996,68.22872,-43.228721618652344,1.729148864746094
3.2188758248682006,3.5043478,24.999999999999996,33.259747,-8.259746551513675,0.33038986206054705
3.58351893845611,4.064914,36.0,58.25991,-22.259910583496094,0.6183308495415581
4.7535901911063645,4.206538,115.99999999999999,67.12377,48.87622833251952,0.4213467959699959
4.890349128221754,3.7742083,133.0,43.563007,89.43699264526367,0.672458591317772
4.31748811353631,4.3795195,74.99999999999997,79.799675,-4.799674987792997,0.06399566650390666
4.31748811353631,3.319233,74.99999999999997,27.639141,47.3608589172363,0.6314781188964842
3.2188758248682006,3.6284354,24.999999999999996,37.65386,-12.653858184814457,0.5061543273925784
3.332204510175204,3.7586536,27.999999999999996,42.89064,-14.890640258789066,0.5318085806710381
4.762173934797756,3.744211,117.00000000000003,42.27564,74.72436141967776,0.6386697557237414
3.912023005428146,4.0655074,49.99999999999999,58.29448,-8.294479370117195,0.1658895874023439
3.2188758248682006,3.390011,24.999999999999996,29.66628,-4.6662807464599645,0.1866512298583986
3.912023005428146,3.729796,49.99999999999999,41.670605,8.329395294189446,0.16658790588378894
4.31748811353631,4.420322,74.99999999999997,83.12304,-8.123039245605497,0.10830718994140667
3.2188758248682006,3.7630782,24.999999999999996,43.080833,-18.080833435058597,0.723233337402344
4.31748811353631,3.6151154,74.99999999999997,37.155632,37.844367980957,0.5045915730794269
4.31748811353631,3.7059774,74.99999999999997,40.6898,34.3101997375488,0.4574693298339842
3.2188758248682006,3.2772236,24.999999999999996,26.50209,-1.502090454101566,0.06008361816406265
4.31748811353631,4.3464913,74.99999999999997,77.20709,-2.2070922851562784,0.029427897135417058
3.2188758248682006,3.6251278,24.999999999999996,37.52952,-12.52951812744141,0.5011807250976564
3.7376696182833684,3.5796783,42.00000000000001,35.862003,6.1379966735839915,0.14614277794247596
3.2188758248682006,3.4589684,24.999999999999996,31.78417,-6.7841701507568395,0.27136680603027363
4.31748811353631,3.906982,74.99999999999997,49.74858,25.251419067382784,0.3366855875651039
4.189654742026425,3.5230412,65.99999999999997,33.887333,32.112667083740206,0.4865555618748518
4.31748811353631,3.887245,74.99999999999997,48.77632,26.22367858886716,0.34964904785156226
3.5263605246161616,3.5768425,34.00000000000001,35.760452,-1.7604522705078054,0.05177800795611191
3.2188758248682006,3.6876445,24.999999999999996,39.95063,-14.950630187988285,0.5980252075195315
3.912023005428146,3.5872123,49.99999999999999,36.13321,13.866790771484368,0.2773358154296874
4.31748811353631,3.746032,74.99999999999997,42.35269,32.64730834960935,0.43529744466145814
3.4965075614664802,3.6448302,33.0,38.276276,-5.276275634765625,0.15988714044744318
4.955827057601261,4.600883,142.00000000000003,99.5722,42.42780303955081,0.2987873453489493
3.713572066704308,3.717393,41.00000000000001,41.156956,-0.15695571899413352,0.0038281882681495973
4.31748811353631,3.917722,74.99999999999997,50.285763,24.714237213134737,0.3295231628417966
3.2188758248682006,4.0047374,24.999999999999996,54.857414,-29.857414245605472,1.1942965698242192
4.605170185988092,4.277238,100.00000000000004,72.041176,27.958824157714886,0.27958824157714873
3.912023005428146,3.7705932,49.99999999999999,43.405804,6.594196319580071,0.13188392639160143
3.2188758248682006,3.355646,24.999999999999996,28.664112,-3.6641120910644567,0.1465644836425783
3.912023005428146,4.666301,49.99999999999999,106.30377,-56.30377197265626,1.1260754394531254
3.2188758248682006,3.1403918,24.999999999999996,23.11292,1.887079238891598,0.07548316955566393
3.2188758248682006,3.499401,24.999999999999996,33.095623,-8.095623016357425,0.3238249206542971
3.2188758248682006,3.6634083,24.999999999999996,38.99402,-13.994018554687504,0.5597607421875003
4.204692619390966,3.8577602,66.99999999999997,47.359158,19.640842437744112,0.2931469020558824
4.060443010546419,4.1636715,57.999999999999986,64.30719,-6.307189941406264,0.10874465416217699
4.060443010546419,3.398328,57.999999999999986,29.914043,28.085956573486314,0.48424063057735034
3.2188758248682006,3.3963962,24.999999999999996,29.856308,-4.856307983398441,0.19425231933593767
3.4965075614664802,3.3276677,33.0,27.873257,5.126743316650391,0.15535585808031488
3.912023005428146,3.8163748,49.99999999999999,45.439182,4.560817718505852,0.09121635437011706
3.4965075614664802,3.301122,33.0,27.143076,5.856924057006836,0.17748254718202533
3.2188758248682006,3.3769305,24.999999999999996,29.280754,-4.280754089355472,0.1712301635742189
4.68213122712422,4.2628655,108.00000000000003,71.01318,36.98681640625003,0.3424705222800928
3.912023005428146,3.455715,49.99999999999999,31.680931,18.3190689086914,0.36638137817382804
3.2188758248682006,3.5922391,24.999999999999996,36.3153,-11.315299987792972,0.45261199951171893
3.912023005428146,3.9381466,49.99999999999999,51.32339,-1.3233909606933665,0.026467819213867334
4.204692619390966,3.6952775,66.99999999999997,40.25674,26.743259429931612,0.399153125819875
4.418840607796598,4.3415794,83.00000000000003,76.82879,6.17121124267581,0.07435194268284105
4.418840607796598,4.1410284,83.00000000000003,62.867443,20.13255691528323,0.24256092669015933
3.4965075614664802,3.823926,33.0,45.7836,-12.783599853515625,0.3873818137428977
3.2188758248682006,3.6701303,24.999999999999996,39.25702,-14.257019042968754,0.5702807617187502
4.31748811353631,4.3112235,74.99999999999997,74.531624,0.46837615966794033,0.006245015462239207
3.2188758248682006,3.4889793,24.999999999999996,32.752502,-7.7525024414062536,0.3101000976562502
3.2188758248682006,3.370349,24.999999999999996,29.088675,-4.0886745452880895,0.1635469818115236
3.912023005428146,4.1394467,49.99999999999999,62.768085,-12.768085479736335,0.25536170959472676
4.430816798843313,3.9467335,83.99999999999999,51.765995,32.23400497436522,0.3837381544567289
4.51085950651685,4.1812654,90.99999999999997,65.448616,25.55138397216794,0.28078443925459284
3.2188758248682006,3.4928193,24.999999999999996,32.878513,-7.878513336181644,0.31514053344726584
3.7376696182833684,3.416217,42.00000000000001,30.453993,11.546007156372077,0.27490493229457325
3.2188758248682006,3.4150562,24.999999999999996,30.41866,-5.418659210205082,0.2167463684082033
3.713572066704308,4.045226,41.00000000000001,57.1241,-16.124099731445305,0.3932707251572025
3.2188758248682006,3.7048283,24.999999999999996,40.643066,-15.643066406250004,0.6257226562500002
4.605170185988092,4.357646,100.00000000000004,78.073135,21.92686462402348,0.2192686462402347
3.912023005428146,3.8142617,49.99999999999999,45.343266,4.656734466552727,0.09313468933105457
3.912023005428146,3.67534,49.99999999999999,39.46207,10.537929534912102,0.21075859069824207
3.912023005428146,3.5685675,49.99999999999999,35.46575,14.534248352050774,0.29068496704101554
3.2188758248682006,3.289522,24.999999999999996,26.830034,-1.8300342559814489,0.07320137023925796
3.4965075614664802,3.6116052,33.0,37.025436,-4.0254364013671875,0.12198292125355113
3.912023005428146,3.563564,49.99999999999999,35.288746,14.71125411987304,0.2942250823974608
4.060443010546419,3.9307904,57.999999999999986,50.94723,7.052768707275376,0.12159946047026514
4.605170185988092,3.623121,100.00000000000004,37.45428,62.54571914672856,0.6254571914672853
3.4965075614664802,3.8527439,33.0,47.122185,-14.122184753417969,0.42794499252781726
3.2188758248682006,3.48716,24.999999999999996,32.692966,-7.692966461181644,0.3077186584472658
3.7376696182833684,3.7457933,42.00000000000001,42.342587,-0.34258651733397727,0.008156821841285172
4.204692619390966,4.028317,66.99999999999997,56.1663,10.83369827270505,0.16169698914485156
4.31748811353631,3.9691327,74.99999999999997,52.938595,22.061405181884737,0.2941520690917966
3.4965075614664802,3.7271142,33.0,41.559006,-8.559005737304688,0.2593638102213542
4.418840607796598,3.74513,83.00000000000003,42.31451,40.685489654541044,0.49018662234386784
4.204692619390966,3.68295,66.99999999999997,39.763523,27.23647689819333,0.4065145805700499
3.2188758248682006,3.2692776,24.999999999999996,26.292337,-1.2923374176025426,0.05169349670410171
4.060443010546419,3.6922588,57.999999999999986,40.135403,17.864597320556626,0.3080102986302867
3.2188758248682006,3.524482,24.999999999999996,33.93619,-8.936191558837894,0.3574476623535158
3.4965075614664802,3.7620752,33.0,43.037643,-10.037643432617188,0.30417101310961175
3.912023005428146,3.772257,49.99999999999999,43.47809,6.521911621093743,0.13043823242187488
3.2188758248682006,3.603913,24.999999999999996,36.741726,-11.741725921630863,0.4696690368652346
3.912023005428146,3.590683,49.99999999999999,36.25883,13.741168975830071,0.27482337951660146
3.2188758248682006,3.9041157,24.999999999999996,49.606194,-24.606193542480472,0.984247741699219
4.07753744390572,3.3619769,59.000000000000014,28.846159,30.153841018676772,0.511082051164013
4.605170185988092,3.8272393,100.00000000000004,45.935547,54.06445312500004,0.5406445312500002
3.258096538021482,3.442974,26.000000000000004,31.279848,-5.279848098754879,0.20307108072134147
3.912023005428146,3.6086085,49.99999999999999,36.91465,13.085350036621087,0.26170700073242176
4.356708826689592,3.585921,78.0,36.08658,41.913421630859375,0.537351559369992
4.605170185988092,4.314069,100.00000000000004,74.74399,25.256011962890668,0.25256011962890657
3.7376696182833684,3.7090068,42.00000000000001,40.81325,1.186748504638679,0.0282559167771114
3.2188758248682006,3.6094754,24.999999999999996,36.946663,-11.946662902832035,0.47786651611328146
4.204692619390966,4.099366,66.99999999999997,60.302055,6.697944641113253,0.09996932300169038
3.2188758248682006,3.4026105,24.999999999999996,30.042425,-5.042425155639652,0.20169700622558612
3.4965075614664802,3.8503554,33.0,47.009766,-14.009765625,0.4245383522727273
3.2188758248682006,3.4873812,24.999999999999996,32.7002,-7.700199127197269,0.3080079650878908
4.605170185988092,3.7387898,100.00000000000004,42.047073,57.95292663574223,0.5795292663574221
3.2188758248682006,3.8368425,24.999999999999996,46.378803,-21.37880325317383,0.8551521301269533
3.5263605246161616,3.5511131,34.00000000000001,34.85209,-0.8520889282226491,0.02506143906537203
3.2188758248682006,3.233421,24.999999999999996,25.36629,-0.36628913879394887,0.014651565551757957
3.912023005428146,3.1984396,49.99999999999999,24.49428,25.505720138549798,0.5101144027709961
4.6913478822291435,4.282203,108.99999999999997,72.39977,36.600227355957,0.33578190234822947
3.713572066704308,3.7452462,41.00000000000001,42.319424,-1.3194236755371023,0.03218106525700249
3.2188758248682006,3.367224,24.999999999999996,28.997917,-3.9979171752929723,0.1599166870117189
4.605170185988092,4.304961,100.00000000000004,74.066345,25.933654785156293,0.2593365478515628
4.68213122712422,4.622793,108.00000000000003,101.77792,6.222076416015653,0.05761181866681159
4.060443010546419,4.197334,57.999999999999986,66.508766,-8.50876617431642,0.14670286507442107
3.713572066704308,3.862149,41.00000000000001,47.567463,-6.567462921142571,0.16018202246689195
4.418840607796598,3.5420706,83.00000000000003,34.53836,48.4616394042969,0.5838751735457456
4.406719247264253,4.1006956,82.00000000000001,60.382275,21.617725372314467,0.2636307972233471
4.31748811353631,4.004401,74.99999999999997,54.838978,20.16102218627927,0.26881362915039037
4.189654742026425,3.4741743,65.99999999999997,32.27117,33.72882843017575,0.5110428550026631
3.912023005428146,3.6007705,49.99999999999999,36.626442,13.373558044433587,0.2674711608886718
4.605170185988092,4.0528154,100.00000000000004,57.559284,42.440715789794965,0.42440715789794947
3.912023005428146,3.6648571,49.99999999999999,39.050556,10.949443817138665,0.21898887634277334
4.31748811353631,4.072076,74.99999999999997,58.678642,16.321357727050753,0.21761810302734344
4.605170185988092,4.0365763,100.00000000000004,56.63212,43.367881774902386,0.43367881774902367
4.5217885770490405,4.0684094,92.00000000000001,58.463898,33.53610229492189,0.36452285103175963
3.7376696182833684,3.7381966,42.00000000000001,42.02214,-0.022140502929680395,0.0005271548316590569
3.2188758248682006,3.5455909,24.999999999999996,34.66016,-9.66016006469727,0.38640640258789083
3.912023005428146,4.0194736,49.99999999999999,55.67179,-5.671791076660163,0.11343582153320328
4.31748811353631,3.8740082,74.99999999999997,48.134933,26.865066528320284,0.3582008870442706
4.762173934797756,4.5440793,117.00000000000003,94.07378,22.92622375488284,0.195950630383614
3.4965075614664802,3.3850002,33.0,29.518,3.4820003509521484,0.10551516215006511
4.8283137373023015,4.4640465,125.00000000000004,86.83819,38.161811828613324,0.3052944946289065
4.189654742026425,3.867388,65.99999999999997,47.817326,18.182674407958956,0.27549506678725705
4.68213122712422,3.9621913,108.00000000000003,52.572403,55.427597045898466,0.5132184911657264
3.2188758248682006,3.4321208,24.999999999999996,30.942196,-5.942195892333988,0.23768783569335955
3.2188758248682006,3.55444,24.999999999999996,34.96823,-9.968231201171879,0.3987292480468752
3.2188758248682006,3.873967,24.999999999999996,48.13295,-23.132949829101566,0.9253179931640628
3.4965075614664802,3.3978782,33.0,29.900589,3.0994110107421875,0.09392154578006628
3.713572066704308,3.6839192,41.00000000000001,39.802082,1.197917938232429,0.029217510688595825
3.2188758248682006,3.4421635,24.999999999999996,31.254503,-6.254503250122074,0.250180130004883
4.6913478822291435,3.7022648,108.99999999999997,40.539013,68.46098709106442,0.628082450376738
3.713572066704308,3.649839,41.00000000000001,38.468468,2.5315322875976634,0.06174468994140641
3.912023005428146,3.1579964,49.99999999999999,23.523418,26.47658157348632,0.5295316314697265
4.605170185988092,3.9670315,100.00000000000004,52.827477,47.1725234985352,0.4717252349853518
3.7376696182833684,3.890115,42.00000000000001,48.91651,-6.916511535644524,0.16467884608677436
4.31748811353631,4.222977,74.99999999999997,68.236336,6.76366424560544,0.09018218994140591
3.2188758248682006,3.429814,24.999999999999996,30.870903,-5.870903015136722,0.23483612060546893
3.4965075614664802,3.6040633,33.0,36.747246,-3.7472457885742188,0.11355290268406723
3.4657359027997265,3.7294033,32.0,41.654243,-9.654243469238281,0.3016951084136963
3.4965075614664802,3.4285102,33.0,30.830677,2.169322967529297,0.0657370596220999
3.912023005428146,3.6794794,49.99999999999999,39.62576,10.374240875244134,0.2074848175048827
3.2188758248682006,3.3773322,24.999999999999996,29.29252,-4.292520523071293,0.17170082092285172
3.713572066704308,4.1115704,41.00000000000001,61.0425,-20.04249954223632,0.4888414522496663
3.2188758248682006,3.6906135,24.999999999999996,40.069424,-15.069423675537113,0.6027769470214847
3.2188758248682006,3.641733,24.999999999999996,38.157906,-13.157905578613285,0.5263162231445314
3.5263605246161616,3.7514672,34.00000000000001,42.583515,-8.583515167236321,0.25245632844812704
3.2188758248682006,3.6222994,24.999999999999996,37.423523,-12.423522949218754,0.49694091796875023
4.189654742026425,3.4347703,65.99999999999997,31.024286,34.97571372985837,0.5299350565130059
3.713572066704308,3.9004664,41.00000000000001,49.4255,-8.425498962402337,0.2054999746927399
3.5263605246161616,3.9085083,34.00000000000001,49.824574,-15.824573516845696,0.46542863284840275
3.4965075614664802,3.7502782,33.0,42.532913,-9.532913208007812,0.2888761578184186
3.2188758248682006,3.2680495,24.999999999999996,26.260069,-1.2600688934326207,0.050402755737304836
4.189654742026425,3.7722447,65.99999999999997,43.47755,22.522449493408175,0.34124923474860885
4.060443010546419,3.936442,57.999999999999986,51.235973,6.764026641845689,0.1166211489973395
4.418840607796598,3.371996,83.00000000000003,29.136623,53.86337661743167,0.6489563447883332
3.912023005428146,3.889868,49.99999999999999,48.90443,1.095569610595696,0.021911392211913922
3.912023005428146,3.919049,49.99999999999999,50.35254,-0.3525390625000071,0.007050781250000143
4.31748811353631,4.6360497,74.99999999999997,103.13613,-28.136131286621122,0.37514841715494845
3.912023005428146,3.707222,49.99999999999999,40.74047,9.259529113769524,0.1851905822753905
3.2188758248682006,4.010204,24.999999999999996,55.15811,-30.15811157226563,1.2063244628906253
4.31748811353631,3.5501592,74.99999999999997,34.81886,40.181140899658175,0.5357485453287759
4.07753744390572,3.6733823,59.000000000000014,39.38489,19.61510848999025,0.332459465932038
3.912023005428146,3.54333,49.99999999999999,34.581882,15.418117523193352,0.30836235046386706
3.713572066704308,3.3241696,41.00000000000001,27.775925,13.22407531738282,0.32253842237519065
4.07753744390572,3.63916,59.000000000000014,38.05985,20.940151214599624,0.3549178171966037
4.31748811353631,4.0507736,74.99999999999997,57.44188,17.558120727539034,0.2341082763671872
3.2188758248682006,3.9351463,24.999999999999996,51.169636,-26.16963577270508,1.0467854309082034
3.4965075614664802,3.7324336,33.0,41.78066,-8.780658721923828,0.2660805673310251
4.605170185988092,4.5206833,100.00000000000004,91.89837,8.101631164550824,0.08101631164550821
3.2188758248682006,3.4024997,24.999999999999996,30.039095,-5.039094924926761,0.20156379699707047
3.2188758248682006,3.7340505,24.999999999999996,41.84827,-16.84827041625977,0.6739308166503909
3.2188758248682006,3.7125962,24.999999999999996,40.960007,-15.960006713867191,0.6384002685546877
3.4965075614664802,3.59658,33.0,36.47328,-3.4732818603515625,0.10525096546519887
3.4011973816621555,3.3071415,30.000000000000004,27.306957,2.6930427551269567,0.0897680918375652
4.31748811353631,3.8262205,74.99999999999997,45.888775,29.1112251281738,0.3881496683756508
3.2188758248682006,3.549674,24.999999999999996,34.80197,-9.801971435546879,0.3920788574218752
4.406719247264253,4.794934,82.00000000000001,120.89638,-38.89637756347655,0.4743460678472749
3.4965075614664802,3.387322,33.0,29.58661,3.413389205932617,0.10343603654341264
3.4965075614664802,3.4715714,33.0,32.187283,0.8127174377441406,0.024627801143761837
3.4657359027997265,3.4090323,32.0,30.235971,1.764028549194336,0.055125892162323
3.4965075614664802,3.6359036,33.0,37.936115,-4.936115264892578,0.14957925045129025
3.4965075614664802,3.896446,33.0,49.227184,-16.227184295654297,0.4917328574440696
3.912023005428146,3.8155003,49.99999999999999,45.399464,4.60053634643554,0.0920107269287108
3.2188758248682006,3.417899,24.999999999999996,30.505253,-5.505252838134769,0.2202101135253908
4.060443010546419,4.216308,57.999999999999986,67.782776,-9.782775878906264,0.16866854963631495
3.2188758248682006,3.7057319,24.999999999999996,40.67981,-15.679809570312504,0.6271923828125002
4.31748811353631,3.748015,74.99999999999997,42.43676,32.5632400512695,0.43417653401692685
4.189654742026425,3.7887995,65.99999999999997,44.203304,21.796695709228487,0.33025296529134085
3.5263605246161616,3.7109673,34.00000000000001,40.893345,-6.8933448791503835,0.20274543762207006
3.912023005428146,3.4969072,49.99999999999999,33.01319,16.98680877685546,0.3397361755371093
4.31748811353631,3.7161405,74.99999999999997,41.105442,33.89455795288083,0.45192743937174457
3.2188758248682006,3.7348995,24.999999999999996,41.883816,-16.883815765380863,0.6753526306152347
3.2188758248682006,3.737741,24.999999999999996,42.003,-17.002998352050785,0.6801199340820315
4.418840607796598,4.280518,83.00000000000003,72.27788,10.722122192382841,0.12918219508894985
3.4965075614664802,3.5967927,33.0,36.48104,-3.4810409545898438,0.10548608953302557
3.6888794541139363,3.5352721,40.0,34.304348,5.695652008056641,0.14239130020141602
3.2188758248682006,3.710356,24.999999999999996,40.868355,-15.868354797363285,0.6347341918945315
3.2188758248682006,3.7091722,24.999999999999996,40.820004,-15.820003509521488,0.6328001403808596
3.091042453358316,4.0709033,22.000000000000004,58.609882,-36.60988235473633,1.6640855615789238
3.2188758248682006,3.5923402,24.999999999999996,36.31897,-11.318969726562504,0.4527587890625002
3.2188758248682006,3.665166,24.999999999999996,39.062614,-14.062614440917972,0.562504577636719
3.2188758248682006,3.7517319,24.999999999999996,42.594788,-17.594787597656254,0.7037915039062502
4.189654742026425,4.1212935,65.99999999999997,61.638924,4.36107635498044,0.06607691446940064
3.2188758248682006,3.758963,24.999999999999996,42.903915,-17.90391540527344,0.7161566162109377
3.4965075614664802,3.9323263,33.0,51.025543,-18.025543212890625,0.5462285822088068
3.044522437723423,3.2709486,21.0,26.336311,-5.336311340332031,0.2541100638253348
3.912023005428146,3.4362435,49.99999999999999,31.070024,18.929975509643548,0.378599510192871
4.605170185988092,4.3712955,100.00000000000004,79.146095,20.853904724121136,0.20853904724121128
4.060443010546419,4.32173,57.999999999999986,75.318825,-17.31882476806642,0.298600427035628
4.204692619390966,3.3514714,66.99999999999997,28.544704,38.45529556274411,0.5739596352648377
3.912023005428146,3.700975,49.99999999999999,40.48676,9.513240814208977,0.19026481628417957
3.912023005428146,3.251243,49.99999999999999,25.82242,24.177579879760735,0.48355159759521477
3.713572066704308,3.8911011,41.00000000000001,48.96477,-7.964771270751946,0.19426271392077915
3.2188758248682006,3.3509035,24.999999999999996,28.528498,-3.528497695922855,0.1411399078369142
3.2188758248682006,3.6757803,24.999999999999996,39.47945,-14.479450225830082,0.5791780090332034
4.605170185988092,3.9236658,100.00000000000004,50.58554,49.41445922851567,0.49414459228515645
3.912023005428146,3.9916909,49.99999999999999,54.146366,-4.146366119384773,0.08292732238769547
3.2188758248682006,3.992577,24.999999999999996,54.194374,-29.19437408447266,1.1677749633789065
3.2188758248682006,3.4378865,24.999999999999996,31.121113,-6.121112823486332,0.2448445129394533
3.2188758248682006,3.804069,24.999999999999996,44.883446,-19.883445739746097,0.795337829589844
4.605170185988092,3.8443193,100.00000000000004,46.726868,53.27313232421879,0.5327313232421877
4.060443010546419,4.1829624,57.999999999999986,65.559784,-7.559783935546889,0.13034110233701537
4.31748811353631,3.4247005,74.99999999999997,30.713446,44.28655433654782,0.5904873911539712
3.4965075614664802,3.496387,33.0,32.99602,0.003978729248046875,0.00012056755297111742
3.4965075614664802,3.3153605,33.0,27.532318,5.467681884765625,0.16568732984138257
3.912023005428146,3.6873026,49.99999999999999,39.936974,10.06302642822265,0.201260528564453
3.2188758248682006,3.7881217,24.999999999999996,44.17335,-19.1733512878418,0.7669340515136721
3.713572066704308,3.5275466,41.00000000000001,34.04035,6.959648132324226,0.16974751542254207
3.5263605246161616,3.5031464,34.00000000000001,33.21981,0.7801895141601634,0.022946750416475387
3.2188758248682006,3.9528003,24.999999999999996,52.081005,-27.08100509643555,1.0832402038574223
3.912023005428146,3.7876725,49.99999999999999,44.153515,5.846485137939446,0.11692970275878893
3.4965075614664802,3.6427379,33.0,38.19627,-5.196269989013672,0.15746272693980823
3.2188758248682006,3.4262655,24.999999999999996,30.761549,-5.761548995971683,0.23046195983886736
3.912023005428146,3.4330554,49.99999999999999,30.971128,19.028871536254876,0.3805774307250976
3.2188758248682006,3.5296395,24.999999999999996,34.111668,-9.111667633056644,0.3644667053222658
3.713572066704308,3.9838116,41.00000000000001,53.72141,-12.721408843994134,0.3102782644876617
4.442651256490317,4.1242337,85.00000000000001,61.82042,23.179580688476577,0.272700949276195
3.7376696182833684,4.384027,42.00000000000001,80.16019,-38.16018676757812,0.9085758754185265
3.4965075614664802,3.6724613,33.0,39.348633,-6.3486328125,0.1923828125
4.605170185988092,3.7467523,100.00000000000004,42.38321,57.61679077148442,0.5761679077148439
3.2188758248682006,3.6635377,24.999999999999996,38.99907,-13.999069213867191,0.5599627685546877
3.4965075614664802,4.046749,33.0,57.211166,-24.211166381835938,0.7336717085404829
3.912023005428146,3.4633343,49.99999999999999,31.923243,18.076757431030266,0.3615351486206054
3.4965075614664802,3.582564,33.0,35.96564,-2.9656410217285156,0.08986790974934895
3.091042453358316,3.6369612,22.000000000000004,37.97626,-15.976261138916012,0.7261936881325459
3.2188758248682006,3.3354862,24.999999999999996,28.092037,-3.092037200927738,0.12368148803710953
4.204692619390966,3.6281674,66.99999999999997,37.64377,29.356231689453097,0.43815271178288223
3.091042453358316,3.6786563,22.000000000000004,39.59316,-17.593158721923825,0.7996890328147191
4.060443010546419,3.9954503,57.999999999999986,54.350307,3.6496925354003764,0.06292573336897202
3.2188758248682006,3.365446,24.999999999999996,28.946407,-3.946407318115238,0.15785629272460955
3.2188758248682006,3.335138,24.999999999999996,28.08226,-3.082260131835941,0.12329040527343765
3.2188758248682006,3.3861709,24.999999999999996,29.552574,-4.552574157714847,0.1821029663085939
4.060443010546419,3.9433627,57.999999999999986,51.591797,6.408203124999986,0.11048626077586185
3.4965075614664802,3.563212,33.0,35.27632,-2.2763214111328125,0.06897943670099432
3.4965075614664802,3.593444,33.0,36.359085,-3.3590850830078125,0.1017904570608428
3.912023005428146,4.018802,49.99999999999999,55.634426,-5.6344261169433665,0.11268852233886735
3.4965075614664802,3.7333724,33.0,41.819904,-8.819904327392578,0.2672698281028054
3.2188758248682006,3.6829638,24.999999999999996,39.764072,-14.764072418212894,0.5905628967285158
3.2188758248682006,3.9215155,24.999999999999996,50.476883,-25.476882934570316,1.0190753173828129
3.6888794541139363,4.1568346,40.0,63.86903,-23.869029998779297,0.5967257499694825
3.912023005428146,3.704356,49.99999999999999,40.623875,9.376125335693352,0.18752250671386708
3.8501476017100584,3.7727387,46.99999999999999,43.49903,3.5009689331054616,0.07448870070437154
4.31748811353631,3.6955528,74.99999999999997,40.267826,34.732173919677706,0.4630956522623696
3.912023005428146,3.7057366,49.99999999999999,40.680004,9.319995880126946,0.18639991760253893
3.713572066704308,3.7721941,41.00000000000001,43.475353,-2.4753532409667898,0.06037446929187291
4.605170185988092,3.5830271,100.00000000000004,35.9823,64.01770019531254,0.6401770019531251
3.2188758248682006,3.5159352,24.999999999999996,33.64738,-8.647380828857425,0.34589523315429704
3.2188758248682006,3.810794,24.999999999999996,45.186306,-20.186305999755863,0.8074522399902346
4.31748811353631,3.5212777,74.99999999999997,33.82762,41.172378540039034,0.5489650472005206
3.912023005428146,3.6726763,49.99999999999999,39.357098,10.642902374267571,0.21285804748535145
4.31748811353631,3.824288,74.99999999999997,45.800175,29.199825286865206,0.38933100382486957
4.31748811353631,3.8926554,74.99999999999997,49.040936,25.95906448364255,0.34612085978190077
3.2188758248682006,4.030408,24.999999999999996,56.283867,-31.283866882324222,1.2513546752929692
3.5263605246161616,3.81067,34.00000000000001,45.180695,-11.180694580078118,0.32884395823759166
3.4965075614664802,3.7265651,33.0,41.53619,-8.536190032958984,0.25867242524118134
3.2188758248682006,3.5785334,24.999999999999996,35.82097,-10.820968627929691,0.43283874511718773
4.605170185988092,3.8392792,100.00000000000004,46.49195,53.50804901123051,0.5350804901123049
3.912023005428146,3.5152664,49.99999999999999,33.624886,16.37511444091796,0.3275022888183593
4.948759890378168,4.38343,141.00000000000003,80.11235,60.88764953613284,0.4318273016747009
3.2188758248682006,3.791554,24.999999999999996,44.325226,-19.32522583007813,0.7730090332031253
4.31748811353631,4.513812,74.99999999999997,91.26908,-16.269081115722685,0.2169210815429692
4.6913478822291435,4.9240365,108.99999999999997,137.55675,-28.556747436523466,0.2619885085919585
3.912023005428146,3.4419014,49.99999999999999,31.246315,18.753684997558587,0.3750736999511718
4.68213122712422,4.491115,108.00000000000003,89.22088,18.77912139892581,0.17388075369375744
4.31748811353631,3.7630363,74.99999999999997,43.079025,31.920974731445284,0.42561299641927064
4.948759890378168,4.431634,141.00000000000003,84.06867,56.93132781982425,0.403768282410101
3.713572066704308,3.4294217,41.00000000000001,30.858791,10.141208648681648,0.24734655240686942
3.2188758248682006,3.5358713,24.999999999999996,34.32491,-9.324909210205082,0.3729963684082033
3.912023005428146,3.9327407,49.99999999999999,51.046688,-1.0466880798339915,0.020933761596679833
3.912023005428146,3.6570413,49.99999999999999,38.746532,11.253467559814446,0.22506935119628896
3.713572066704308,3.9922612,41.00000000000001,54.177254,-13.177253723144524,0.32139643227181763
3.2188758248682006,4.1045094,24.999999999999996,60.613,-35.612998962402344,1.424519958496094
3.912023005428146,4.234024,49.99999999999999,68.99431,-18.994308471679695,0.37988616943359393
3.2188758248682006,3.7060082,24.999999999999996,40.69105,-15.6910514831543,0.6276420593261721
3.2188758248682006,3.197732,24.999999999999996,24.476954,0.5230464935302699,0.0209218597412108
3.912023005428146,3.6520483,49.99999999999999,38.553555,11.446445465087884,0.22892890930175772
3.912023005428146,3.973253,49.99999999999999,53.15717,-3.1571693420410227,0.06314338684082046
3.2188758248682006,3.8815172,24.999999999999996,48.497738,-23.497737884521488,0.9399095153808597
3.912023005428146,3.8245537,49.99999999999999,45.81235,4.187648773193352,0.08375297546386706
4.605170185988092,3.982119,100.00000000000004,53.63056,46.36943817138676,0.4636943817138674
3.4965075614664802,3.911369,33.0,49.967316,-16.967315673828125,0.5141610810250947
3.912023005428146,3.5984426,49.99999999999999,36.54128,13.458721160888665,0.26917442321777335
4.418840607796598,4.6928763,83.00000000000003,109.16673,-26.16673278808591,0.31526184082031206
4.31748811353631,4.55014,74.99999999999997,94.645645,-19.64564514160159,0.26194193522135467
4.605170185988092,3.8059962,100.00000000000004,44.970024,55.029975891113324,0.550299758911133
3.2188758248682006,3.8333035,24.999999999999996,46.214954,-21.214954376220707,0.8485981750488284
3.912023005428146,3.7204883,49.99999999999999,41.28455,8.715450286865227,0.17430900573730457
3.2188758248682006,3.7795148,24.999999999999996,43.79479,-18.794788360595707,0.7517915344238284
4.605170185988092,4.4943066,100.00000000000004,89.50608,10.493919372558636,0.10493919372558631
3.2188758248682006,3.3631368,24.999999999999996,28.879637,-3.8796367645263707,0.15518547058105486
4.31748811353631,4.092334,74.99999999999997,59.879475,15.120525360107393,0.20160700480143198
4.31748811353631,4.4118147,74.99999999999997,82.41889,-7.41889190673831,0.09891855875651083
3.912023005428146,4.5663433,49.99999999999999,96.19172,-46.19171905517579,0.9238343811035159
3.7376696182833684,3.8048382,42.00000000000001,44.91798,-2.9179801940917898,0.06947571890694737
3.4965075614664802,3.6731405,33.0,39.37537,-6.375370025634766,0.19319303107984137
4.07753744390572,3.6771908,59.000000000000014,39.535175,19.464824676513686,0.3299122826527743
3.828641396489095,3.8146632,46.0,45.361473,0.6385269165039062,0.013881019923997961
4.060443010546419,3.5350995,57.999999999999986,34.298428,23.701572418212876,0.4086478003140152
3.5263605246161616,3.418182,34.00000000000001,30.513887,3.4861125946044993,0.10253272337072054
4.31748811353631,4.0394926,74.99999999999997,56.797516,18.202484130859347,0.24269978841145803
3.4965075614664802,3.863385,33.0,47.626293,-14.626293182373047,0.443221005526456
3.367295829986474,3.4979982,29.000000000000004,33.04923,-4.049228668212887,0.1396285747659616
3.4011973816621555,3.2612765,30.000000000000004,26.08281,3.917190551757816,0.1305730183919272
4.204692619390966,3.715777,66.99999999999997,41.0905,25.909500122070284,0.3867089570458253
4.430816798843313,4.2586155,83.99999999999999,70.71201,13.28798675537108,0.1581903185163224
3.2188758248682006,3.4300513,24.999999999999996,30.878227,-5.878227233886722,0.23512908935546892
4.189654742026425,4.1397977,65.99999999999997,62.790115,3.209884643554659,0.04863461581143425
3.4965075614664802,3.6213741,33.0,37.38891,-4.388908386230469,0.1329972238251657
3.912023005428146,3.7740343,49.99999999999999,43.555424,6.444576263427727,0.12889152526855457
3.912023005428146,3.628628,49.99999999999999,37.66111,12.338890075683587,0.24677780151367176
3.2188758248682006,3.5701187,24.999999999999996,35.52081,-10.520809173583988,0.42083236694335957
3.2188758248682006,4.128062,24.999999999999996,62.057526,-37.057525634765625,1.4823010253906252
3.5263605246161616,3.4649231,34.00000000000001,31.974003,2.0259971618652415,0.059588151819565914
3.7376696182833684,3.5295682,42.00000000000001,34.109238,7.89076232910157,0.18787529355003735
3.4339872044851463,3.7204509,31.0,41.283005,-10.283004760742188,0.33170983099168344
3.713572066704308,3.4736583,41.00000000000001,32.254524,8.745475769042976,0.21330428704982865
3.5263605246161616,3.3930404,34.00000000000001,29.756287,4.243713378906257,0.12481509937959577
3.4965075614664802,3.6131942,33.0,37.08432,-4.084320068359375,0.12376727479876894
3.2188758248682006,3.6243048,24.999999999999996,37.498646,-12.498645782470707,0.49994583129882836
3.4339872044851463,3.5486255,31.0,34.7655,-3.7654991149902344,0.12146771338678175
3.2188758248682006,3.4631026,24.999999999999996,31.915844,-6.91584396362305,0.27663375854492206
3.2188758248682006,3.755158,24.999999999999996,42.74097,-17.74097061157227,0.7096388244628908
4.060443010546419,3.7617502,57.999999999999986,43.023663,14.976337432861314,0.2582127143596779
3.713572066704308,3.3221767,41.00000000000001,27.720625,13.279375076293952,0.3238871969827793
4.605170185988092,3.7332923,100.00000000000004,41.816555,58.18344497680668,0.5818344497680665
3.4965075614664802,4.0412617,33.0,56.898083,-23.898082733154297,0.7241843252470999
3.2188758248682006,3.4594162,24.999999999999996,31.798405,-6.798404693603519,0.2719361877441408
4.189654742026425,4.4682007,65.99999999999997,87.199684,-21.199684143066435,0.3212073355010067
3.2188758248682006,3.6537206,24.999999999999996,38.618084,-13.618083953857425,0.5447233581542971
3.2188758248682006,3.761283,24.999999999999996,43.00356,-18.00355911254883,0.7201423645019533
3.2188758248682006,3.5423024,24.999999999999996,34.546368,-9.546367645263675,0.3818547058105471
3.4965075614664802,3.7530248,33.0,42.649895,-9.649894714355469,0.2924210519501657
3.2188758248682006,3.3495173,24.999999999999996,28.48898,-3.488979339599613,0.13955917358398454
3.5263605246161616,3.7451894,34.00000000000001,42.317024,-8.317024230957024,0.24461835973403007
3.713572066704308,3.6555011,41.00000000000001,38.686905,2.3130950927734446,0.056416953482279125
4.31748811353631,4.1027923,74.99999999999997,60.50901,14.490989685058565,0.19321319580078095
4.31748811353631,3.5376813,74.99999999999997,34.387096,40.612903594970675,0.5415053812662759
3.2188758248682006,3.515109,24.999999999999996,33.619595,-8.619594573974613,0.34478378295898454
3.912023005428146,4.0541034,49.99999999999999,57.633465,-7.633464813232429,0.1526692962646486
4.5217885770490405,3.5017183,92.00000000000001,33.1724,58.82759857177736,0.6394304192584495
3.2188758248682006,3.9847314,24.999999999999996,53.770847,-28.770847320556644,1.150833892822266
3.912023005428146,3.8395545,49.99999999999999,46.504753,3.495246887207024,0.0699049377441405
4.060443010546419,3.9118254,57.999999999999986,49.99012,8.009880065917955,0.13810138044686132
3.2188758248682006,3.228647,24.999999999999996,25.245476,-0.2454757690429723,0.009819030761718894
4.51085950651685,3.8893273,90.99999999999997,48.877995,42.122005462646456,0.46287918090820296
4.605170185988092,4.261816,100.00000000000004,70.93869,29.061309814453168,0.29061309814453157
3.713572066704308,3.777621,41.00000000000001,43.71193,-2.7119293212890554,0.06614461759241598
3.912023005428146,3.6098425,49.99999999999999,36.96023,13.039768218994134,0.2607953643798827
4.8283137373023015,4.0099444,125.00000000000004,55.143806,69.85619354248051,0.5588495483398439
3.912023005428146,3.1117854,49.99999999999999,22.461111,27.538888931274407,0.5507777786254883
4.8283137373023015,4.086517,125.00000000000004,59.53217,65.46783065795903,0.5237426452636721
3.2188758248682006,3.4997573,24.999999999999996,33.107414,-8.107414245605472,0.32429656982421895
3.4965075614664802,3.7097502,33.0,40.8436,-7.843601226806641,0.23768488566080728
3.2188758248682006,3.8351076,24.999999999999996,46.29841,-21.298408508300785,0.8519363403320315
4.7535901911063645,3.8986967,115.99999999999999,49.338104,66.66189575195311,0.5746715151030442
4.060443010546419,3.5892038,57.999999999999986,36.20524,21.79476165771483,0.3757717527192213
4.31748811353631,4.437713,74.99999999999997,84.5813,-9.581298828125028,0.1277506510416671
3.2188758248682006,3.4507377,24.999999999999996,31.52364,-6.523639678955082,0.2609455871582033
3.912023005428146,4.156798,49.99999999999999,63.866688,-13.86668777465821,0.27733375549316425
3.4965075614664802,3.4575512,33.0,31.73916,1.2608394622802734,0.03820725643273556
3.2188758248682006,4.1082997,24.999999999999996,60.84318,-35.84318161010742,1.433727264404297
3.912023005428146,3.417695,49.99999999999999,30.499035,19.500965118408196,0.39001930236816396
3.2188758248682006,3.6496913,24.999999999999996,38.46279,-13.462791442871097,0.538511657714844
3.2188758248682006,3.6134129,24.999999999999996,37.09243,-12.092430114746097,0.48369720458984394
3.912023005428146,4.3784432,49.99999999999999,79.713844,-29.713844299316413,0.5942768859863283
3.912023005428146,4.0050693,49.99999999999999,54.875626,-4.87562561035157,0.0975125122070314
3.4965075614664802,3.3433826,33.0,28.314743,4.6852569580078125,0.14197748357599432
3.2188758248682006,3.4400558,24.999999999999996,31.1887,-6.188699722290043,0.24754798889160173
3.2188758248682006,3.429784,24.999999999999996,30.869976,-5.869976043701175,0.23479904174804705
3.4965075614664802,3.5438704,33.0,34.60058,-1.6005783081054688,0.04850237297289299
3.713572066704308,3.2838228,41.00000000000001,26.67756,14.322439193725593,0.34932778521281926
4.31748811353631,4.4110446,74.99999999999997,82.355446,-7.355445861816435,0.09807261149088584
3.912023005428146,4.112845,49.99999999999999,61.120354,-11.120353698730476,0.22240707397460954
3.5263605246161616,3.2401385,34.00000000000001,25.53726,8.462739944458015,0.24890411601347098
3.912023005428146,3.4663742,49.99999999999999,32.02043,17.979568481445305,0.35959136962890614
3.4965075614664802,3.624517,33.0,37.506603,-4.506603240966797,0.13656373457475143
3.1780538303479458,3.4644198,24.000000000000004,31.957914,-7.957914352416989,0.33157976468404116
4.189654742026425,3.7341247,65.99999999999997,41.851376,24.148624420165987,0.3658882487903939
3.7376696182833684,3.6454978,42.00000000000001,38.301834,3.6981658935546946,0.08805156889415938
3.912023005428146,4.3962674,49.99999999999999,81.147415,-31.14741516113282,0.6229483032226565
3.4965075614664802,3.5417047,33.0,34.525723,-1.5257225036621094,0.04623401526248816
3.2188758248682006,3.6575818,24.999999999999996,38.767483,-13.767482757568363,0.5506993103027346
3.4965075614664802,3.7273767,33.0,41.569916,-8.569915771484375,0.2596944173177083
3.4657359027997265,3.6771135,32.0,39.53212,-7.5321197509765625,0.23537874221801758
3.2188758248682006,3.5748875,24.999999999999996,35.690605,-10.690605163574222,0.42762420654296895
3.4965075614664802,3.909915,33.0,49.89471,-16.894710540771484,0.5119609254779238
4.418840607796598,4.142549,83.00000000000003,62.96311,20.036888122558622,0.24140829063323632
3.4965075614664802,3.6770804,33.0,39.53081,-6.530811309814453,0.1979033730246804
3.713572066704308,3.9667022,41.00000000000001,52.81009,-11.810089111328118,0.2880509539348321
3.4965075614664802,3.5017772,33.0,33.174355,-0.17435455322265625,0.005283471309777462
3.912023005428146,3.3621209,49.99999999999999,28.850313,21.149686813354485,0.42299373626708975
3.912023005428146,3.8605943,49.99999999999999,47.49357,2.5064315795898366,0.05012863159179674
3.5263605246161616,3.4661496,34.00000000000001,32.01324,1.9867591857910227,0.05843409369973595
4.653960350157523,3.9802897,104.99999999999997,53.53254,51.46746063232419,0.490166291736421
3.2188758248682006,3.109251,24.999999999999996,22.404259,2.5957412719726527,0.10382965087890612
4.189654742026425,3.8358266,65.99999999999997,46.33171,19.668289184570284,0.29800438158439835
3.2188758248682006,3.8053453,24.999999999999996,44.940765,-19.94076538085938,0.7976306152343753
3.2188758248682006,3.3928041,24.999999999999996,29.749256,-4.749256134033207,0.18997024536132828
3.4965075614664802,3.3530014,33.0,28.58841,4.411590576171875,0.13368456291429925
3.912023005428146,3.9522483,49.99999999999999,52.052265,-2.0522651672363352,0.04104530334472671
3.4965075614664802,3.9652882,33.0,52.735462,-19.735462188720703,0.5980443087491122
3.2188758248682006,3.7492251,24.999999999999996,42.488148,-17.488147735595707,0.6995259094238284
3.2188758248682006,3.561015,24.999999999999996,35.198902,-10.198902130126957,0.4079560852050783
3.912023005428146,3.5248353,49.99999999999999,33.948185,16.051815032958977,0.3210363006591796
3.2188758248682006,3.5354402,24.999999999999996,34.310116,-9.310115814208988,0.3724046325683596
4.290459441148391,3.6843133,72.99999999999999,39.817772,33.18222808837889,0.45455106970382053
3.6375861597263857,3.689282,37.99999999999999,40.0161,-2.0161018371582102,0.053055311504163434
3.2188758248682006,3.422997,24.999999999999996,30.66117,-5.661169052124027,0.22644676208496112
3.1354942159291497,4.150354,23.0,63.456455,-40.45645523071289,1.7589763143788213
3.4965075614664802,3.7595453,33.0,42.9289,-9.928901672363281,0.30087580825343274
4.060443010546419,3.6508658,57.999999999999986,38.50799,19.4920082092285,0.3360691070556639
3.912023005428146,3.600956,49.99999999999999,36.633236,13.366764068603509,0.2673352813720702
4.060443010546419,3.9477127,57.999999999999986,51.816708,6.183292388916001,0.10660848946406902
3.2188758248682006,3.8996823,24.999999999999996,49.386757,-24.38675689697266,0.9754702758789066
4.143134726391533,3.9873786,62.99999999999999,53.913376,9.086624145507805,0.1442321292937747
3.2188758248682006,3.851505,24.999999999999996,47.063843,-22.063842773437504,0.8825537109375002
3.2188758248682006,3.5082364,24.999999999999996,33.38933,-8.389331817626957,0.3355732727050783
4.31748811353631,4.3012447,74.99999999999997,73.79159,1.2084121704101278,0.016112162272135043
3.2188758248682006,3.506233,24.999999999999996,33.322506,-8.322505950927738,0.33290023803710955
3.2188758248682006,3.7443721,24.999999999999996,42.28245,-17.282451629638675,0.6912980651855472
3.2188758248682006,3.7822723,24.999999999999996,43.915718,-18.915718078613285,0.7566287231445314
4.31748811353631,3.8896174,74.99999999999997,48.892178,26.107822418212862,0.34810429890950495
3.713572066704308,4.0997915,41.00000000000001,60.32771,-19.32770919799804,0.47140754141458624
3.912023005428146,3.6876433,49.99999999999999,39.950584,10.0494155883789,0.200988311767578
3.4965075614664802,3.272294,33.0,26.371769,6.628231048583984,0.2008554863207268
4.7535901911063645,4.2434683,115.99999999999999,69.648994,46.351005554199205,0.39957763408792424
3.2188758248682006,4.1103024,24.999999999999996,60.965153,-35.965152740478516,1.438606109619141
3.912023005428146,3.371423,49.99999999999999,29.119936,20.88006401062011,0.4176012802124023
3.4965075614664802,3.4142888,33.0,30.395323,2.604677200317383,0.07892961213082979
3.2188758248682006,3.2942846,24.999999999999996,26.95812,-1.9581203460693395,0.0783248138427736
3.4965075614664802,3.361418,33.0,28.830044,4.169956207275391,0.1263623093113755
3.4965075614664802,3.549366,33.0,34.791252,-1.7912521362304688,0.05428036776455966
3.4965075614664802,3.5719678,33.0,35.58655,-2.5865516662597656,0.0783803535230232
4.890349128221754,3.994357,133.0,54.290928,78.70907211303711,0.5917975346844896
3.2188758248682006,4.257238,24.999999999999996,70.61467,-45.61466979980469,1.8245867919921877
3.2188758248682006,3.732481,24.999999999999996,41.782642,-16.782642364501957,0.6713056945800784
3.4965075614664802,3.9177969,33.0,50.289528,-17.289527893066406,0.523925087668679
3.2188758248682006,3.966159,24.999999999999996,52.781414,-27.781414031982425,1.1112565612792973
3.912023005428146,3.5705884,49.99999999999999,35.537495,14.462505340576165,0.28925010681152336
3.5263605246161616,3.7037888,34.00000000000001,40.60084,-6.60084152221679,0.19414239771225847
3.2188758248682006,3.5205946,24.999999999999996,33.804523,-8.804523468017582,0.35218093872070333
3.2188758248682006,3.9089513,24.999999999999996,49.84665,-24.84664916992188,0.9938659667968753
3.912023005428146,3.4133983,49.99999999999999,30.368269,19.631731033325188,0.39263462066650384
3.2188758248682006,3.4466581,24.999999999999996,31.395298,-6.395298004150394,0.2558119201660158
3.4011973816621555,3.8577833,30.000000000000004,47.360252,-17.36025238037109,0.578675079345703
3.4965075614664802,3.976203,33.0,53.314213,-20.314212799072266,0.6155822060324929
3.2188758248682006,3.4859145,24.999999999999996,32.65227,-7.652271270751957,0.3060908508300783
3.7376696182833684,4.1812677,42.00000000000001,65.44878,-23.44877624511718,0.5583041963123138
3.912023005428146,3.5466604,49.99999999999999,34.69725,15.302749633789055,0.3060549926757812
3.4011973816621555,3.560216,30.000000000000004,35.17079,-5.170791625976559,0.17235972086588527
3.912023005428146,4.044527,49.99999999999999,57.084183,-7.08418273925782,0.1416836547851564
4.605170185988092,4.472986,100.00000000000004,87.61798,12.382019042968793,0.12382019042968788
3.912023005428146,3.722582,49.99999999999999,41.371082,8.62891769409179,0.17257835388183582
3.4965075614664802,3.488983,33.0,32.752617,0.24738311767578125,0.007496458111387311
4.605170185988092,3.8375182,100.00000000000004,46.410152,53.58984756469731,0.5358984756469729
4.189654742026425,3.4412937,65.99999999999997,31.227331,34.77266883850095,0.5268586187651662
4.31748811353631,3.634725,74.99999999999997,37.891434,37.10856628417966,0.4947808837890623
3.912023005428146,3.6968489,49.99999999999999,40.32005,9.679950714111321,0.19359901428222645
3.2188758248682006,3.4705644,24.999999999999996,32.154884,-7.15488433837891,0.28619537353515645
4.68213122712422,3.971879,108.00000000000003,53.084183,54.915817260742216,0.5084797894513167
3.1354942159291497,3.8187711,23.0,45.548203,-22.548202514648438,0.9803566310716711
3.4965075614664802,3.7782338,33.0,43.73872,-10.738719940185547,0.32541575576319837
3.912023005428146,4.259901,49.99999999999999,70.80298,-20.802978515625007,0.4160595703125002
3.2188758248682006,3.4398823,24.999999999999996,31.183287,-6.183286666870121,0.24733146667480488
3.4965075614664802,3.4466908,33.0,31.396324,1.6036758422851562,0.04859623764500474
4.189654742026425,4.0347595,65.99999999999997,56.529324,9.470676422119112,0.1434950973048351
3.912023005428146,3.8689826,49.99999999999999,47.89363,2.1063690185546804,0.04212738037109361
3.2188758248682006,3.5226982,24.999999999999996,33.875706,-8.875705718994144,0.3550282287597658
3.5553480614894135,3.6330361,34.99999999999999,37.82749,-2.8274917602539134,0.08078547886439755
3.7376696182833684,3.4916687,42.00000000000001,32.840702,9.159297943115241,0.21807852245512477
4.31748811353631,4.106192,74.99999999999997,60.71508,14.284919738769503,0.19046559651692677
4.204692619390966,3.8442872,66.99999999999997,46.725365,20.274635314941378,0.30260649723793115
3.5553480614894135,3.9446967,34.99999999999999,51.660664,-16.660663604736335,0.47601896013532397
3.2188758248682006,3.385101,24.999999999999996,29.520977,-4.520977020263675,0.18083908081054703
3.912023005428146,3.7724197,49.99999999999999,43.485157,6.51484298706054,0.1302968597412108
3.2188758248682006,3.5636635,24.999999999999996,35.29225,-10.292251586914066,0.4116900634765627
3.5263605246161616,3.7758665,34.00000000000001,43.635303,-9.635303497314446,0.28339127933277775
4.31748811353631,3.875816,74.99999999999997,48.22204,26.777961730957003,0.3570394897460935
3.2188758248682006,3.930549,24.999999999999996,50.93493,-25.934928894042972,1.037397155761719
4.31748811353631,3.6352277,74.99999999999997,37.910484,37.08951568603513,0.4945268758138019
3.4965075614664802,3.8859448,33.0,48.712948,-15.712947845458984,0.4761499347108783
3.4965075614664802,3.8587239,33.0,47.40482,-14.40481948852539,0.43650968147046637
3.2188758248682006,3.1920557,24.999999999999996,24.33841,0.6615905761718714,0.02646362304687486
4.5217885770490405,3.8352735,92.00000000000001,46.30609,45.693908691406264,0.49667292055876366
4.605170185988092,4.5816407,100.00000000000004,97.67452,2.325477600097699,0.02325477600097698
3.912023005428146,3.7312667,49.99999999999999,41.731937,8.268062591552727,0.16536125183105457
4.890349128221754,4.396353,133.0,81.15434,51.84565734863281,0.38981697254611136
4.07753744390572,3.8973715,59.000000000000014,49.272766,9.727233886718764,0.16486837096133494
3.912023005428146,3.9882007,49.99999999999999,53.957714,-3.957714080810554,0.07915428161621109
3.912023005428146,3.7503636,49.99999999999999,42.536545,7.463455200195305,0.14926910400390614
3.4965075614664802,3.5342896,33.0,34.27066,-1.270660400390625,0.03850486061789773
3.091042453358316,3.6277344,22.000000000000004,37.627472,-15.627471923828121,0.7103396329012781
3.713572066704308,3.7382245,41.00000000000001,42.02331,-1.0233116149902273,0.024958819877810418
3.2188758248682006,3.3013277,24.999999999999996,27.14866,-2.1486606597900426,0.08594642639160172
3.2188758248682006,3.4211037,24.999999999999996,30.603174,-5.60317420959473,0.22412696838378923
4.8283137373023015,3.798508,125.00000000000004,44.634537,80.36546325683598,0.6429237060546876
3.2188758248682006,3.217694,24.999999999999996,24.970472,0.02952766418456676,0.0011811065673826705
4.31748811353631,3.6702585,74.99999999999997,39.262054,35.7379455566406,0.47650594075520813
3.2188758248682006,3.754416,24.999999999999996,42.70927,-17.709270477294925,0.7083708190917971
3.7376696182833684,3.5047688,42.00000000000001,33.27375,8.726249694824226,0.20776784987676725
3.4965075614664802,3.1637537,33.0,23.65924,9.34075927734375,0.2830533114346591
4.605170185988092,4.2488494,100.00000000000004,70.024796,29.97520446777348,0.2997520446777347
3.912023005428146,3.629623,49.99999999999999,37.6986,12.301399230957024,0.24602798461914052
4.2626798770413155,4.287299,71.0,72.76966,-1.7696609497070312,0.024924802108549735
3.4965075614664802,3.4685678,33.0,32.09075,0.9092483520507812,0.02755298036517519
3.4965075614664802,3.5449405,33.0,34.637623,-1.6376228332519531,0.04962493434096828
3.912023005428146,3.6619375,49.99999999999999,38.93671,11.063289642333977,0.22126579284667958
3.4965075614664802,3.9988356,33.0,54.53461,-21.534610748291016,0.6525639620694247
4.418840607796598,4.41815,83.00000000000003,82.942696,0.05730438232424717,0.0006904142448704476
3.4965075614664802,3.5406806,33.0,34.490387,-1.490386962890625,0.04516324129971591
4.8283137373023015,3.8040621,125.00000000000004,44.883137,80.11686325073246,0.6409349060058595
4.418840607796598,3.9735646,83.00000000000003,53.173737,29.826263427734403,0.35935257141848664
3.2188758248682006,3.8542523,24.999999999999996,47.193317,-22.19331741333008,0.8877326965332034
3.4965075614664802,3.6042793,33.0,36.755184,-3.7551841735839844,0.11379345980557529
3.2188758248682006,3.6540208,24.999999999999996,38.629677,-13.62967681884766,0.5451870727539064
4.127134385045092,3.993923,62.00000000000001,54.26736,7.732639312744148,0.12471998891522817
3.2188758248682006,3.5050561,24.999999999999996,33.283314,-8.283313751220707,0.33133255004882833
3.5263605246161616,3.2492113,34.00000000000001,25.770008,8.229991912841804,0.2420585856718177
4.060443010546419,3.7572994,57.999999999999986,42.832596,15.167404174804673,0.2615069685311151
3.2188758248682006,3.5999405,24.999999999999996,36.596058,-11.596057891845707,0.46384231567382833
3.4965075614664802,3.405021,33.0,30.114927,2.885072708129883,0.08742644570090553
4.060443010546419,3.6638844,57.999999999999986,39.01259,18.987411499023423,0.327369163776266
3.2188758248682006,3.8496308,24.999999999999996,46.97572,-21.9757194519043,0.8790287780761722
3.2188758248682006,3.9733658,24.999999999999996,53.163166,-28.16316604614258,1.1265266418457034
4.189654742026425,4.1971145,65.99999999999997,66.49419,-0.4941864013672159,0.007487672747988124
3.4965075614664802,3.9228609,33.0,50.54484,-17.544841766357422,0.5316618717078007
4.605170185988092,3.9428742,100.00000000000004,51.5666,48.433399200439496,0.48433399200439475
3.912023005428146,3.357319,49.99999999999999,28.712114,21.287885665893548,0.425757713317871
3.2188758248682006,3.8309376,24.999999999999996,46.105747,-21.105747222900394,0.8442298889160159
4.143134726391533,4.5054564,62.99999999999999,90.50965,-27.50965118408204,0.43666112990606415
4.204692619390966,4.5413375,66.99999999999997,93.81619,-26.816192626953153,0.40024168099930096
3.5263605246161616,3.506781,34.00000000000001,33.340775,0.6592254638671946,0.019388984231388073
3.912023005428146,3.919725,49.99999999999999,50.386585,-0.38658523559571023,0.007731704711914205
3.258096538021482,3.6152737,26.000000000000004,37.161514,-11.161514282226559,0.4292890108548676
3.2188758248682006,3.8863935,24.999999999999996,48.73481,-23.734809875488285,0.9493923950195315
3.6635616461296463,3.6946523,38.99999999999999,40.231583,-1.2315826416015696,0.03157904209234794
3.912023005428146,3.9553075,49.99999999999999,52.211746,-2.2117462158203196,0.044234924316406396
3.2188758248682006,4.405525,24.999999999999996,81.902145,-56.90214538574219,2.276085815429688
3.2188758248682006,3.5763662,24.999999999999996,35.74342,-10.7434196472168,0.4297367858886721
4.955827057601261,4.2977667,142.00000000000003,73.535385,68.46461486816409,0.48214517512791605
4.51085950651685,4.39581,90.99999999999997,81.11031,9.889686584472628,0.1086778745546443
3.912023005428146,3.64831,49.99999999999999,38.4097,11.590301513671868,0.23180603027343738
3.2188758248682006,3.4786353,24.999999999999996,32.415455,-7.415454864501957,0.2966181945800783
3.2188758248682006,3.282393,24.999999999999996,26.639444,-1.6394443511962926,0.06557777404785171
3.2188758248682006,3.9806848,24.999999999999996,53.55369,-28.553691864013675,1.1421476745605472
3.871201010907891,4.1931524,48.00000000000001,66.231255,-18.23125457763671,0.3798178037007648
3.7376696182833684,3.9501429,42.00000000000001,51.942787,-9.94278717041015,0.23673302786690828
4.8283137373023015,4.302467,125.00000000000004,73.88183,51.118171691894574,0.4089453735351565
4.605170185988092,3.7606854,100.00000000000004,42.977875,57.02212524414067,0.5702212524414064
3.2188758248682006,3.7159536,24.999999999999996,41.09776,-16.097759246826175,0.6439103698730471
3.912023005428146,3.6962645,49.99999999999999,40.296497,9.70350265502929,0.1940700531005858
3.828641396489095,4.035082,46.0,56.54755,-10.547550201416016,0.22929456959600034
3.2188758248682006,3.4190845,24.999999999999996,30.541443,-5.5414428710937536,0.2216577148437502
3.4965075614664802,3.870292,33.0,47.956387,-14.95638656616211,0.45322383533824573
4.890349128221754,4.674584,133.0,107.18796,25.812042236328125,0.19407550553630168
3.2188758248682006,3.8658204,24.999999999999996,47.742424,-22.742424011230472,0.909696960449219
3.2188758248682006,3.4325585,24.999999999999996,30.955744,-5.955743789672855,0.23822975158691423
3.2188758248682006,3.395675,24.999999999999996,29.834784,-4.834783554077152,0.1933913421630861
3.7376696182833684,3.632205,42.00000000000001,37.796066,4.20393371582032,0.10009365990048379
3.2188758248682006,3.775909,24.999999999999996,43.637154,-18.637153625488285,0.7454861450195315
3.2188758248682006,3.5739923,24.999999999999996,35.65867,-10.65866851806641,0.42634674072265644
3.4011973816621555,3.5052648,30.000000000000004,33.290257,-3.290256500244137,0.10967521667480455
3.2188758248682006,3.714163,24.999999999999996,41.02424,-16.024238586425785,0.6409695434570315
4.060443010546419,3.6251845,57.999999999999986,37.531647,20.46835327148436,0.35290264261179943
3.2188758248682006,3.297545,24.999999999999996,27.046158,-2.046157836914066,0.08184631347656265
3.2188758248682006,3.4772155,24.999999999999996,32.369465,-7.369464874267582,0.2947785949707033
3.1780538303479458,3.4204304,24.000000000000004,30.582575,-6.582574844360348,0.2742739518483478
3.2188758248682006,3.4832516,24.999999999999996,32.565437,-7.565437316894535,0.3026174926757814
3.912023005428146,3.6394558,49.99999999999999,38.071114,11.928886413574212,0.23857772827148427
3.912023005428146,4.1291966,49.99999999999999,62.12799,-12.127990722656257,0.2425598144531252
3.2188758248682006,4.1641397,24.999999999999996,64.33731,-39.337310791015625,1.5734924316406251
3.4657359027997265,3.0661614,32.0,21.45937,10.540630340576172,0.32939469814300537
3.912023005428146,3.5358713,49.99999999999999,34.32491,15.675090789794915,0.31350181579589836
3.2188758248682006,3.3320353,24.999999999999996,27.995262,-2.9952621459960973,0.11981048583984391
3.912023005428146,4.073307,49.99999999999999,58.750935,-8.750934600830085,0.17501869201660172
4.605170185988092,4.4153547,100.00000000000004,82.711174,17.288825988769574,0.17288825988769566
4.418840607796598,3.9592748,83.00000000000003,52.419296,30.58070373535159,0.3684422136789347
3.912023005428146,3.6099973,49.99999999999999,36.965954,13.034046173095696,0.26068092346191396
3.2188758248682006,3.7854164,24.999999999999996,44.05401,-19.054008483886722,0.762160339355469
3.7376696182833684,3.8922708,42.00000000000001,49.02208,-7.02207946777343,0.16719236828031975
3.912023005428146,3.6566355,49.99999999999999,38.730816,11.269184112548821,0.22538368225097646
4.605170185988092,3.9123492,100.00000000000004,50.016315,49.983684539794965,0.4998368453979494
3.2188758248682006,3.4451065,24.999999999999996,31.346622,-6.346622467041019,0.2538648986816408
3.044522437723423,3.8759372,21.0,48.22788,-27.22787857055664,1.2965656462169828
4.890349128221754,4.645148,133.0,104.07875,28.921249389648438,0.2174530029296875
3.912023005428146,3.6799576,49.99999999999999,39.644714,10.355285644531243,0.20710571289062488
4.189654742026425,3.8358266,65.99999999999997,46.33171,19.668289184570284,0.29800438158439835
3.258096538021482,3.2945373,26.000000000000004,26.964935,-0.9649353027343714,0.03711289625901428
3.2188758248682006,3.5199928,24.999999999999996,33.784187,-8.784187316894535,0.35136749267578143
3.6888794541139363,3.3786235,40.0,29.33037,10.66963005065918,0.2667407512664795
3.912023005428146,3.4486222,49.99999999999999,31.457022,18.542978286743157,0.3708595657348632
3.2188758248682006,3.8078606,24.999999999999996,45.053947,-20.053947448730472,0.802157897949219
3.2188758248682006,3.5310395,24.999999999999996,34.15946,-9.159458160400394,0.3663783264160158
3.912023005428146,4.235868,49.99999999999999,69.12165,-19.12165069580079,0.3824330139160158
3.4965075614664802,3.2492008,33.0,25.769737,7.230262756347656,0.21909887140447443
4.189654742026425,3.8676252,65.99999999999997,47.82867,18.171329498290987,0.27532317421653024
3.2188758248682006,3.9597352,24.999999999999996,52.443436,-27.443435668945316,1.0977374267578128
3.912023005428146,3.543692,49.99999999999999,34.59441,15.40559005737304,0.30811180114746084
3.2188758248682006,3.2953846,24.999999999999996,26.987793,-1.9877929687500036,0.07951171875000015
3.4965075614664802,3.609329,33.0,36.941257,-3.9412574768066406,0.11943204475171638
3.4011973816621555,3.5851624,30.000000000000004,36.05921,-6.059211730957028,0.20197372436523423
3.2188758248682006,3.4840915,24.999999999999996,32.592804,-7.5928039550781286,0.3037121582031252
3.2188758248682006,3.4765365,24.999999999999996,32.347492,-7.347492218017582,0.2938996887207033
3.2188758248682006,3.3190196,24.999999999999996,27.633244,-2.633243560791019,0.10532974243164078
3.2188758248682006,3.2217262,24.999999999999996,25.07136,-0.07135963439941762,0.002854385375976705
4.605170185988092,3.8045619,100.00000000000004,44.90557,55.094429016113324,0.550944290161133
4.204692619390966,3.6314383,66.99999999999997,37.767097,29.23290252685544,0.43631197801276794
3.2188758248682006,3.4851153,24.999999999999996,32.62619,-7.6261901855468786,0.3050476074218752
3.4965075614664802,3.6153615,33.0,37.164776,-4.164775848388672,0.12620532873905066
3.4965075614664802,3.6780965,33.0,39.571,-6.5709991455078125,0.19912118622750946
3.912023005428146,3.718243,49.99999999999999,41.19195,8.808048248291009,0.1761609649658202
4.8283137373023015,4.6897335,125.00000000000004,108.82417,16.17582702636723,0.1294066162109378
4.07753744390572,3.4616704,59.000000000000014,31.870169,27.12983131408693,0.45982764939130377
4.584967478670572,4.5552034,98.00000000000004,95.12611,2.8738937377930114,0.029325446304010308
3.912023005428146,3.6410081,49.99999999999999,38.130257,11.869743347167962,0.23739486694335926
3.2188758248682006,3.6418948,24.999999999999996,38.16408,-13.164081573486332,0.5265632629394533
4.605170185988092,4.3175626,100.00000000000004,75.005585,24.994415283203168,0.24994415283203156
3.2188758248682006,4.1535797,24.999999999999996,63.661484,-38.66148376464844,1.5464593505859376
3.5263605246161616,3.6475325,34.00000000000001,38.379845,-4.379844665527337,0.12881896075080398
4.060443010546419,3.7492597,57.999999999999986,42.489616,15.510383605957017,0.26742040699925895
4.762173934797756,4.2772937,117.00000000000003,72.0452,44.9548034667969,0.3842290894598025
4.8283137373023015,4.039383,125.00000000000004,56.791286,68.20871353149418,0.5456697082519533
4.605170185988092,4.0858116,100.00000000000004,59.4902,40.50979995727543,0.40509799957275416
3.4965075614664802,3.5380263,33.0,34.39896,-1.3989601135253906,0.042392730712890625
3.332204510175204,3.8621356,27.999999999999996,47.56683,-19.566829681396488,0.6988153457641604
3.2188758248682006,3.6396685,24.999999999999996,38.07921,-13.079208374023441,0.5231683349609377
3.6888794541139363,4.1568346,40.0,63.86903,-23.869029998779297,0.5967257499694825
4.31748811353631,3.8757782,74.99999999999997,48.220207,26.779792785644503,0.3570639038085935
3.2188758248682006,3.4670348,24.999999999999996,32.04159,-7.041591644287113,0.28166366577148455
3.912023005428146,3.756031,49.99999999999999,42.7783,7.221698760986321,0.14443397521972645
3.4965075614664802,3.927835,33.0,50.796883,-17.79688262939453,0.5392994736180161
4.31748811353631,4.054556,74.99999999999997,57.65955,17.340450286865206,0.2312060038248695
4.605170185988092,3.6598585,100.00000000000004,38.855843,61.14415740966801,0.6114415740966799
3.912023005428146,3.5673783,49.99999999999999,35.4236,14.57640075683593,0.29152801513671867
3.912023005428146,3.790199,49.99999999999999,44.26521,5.734790802001946,0.11469581604003894
4.204692619390966,3.543025,66.99999999999997,34.57134,32.42866134643552,0.4840098708423214
3.2188758248682006,3.953132,24.999999999999996,52.098278,-27.0982780456543,1.0839311218261722
3.2188758248682006,3.3561723,24.999999999999996,28.679205,-3.679204940795902,0.1471681976318361
3.4965075614664802,3.704041,33.0,40.611084,-7.611083984375,0.23063890861742425
3.7376696182833684,3.9361825,42.00000000000001,51.222687,-9.222686767578118,0.21958778018043135
4.605170185988092,3.4833374,100.00000000000004,32.568233,67.43176651000981,0.6743176651000978
3.4965075614664802,3.565191,33.0,35.346207,-2.3462066650390625,0.07109717166785037
3.2188758248682006,3.671468,24.999999999999996,39.30957,-14.309570312500004,0.5723828125000002
4.605170185988092,4.007221,100.00000000000004,54.993843,45.00615692138676,0.4500615692138674
4.605170185988092,4.155442,100.00000000000004,63.780163,36.219837188720746,0.3621983718872073
3.2188758248682006,3.8753102,24.999999999999996,48.197647,-23.197647094726566,0.9279058837890628
4.700480365792417,4.0404625,110.00000000000004,56.85263,53.14736938476567,0.4831579034978695
3.912023005428146,3.6400776,49.99999999999999,38.09479,11.905208587646477,0.23810417175292958
4.418840607796598,3.7714505,83.00000000000003,43.443035,39.55696487426761,0.4765899382441879
4.605170185988092,4.40653,100.00000000000004,81.984474,18.015525817871136,0.18015525817871128
3.4965075614664802,3.5405931,33.0,34.48737,-1.4873695373535156,0.045071804162227745
3.2188758248682006,4.0808477,24.999999999999996,59.195633,-34.19563293457031,1.3678253173828128
3.7376696182833684,3.2485723,42.00000000000001,25.753546,16.24645423889161,0.3868203390212287
3.912023005428146,3.8825548,49.99999999999999,48.548084,1.4519157409667898,0.0290383148193358
3.912023005428146,3.7902658,49.99999999999999,44.268166,5.731834411621087,0.11463668823242175
4.189654742026425,3.4451692,65.99999999999997,31.348587,34.65141296386716,0.525021408543442
3.2188758248682006,3.6506548,24.999999999999996,38.499866,-13.499866485595707,0.5399946594238283
3.2188758248682006,3.5054953,24.999999999999996,33.29793,-8.297931671142582,0.33191726684570333
3.2188758248682006,3.5143366,24.999999999999996,33.593636,-8.593635559082035,0.3437454223632814
3.5263605246161616,3.8262498,34.00000000000001,45.89012,-11.89012145996093,0.3497094547047332
3.2188758248682006,3.6077638,24.999999999999996,36.88348,-11.883480072021488,0.47533920288085957
4.605170185988092,3.593453,100.00000000000004,36.359406,63.64059448242192,0.6364059448242189
4.770684624465665,4.7331486,118.00000000000004,113.65285,4.34715270996098,0.036840277203059144
4.189654742026425,3.7369764,65.99999999999997,41.970894,24.02910614013669,0.364077365759647
3.912023005428146,3.7151258,49.99999999999999,41.06375,8.936248779296868,0.1787249755859374
3.912023005428146,3.5012414,49.99999999999999,33.15659,16.843410491943352,0.3368682098388671
4.31748811353631,4.022826,74.99999999999997,55.85875,19.141250610351534,0.25521667480468724
3.912023005428146,3.3305037,49.99999999999999,27.952417,22.047582626342766,0.44095165252685536
3.2188758248682006,3.4784703,24.999999999999996,32.410107,-7.41010665893555,0.29640426635742206
3.2188758248682006,3.4411108,24.999999999999996,31.22162,-6.221620559692386,0.2488648223876955
3.4011973816621555,3.379574,30.000000000000004,29.358263,0.6417369842529332,0.021391232808431106
3.912023005428146,4.0877795,49.99999999999999,59.607388,-9.607387542724616,0.19214775085449234
3.4965075614664802,3.9059567,33.0,49.697605,-16.69760513305664,0.5059880343350497
3.5263605246161616,3.400397,34.00000000000001,29.976,4.024000167846687,0.11835294611313782
3.713572066704308,3.8262308,41.00000000000001,45.889244,-4.889244079589837,0.1192498555997521
3.5263605246161616,4.396724,34.00000000000001,81.184494,-47.18449401855468,1.3877792358398433
3.5263605246161616,3.625458,34.00000000000001,37.541912,-3.5419120788574148,0.10417388467227688
3.912023005428146,3.6350164,49.99999999999999,37.902477,12.097522735595696,0.24195045471191395
4.51085950651685,4.405083,90.99999999999997,81.86595,9.134048461914034,0.10037415892213228
3.4965075614664802,3.6519651,33.0,38.55035,-5.550350189208984,0.16819242997602982
3.1354942159291497,3.8712652,23.0,48.00308,-25.00307846069336,1.087090367856233
3.912023005428146,3.9457874,49.99999999999999,51.717045,-1.7170448303222727,0.03434089660644546
3.912023005428146,4.125819,49.99999999999999,61.918514,-11.918514251708991,0.23837028503417987
3.7376696182833684,3.473765,42.00000000000001,32.25796,9.742038726806648,0.23195330301920586
3.2188758248682006,3.394329,24.999999999999996,29.794657,-4.794656753540043,0.19178627014160174
3.2188758248682006,3.4642076,24.999999999999996,31.951134,-6.951133728027347,0.2780453491210939
3.912023005428146,4.014013,49.99999999999999,55.36861,-5.368610382080085,0.10737220764160171
3.2188758248682006,3.3938673,24.999999999999996,29.780901,-4.780900955200199,0.19123603820800797
3.2188758248682006,3.518452,24.999999999999996,33.73217,-8.732170104980472,0.3492868041992189
3.1354942159291497,3.6240761,23.0,37.49007,-14.490070343017578,0.6300030583920686
3.2188758248682006,3.8343287,24.999999999999996,46.26236,-21.26235961914063,0.8504943847656252
3.912023005428146,4.472943,49.99999999999999,87.614174,-37.61417388916016,0.7522834777832034
3.1354942159291497,4.014119,23.0,55.374496,-32.37449645996094,1.4075868026069973
4.31748811353631,3.9159765,74.99999999999997,50.198067,24.80193328857419,0.330692443847656
3.2188758248682006,3.9230273,24.999999999999996,50.553253,-25.55325317382813,1.0221301269531253
3.2188758248682006,3.4755712,24.999999999999996,32.31628,-7.316280364990238,0.2926512145996096
3.7376696182833684,3.6003175,42.00000000000001,36.609856,5.390144348144538,0.12833677019391757
4.189654742026425,3.829145,65.99999999999997,46.02317,19.976829528808565,0.30267923528497837
3.8066624897703196,3.6529734,44.99999999999999,38.589237,6.410762786865227,0.14246139526367174
3.912023005428146,3.380126,49.99999999999999,29.374472,20.625528335571282,0.4125105667114257
4.060443010546419,3.5775788,57.999999999999986,35.78679,22.2132110595703,0.3829863975787983
3.2188758248682006,3.881767,24.999999999999996,48.509857,-23.50985717773438,0.9403942871093752
3.2188758248682006,3.421891,24.999999999999996,30.627275,-5.627275466918949,0.225091018676758
4.553876891600541,3.8500335,95.0,46.99464,48.0053596496582,0.5053195752595601
3.4965075614664802,3.5060198,33.0,33.315403,-0.3154029846191406,0.009557666200580019
3.2188758248682006,3.9252744,24.999999999999996,50.666977,-25.66697692871094,1.0266790771484378
4.897839799950911,3.9601724,133.99999999999997,52.46637,81.53363037109372,0.6084599281424906
4.31748811353631,4.2193413,74.99999999999997,67.988686,7.011314392089815,0.0934841918945309
3.5263605246161616,3.7010658,34.00000000000001,40.490437,-6.490436553955071,0.1908951927633844
3.2188758248682006,3.6772745,24.999999999999996,39.538483,-14.538482666015629,0.5815393066406253
4.605170185988092,3.8136113,100.00000000000004,45.313786,54.68621444702153,0.5468621444702151
3.7376696182833684,3.96357,42.00000000000001,52.64494,-10.644939422607415,0.2534509386335098
3.2188758248682006,3.5014217,24.999999999999996,33.162567,-8.162567138671879,0.32650268554687517
3.4965075614664802,3.7233112,33.0,41.401253,-8.401252746582031,0.25458341656309186
4.31748811353631,4.0510178,74.99999999999997,57.455902,17.544097900390597,0.23392130533854139
3.912023005428146,3.4891846,49.99999999999999,32.759224,17.24077606201171,0.3448155212402343
3.4965075614664802,4.1473036,33.0,63.263187,-30.263187408447266,0.9170662851044626
3.713572066704308,3.557844,41.00000000000001,35.087463,5.912536621093757,0.14420821027057942
3.5263605246161616,4.254293,34.00000000000001,70.40702,-36.40702056884765,1.070794722613166
3.2188758248682006,3.6740136,24.999999999999996,39.409763,-14.409763336181644,0.5763905334472659
3.713572066704308,3.5099933,41.00000000000001,33.448044,7.55195617675782,0.1841940530916541
3.2188758248682006,3.299075,24.999999999999996,27.087568,-2.0875682830810582,0.08350273132324235
3.2188758248682006,3.7183588,24.999999999999996,41.196724,-16.196723937988285,0.6478689575195314
3.9889840465642745,4.0779557,54.00000000000001,59.024685,-5.024684906005852,0.09304972048158984
4.8283137373023015,4.225742,125.00000000000004,68.42525,56.57475280761723,0.45259802246093767
3.2188758248682006,3.716772,24.999999999999996,41.131413,-16.13141250610352,0.6452565002441408
4.060443010546419,3.7231698,57.999999999999986,41.3954,16.604598999023423,0.28628618963833496
4.060443010546419,3.8417633,57.999999999999986,46.607582,11.39241790771483,0.19642099840887642
3.2188758248682006,3.6010377,24.999999999999996,36.636234,-11.63623428344727,0.4654493713378908
3.912023005428146,3.7538693,49.99999999999999,42.68593,7.31407165527343,0.14628143310546862
4.418840607796598,3.7492945,83.00000000000003,42.491096,40.508903503418,0.4880590783544335
3.2188758248682006,3.2520635,24.999999999999996,25.843613,-0.843612670898441,0.033744506835937646
3.2188758248682006,3.7291603,24.999999999999996,41.644127,-16.644126892089847,0.665765075683594
3.4965075614664802,3.9134474,33.0,50.07127,-17.071269989013672,0.5173112117882931
4.189654742026425,4.1164145,65.99999999999997,61.33892,4.661079406738253,0.07062241525360992
4.605170185988092,4.8085213,100.00000000000004,122.55026,-22.550262451171832,0.22550262451171824
3.912023005428146,3.5933585,49.99999999999999,36.355972,13.64402770996093,0.27288055419921864
3.713572066704308,3.6182284,41.00000000000001,37.27148,3.7285194396972727,0.09093949852920176
3.4965075614664802,3.8462076,33.0,46.815186,-13.815185546875,0.4186419862689394
3.4965075614664802,3.82814,33.0,45.976944,-12.976943969726562,0.3932407263553504
4.8283137373023015,4.0288177,125.00000000000004,56.19443,68.8055686950684,0.550444549560547
4.7535901911063645,3.7284756,115.99999999999999,41.61562,74.38438034057616,0.6412446581084152
3.912023005428146,3.499826,49.99999999999999,33.109688,16.89031219482421,0.3378062438964843
3.5263605246161616,3.6338246,34.00000000000001,37.85733,-3.857330322265618,0.11345089183134167
3.2188758248682006,3.427522,24.999999999999996,30.800224,-5.800224304199222,0.23200897216796892
3.2188758248682006,3.5276487,24.999999999999996,34.043827,-9.04382705688477,0.3617530822753908
3.912023005428146,3.6521177,49.99999999999999,38.556232,11.443767547607415,0.22887535095214834
3.912023005428146,3.5648506,49.99999999999999,35.33417,14.665828704833977,0.2933165740966796
3.2188758248682006,4.0267816,24.999999999999996,56.08013,-31.080131530761722,1.2432052612304691
3.912023005428146,3.7213578,49.99999999999999,41.32046,8.679538726806634,0.1735907745361327
3.7376696182833684,3.8831277,42.00000000000001,48.57591,-6.575908660888665,0.15656925383068246
3.2188758248682006,3.7524247,24.999999999999996,42.62431,-17.624309539794925,0.7049723815917971
3.4965075614664802,3.6823714,33.0,39.74052,-6.740520477294922,0.2042581962816643
3.2188758248682006,3.7752802,24.999999999999996,43.609726,-18.60972595214844,0.7443890380859377
4.060443010546419,3.94374,57.999999999999986,51.61126,6.388740539550767,0.11015069895777187
3.2188758248682006,3.2795641,24.999999999999996,26.564192,-1.5641918182373082,0.06256767272949233
3.58351893845611,3.7751389,36.0,43.60356,-7.6035614013671875,0.21121003892686632
3.2188758248682006,3.0103786,24.999999999999996,20.295082,4.70491790771484,0.18819671630859364
3.4965075614664802,3.5758617,33.0,35.72539,-2.725391387939453,0.08258761781634706
3.2188758248682006,3.6539915,24.999999999999996,38.628544,-13.62854385375977,0.5451417541503908
4.418840607796598,4.7373295,83.00000000000003,114.12901,-31.12901306152341,0.37504835013883614
3.2188758248682006,3.8236554,24.999999999999996,45.771214,-20.771213531494144,0.8308485412597659
3.7376696182833684,3.512881,42.00000000000001,33.544773,8.455226898193366,0.20131492614746108
4.189654742026425,3.6729815,65.99999999999997,39.36911,26.630889892578097,0.4034983317057289
3.2188758248682006,3.6750107,24.999999999999996,39.449078,-14.449077606201175,0.5779631042480471
3.7612001156935624,3.1889887,43.0,24.263876,18.73612403869629,0.43572381485340206
4.189654742026425,3.4653382,65.99999999999997,31.987276,34.012723922729464,0.5153443018595375
3.2188758248682006,4.2102633,24.999999999999996,67.374275,-42.37427520751953,1.6949710083007814
3.4965075614664802,3.4082055,33.0,30.210981,2.7890186309814453,0.08451571609034683
3.2188758248682006,3.7188456,24.999999999999996,41.216785,-16.216785430908207,0.6486714172363284
4.418840607796598,3.8897514,83.00000000000003,48.89873,34.101268768310575,0.4108586598591634
3.2188758248682006,3.494348,24.999999999999996,32.928814,-7.928813934326175,0.31715255737304704
4.418840607796598,4.1023755,83.00000000000003,60.483795,22.516204833984403,0.271279576313065
3.2188758248682006,3.1688368,24.999999999999996,23.779808,1.2201919555664027,0.048807678222656116
3.912023005428146,3.3580801,49.99999999999999,28.733973,21.266027450561516,0.4253205490112304
4.418840607796598,3.8042219,83.00000000000003,44.890305,38.10969543457034,0.459152957043016
3.5263605246161616,3.5969522,34.00000000000001,36.48686,-2.4868583679199148,0.07314289317411513
3.7376696182833684,3.8290858,42.00000000000001,46.020447,-4.020446777343743,0.0957249232700891
3.2188758248682006,3.7258437,24.999999999999996,41.506237,-16.5062370300293,0.6602494812011721
4.060443010546419,3.587424,57.999999999999986,36.140858,21.859142303466783,0.37688176385287564
4.477336814478207,4.5410066,88.00000000000003,93.78516,-5.785156249999972,0.06574041193181784
3.2188758248682006,3.8573217,24.999999999999996,47.338398,-22.33839797973633,0.8935359191894534
4.31748811353631,3.6320474,74.99999999999997,37.790108,37.20989227294919,0.4961318969726561
3.2188758248682006,3.7684183,24.999999999999996,43.311504,-18.311504364013675,0.7324601745605471
4.31748811353631,3.6526408,74.99999999999997,38.576405,36.42359542846677,0.4856479390462238
4.418840607796598,3.875777,83.00000000000003,48.22015,34.779850006103544,0.4190343374229341
3.912023005428146,3.6632934,49.99999999999999,38.98954,11.010459899902337,0.22020919799804675
3.4965075614664802,3.609173,33.0,36.935497,-3.935497283935547,0.11925749345259233
3.2188758248682006,3.6874468,24.999999999999996,39.942738,-14.942737579345707,0.5977095031738283
4.7535901911063645,4.2063675,115.99999999999999,67.11231,48.887687683105455,0.42144558347504707
3.2188758248682006,3.4546988,24.999999999999996,31.648754,-6.64875411987305,0.26595016479492206
4.68213122712422,4.165403,108.00000000000003,64.41863,43.58136749267581,0.4035311804877389
3.2188758248682006,3.4166334,24.999999999999996,30.466673,-5.466672897338871,0.21866691589355486
3.2188758248682006,4.3279405,24.999999999999996,75.78804,-50.78804016113281,2.0315216064453128
3.4965075614664802,3.7415156,33.0,42.161842,-9.161842346191406,0.2776315862482244
3.2188758248682006,3.7333488,24.999999999999996,41.81892,-16.81892013549805,0.6727568054199221
3.4965075614664802,4.01317,33.0,55.32195,-22.321949005126953,0.6764226971250592
4.060443010546419,3.7734456,57.999999999999986,43.529793,14.470207214355455,0.24948633128199066
3.2188758248682006,3.6471362,24.999999999999996,38.36464,-13.364639282226566,0.5345855712890627
4.060443010546419,4.52568,57.999999999999986,92.35871,-34.358711242675795,0.5923915731495828
3.2188758248682006,3.5022554,24.999999999999996,33.190228,-8.190227508544925,0.3276091003417971
3.2188758248682006,3.5219214,24.999999999999996,33.849403,-8.84940338134766,0.3539761352539064
3.912023005428146,3.850704,49.99999999999999,47.026157,2.9738426208496023,0.059476852416992056
3.4965075614664802,3.9361296,33.0,51.219975,-18.219974517822266,0.5521204399340081
3.912023005428146,4.512625,49.99999999999999,91.16082,-41.160820007324226,0.8232164001464847
4.31748811353631,4.2374015,74.99999999999997,69.22773,5.77227020263669,0.07696360270182256
3.912023005428146,3.590326,49.99999999999999,36.24589,13.754108428955071,0.27508216857910145
4.605170185988092,4.4388547,100.00000000000004,84.6779,15.322097778320355,0.15322097778320348
4.31748811353631,3.6450834,74.99999999999997,38.285965,36.71403503417966,0.48952046712239566
4.7535901911063645,3.3297577,115.99999999999999,27.931572,88.06842803955077,0.7592105865478516
3.2188758248682006,3.5815573,24.999999999999996,35.92945,-10.929450988769535,0.43717803955078144
3.912023005428146,3.7785127,49.99999999999999,43.750923,6.249076843261712,0.12498153686523425
4.553876891600541,3.5232534,95.0,33.894524,61.10547637939453,0.643215540835732
3.912023005428146,3.7735038,49.99999999999999,43.532326,6.467674255371087,0.12935348510742176
3.4965075614664802,3.5303109,33.0,34.13458,-1.1345787048339844,0.0343811728737571
3.4965075614664802,3.6399193,33.0,38.08876,-5.0887603759765625,0.15420485987807764
3.912023005428146,3.9228861,49.99999999999999,50.546116,-0.5461158752441477,0.010922317504882956
3.2188758248682006,3.6629758,24.999999999999996,38.977158,-13.977157592773441,0.5590863037109377
3.912023005428146,3.660463,49.99999999999999,38.879345,11.120655059814446,0.22241310119628896
3.2188758248682006,3.6876445,24.999999999999996,39.95063,-14.950630187988285,0.5980252075195315
4.31748811353631,3.9639804,74.99999999999997,52.666546,22.33345413208005,0.2977793884277341
3.5263605246161616,3.6809907,34.00000000000001,39.68569,-5.685691833496087,0.1672262303969437
3.912023005428146,3.6496127,49.99999999999999,38.459766,11.54023361206054,0.23080467224121082
3.4965075614664802,3.8746433,33.0,48.165516,-15.165515899658203,0.4595610878684304
3.2188758248682006,4.0782666,24.999999999999996,59.043037,-34.04303741455078,1.3617214965820315
4.060443010546419,3.7736485,57.999999999999986,43.538628,14.461372375488267,0.2493340064739357
3.2188758248682006,3.4355297,24.999999999999996,31.047855,-6.047855377197269,0.2419142150878908
4.31748811353631,3.9792087,74.99999999999997,53.474705,21.52529525756833,0.28700393676757785
3.2188758248682006,3.6083348,24.999999999999996,36.90455,-11.904548645019535,0.47618194580078144
4.605170185988092,4.4476223,100.00000000000004,85.42359,14.576408386230511,0.14576408386230505
3.912023005428146,3.7013636,49.99999999999999,40.502495,9.497505187988274,0.1899501037597655
3.713572066704308,3.810783,41.00000000000001,45.185802,-4.18580245971679,0.10209274291992168
3.912023005428146,3.4456053,49.99999999999999,31.36226,18.637739181518548,0.372754783630371
4.605170185988092,3.647636,100.00000000000004,38.383816,61.61618423461918,0.6161618423461915
4.07753744390572,3.521049,59.000000000000014,33.81989,25.1801109313965,0.42678154121011
3.7376696182833684,3.689566,42.00000000000001,40.027466,1.972534179687507,0.04696509951636921
3.4965075614664802,3.5690758,33.0,35.483784,-2.483783721923828,0.07526617339163115
3.2188758248682006,3.5616717,24.999999999999996,35.22203,-10.222030639648441,0.4088812255859377
4.605170185988092,4.1888375,100.00000000000004,65.94608,34.053916931152386,0.3405391693115237
4.31748811353631,4.0777802,74.99999999999997,59.014328,15.985671997070284,0.21314229329427054
3.4965075614664802,3.678528,33.0,39.58808,-6.588081359863281,0.1996388290867661
4.31748811353631,4.45862,74.99999999999997,86.36825,-11.368247985839872,0.15157663981119834
3.4965075614664802,3.4787364,33.0,32.41873,0.581268310546875,0.01761419122869318
3.713572066704308,3.6554604,41.00000000000001,38.685326,2.3146743774414134,0.056455472620522265
4.02535169073515,3.5445485,56.00000000000002,34.62405,21.375949859619162,0.381713390350342
3.5263605246161616,3.743662,34.00000000000001,42.25244,-8.252441406249993,0.24271886488970562
4.430816798843313,4.2862124,83.99999999999999,72.69063,11.309371948242173,0.13463538033621636
3.4965075614664802,3.6617606,33.0,38.92982,-5.929821014404297,0.1796915458910393
3.2188758248682006,3.49077,24.999999999999996,32.811207,-7.811206817626957,0.3124482727050783
3.2188758248682006,3.7234294,24.999999999999996,41.40615,-16.406150817871097,0.6562460327148439
4.31748811353631,3.8099635,74.99999999999997,45.14879,29.851211547851534,0.3980161539713539
4.060443010546419,3.8040504,57.999999999999986,44.88261,13.117389678955064,0.22616189101646667
3.2188758248682006,3.5602813,24.999999999999996,35.173088,-10.173088073730472,0.40692352294921896
4.890349128221754,3.839105,133.0,46.48385,86.51615142822266,0.6504973791595688
4.060443010546419,4.162338,57.999999999999986,64.22148,-6.221481323242202,0.10726691936624488
4.189654742026425,4.1372867,65.99999999999997,62.63265,3.3673515319823935,0.051020477757309016
4.8283137373023015,5.076395,125.00000000000004,160.19551,-35.19551086425777,0.28156408691406204
3.912023005428146,3.7768548,49.99999999999999,43.678448,6.321552276611321,0.12643104553222645
4.007333185232471,3.3153605,55.000000000000014,27.532318,27.46768188476564,0.49941239790482966
3.2188758248682006,3.3728883,24.999999999999996,29.162636,-4.16263580322266,0.16650543212890642
3.713572066704308,3.509193,41.00000000000001,33.421284,7.578716278076179,0.18484673848966288
3.5263605246161616,3.4626358,34.00000000000001,31.90095,2.099050521850593,0.061736780054429195
4.31748811353631,3.5758402,74.99999999999997,35.724625,39.27537536621091,0.523671671549479
4.418840607796598,3.9088235,83.00000000000003,49.84028,33.15972137451175,0.3995147153555631
3.2188758248682006,3.4976094,24.999999999999996,33.03638,-8.03638076782227,0.32145523071289084
4.442651256490317,3.815264,85.00000000000001,45.388737,39.6112632751465,0.466014862060547
4.189654742026425,4.0910807,65.99999999999997,59.804485,6.19551467895505,0.093871434529622
3.912023005428146,3.5152664,49.99999999999999,33.624886,16.37511444091796,0.3275022888183593
3.4965075614664802,3.6441956,33.0,38.251987,-5.251987457275391,0.15915113506895123
3.912023005428146,3.5335279,49.99999999999999,34.244564,15.755435943603509,0.3151087188720702
3.912023005428146,3.9714699,49.99999999999999,53.06247,-3.062469482421882,0.06124938964843765
3.2188758248682006,3.4943266,24.999999999999996,32.92811,-7.928108215332035,0.31712432861328144
4.204692619390966,3.128969,66.99999999999997,22.850407,44.149593353271456,0.6589491545264399
3.2188758248682006,3.852023,24.999999999999996,47.088223,-22.088222503662113,0.8835289001464847
3.912023005428146,3.7555933,49.99999999999999,42.759583,7.240417480468743,0.1448083496093749
4.060443010546419,3.8351784,57.999999999999986,46.301685,11.698314666748033,0.20169508046117302
3.912023005428146,3.707832,49.99999999999999,40.765335,9.23466491699218,0.18469329833984363
4.07753744390572,3.8353226,59.000000000000014,46.308365,12.691635131835952,0.21511245986162625
3.912023005428146,3.996887,49.99999999999999,54.428448,-4.428447723388679,0.08856895446777359
3.2188758248682006,3.7248,24.999999999999996,41.462944,-16.462944030761722,0.658517761230469
3.4965075614664802,3.9461527,33.0,51.73594,-18.735939025878906,0.5677557280569365
3.2188758248682006,3.6231267,24.999999999999996,37.454494,-12.454494476318363,0.4981797790527346
4.31748811353631,3.918509,74.99999999999997,50.325356,24.674644470214815,0.32899525960286435
4.204692619390966,3.8692393,66.99999999999997,47.905933,19.09406661987302,0.28498606895332873
3.8501476017100584,3.9545763,46.99999999999999,52.17358,-5.1735801696777415,0.11007617382293068
3.2188758248682006,3.3997962,24.999999999999996,29.957994,-4.957994461059574,0.198319778442383
3.2188758248682006,3.8022301,24.999999999999996,44.800983,-19.80098342895508,0.7920393371582034
3.713572066704308,3.8748622,41.00000000000001,48.17606,-7.1760597229003835,0.17502584690000933
3.2188758248682006,3.8679361,24.999999999999996,47.84354,-22.843540191650394,0.9137416076660159
4.962844630259907,3.6143374,142.99999999999994,37.12674,105.87326049804682,0.7403724510352927
3.5263605246161616,3.4051366,34.00000000000001,30.118408,3.881591796875007,0.11416446461397077
3.5553480614894135,3.6568124,34.99999999999999,38.737667,-3.7376670837402415,0.10679048810686406
3.2188758248682006,3.6780214,24.999999999999996,39.568027,-14.568027496337894,0.5827210998535158
4.605170185988092,4.043377,100.00000000000004,57.018566,42.981433868408246,0.42981433868408225
3.1354942159291497,3.3856504,23.0,29.537197,-6.537197113037109,0.28422596143639606
4.418840607796598,3.7703674,83.00000000000003,43.396004,39.6039962768555,0.47715658164886127
3.912023005428146,3.9182205,49.99999999999999,50.310837,-0.3108367919921946,0.006216735839843893
3.912023005428146,3.7119052,49.99999999999999,40.931717,9.06828308105468,0.18136566162109363
3.2188758248682006,3.7220168,24.999999999999996,41.347702,-16.34770202636719,0.6539080810546878
4.31748811353631,3.7698436,74.99999999999997,43.37328,31.62672042846677,0.4216896057128904
3.7376696182833684,3.6413116,42.00000000000001,38.141834,3.858165740966804,0.09186108907063817
3.912023005428146,4.3430614,49.99999999999999,76.94273,-26.942733764648445,0.5388546752929689
3.912023005428146,3.6601498,49.99999999999999,38.867165,11.132835388183587,0.22265670776367177
4.700480365792417,4.3459687,110.00000000000004,77.166756,32.83324432373051,0.2984840393066409
3.2188758248682006,3.5167303,24.999999999999996,33.674145,-8.67414474487305,0.34696578979492204
3.912023005428146,3.5933483,49.99999999999999,36.355602,13.644397735595696,0.27288795471191396
3.912023005428146,3.8800218,49.99999999999999,48.42527,1.5747299194335866,0.03149459838867174
3.2188758248682006,3.7399247,24.999999999999996,42.09482,-17.09481811523438,0.6837927246093752
3.2188758248682006,3.7575314,24.999999999999996,42.842533,-17.84253311157227,0.7137013244628909
4.51085950651685,4.0712624,90.99999999999997,58.630928,32.36907196044919,0.35570408747746374
3.2188758248682006,3.6919713,24.999999999999996,40.123867,-15.123867034912113,0.6049546813964846
4.5217885770490405,4.292941,92.00000000000001,73.18139,18.818611145019545,0.20455012114151677
3.912023005428146,3.6629622,49.99999999999999,38.976627,11.023372650146477,0.22046745300292958
3.4965075614664802,3.9201565,33.0,50.408333,-17.40833282470703,0.5275252371123342
3.2188758248682006,3.478835,24.999999999999996,32.421932,-7.421932220458988,0.29687728881835956
3.4965075614664802,3.72313,33.0,41.393753,-8.393753051757812,0.25435615308357007
4.430816798843313,3.8055983,83.99999999999999,44.952133,39.04786682128905,0.46485555739629825
3.912023005428146,3.2434282,49.99999999999999,25.621407,24.37859344482421,0.4875718688964843
4.07753744390572,4.020624,59.000000000000014,55.73588,3.2641181945800923,0.05532403719627274
3.912023005428146,3.423599,49.99999999999999,30.679632,19.320367813110344,0.38640735626220696
3.4965075614664802,3.3618023,33.0,28.841125,4.15887451171875,0.12602650035511365
3.4965075614664802,3.3925061,33.0,29.740393,3.2596073150634766,0.09877597924434778
3.4011973816621555,3.7697709,30.000000000000004,43.370125,-13.370124816894528,0.44567082722981755
3.912023005428146,4.161394,49.99999999999999,64.16091,-14.1609115600586,0.28321823120117207
3.4965075614664802,3.5524282,33.0,34.897957,-1.8979568481445312,0.05751384388316761
3.4965075614664802,3.7638538,33.0,43.114258,-10.1142578125,0.3064926609848485
3.4965075614664802,3.9639363,33.0,52.664223,-19.664222717285156,0.595885536887429
4.060443010546419,3.940428,57.999999999999986,51.440613,6.559387207031236,0.11309288287984892
4.430816798843313,3.3831754,83.99999999999999,29.464182,54.53581809997557,0.649235929761614
3.912023005428146,3.5020537,49.99999999999999,33.183533,16.816467285156243,0.3363293457031249
3.2188758248682006,3.7128165,24.999999999999996,40.969032,-15.96903228759766,0.6387612915039065
3.912023005428146,3.6045396,49.99999999999999,36.764755,13.235244750976555,0.26470489501953115
3.4011973816621555,3.562004,30.000000000000004,35.233738,-5.233737945556637,0.17445793151855454
3.2188758248682006,3.5959177,24.999999999999996,36.449135,-11.44913482666016,0.45796539306640643
4.060443010546419,3.6031063,57.999999999999986,36.712093,21.2879066467285,0.367032873219457
3.713572066704308,3.6272347,41.00000000000001,37.608673,3.391326904296882,0.08271529034870442
3.2188758248682006,3.5780814,24.999999999999996,35.80478,-10.804779052734379,0.4321911621093752
3.5263605246161616,3.460372,34.00000000000001,31.828814,2.171186447143562,0.0638584249159871
3.2188758248682006,3.7025392,24.999999999999996,40.55014,-15.550140380859379,0.6220056152343753
3.2188758248682006,3.703014,24.999999999999996,40.569393,-15.569393157958988,0.6227757263183596
3.2188758248682006,3.430524,24.999999999999996,30.89283,-5.892829895019535,0.23571319580078143
3.912023005428146,3.5266914,49.99999999999999,34.011253,15.9887466430664,0.319774932861328
4.31748811353631,3.9478931,74.99999999999997,51.82606,23.173938751220675,0.30898585001627576
3.713572066704308,3.700658,41.00000000000001,40.47393,0.5260696411132884,0.012830966856421665
3.4965075614664802,3.5744336,33.0,35.674408,-2.674407958984375,0.08104266542376894
3.4965075614664802,4.1105604,33.0,60.980885,-27.980884552001953,0.8479055924849077
3.2188758248682006,3.4210021,24.999999999999996,30.600065,-5.600065231323246,0.22400260925292986
4.605170185988092,3.9971285,100.00000000000004,54.441597,45.55840301513676,0.45558403015136745
3.2188758248682006,3.5543997,24.999999999999996,34.966824,-9.966823577880863,0.3986729431152346
3.2188758248682006,3.5147645,24.999999999999996,33.608013,-8.608013153076175,0.3443205261230471
3.912023005428146,3.8517127,49.99999999999999,47.073616,2.9263839721679616,0.058527679443359244
3.2188758248682006,3.491489,24.999999999999996,32.8348,-7.834800720214847,0.31339202880859396
4.31748811353631,3.6313024,74.99999999999997,37.761963,37.23803710937497,0.4965071614583331
3.4965075614664802,3.647368,33.0,38.37353,-5.373531341552734,0.1628342830773556
3.4965075614664802,3.3938465,33.0,29.780283,3.219717025756836,0.097567182598692
3.1354942159291497,3.4686353,23.0,32.092915,-9.092914581298828,0.39534411223038385
4.8283137373023015,4.603211,125.00000000000004,99.80427,25.19573211669926,0.20156585693359402
3.2188758248682006,4.067607,24.999999999999996,58.417,-33.41699981689453,1.3366799926757815
3.7376696182833684,3.95649,42.00000000000001,52.273525,-10.273525238037102,0.2446077437627881
4.7535901911063645,4.144227,115.99999999999999,63.06885,52.93114852905272,0.45630300456079936
3.2188758248682006,3.4121523,24.999999999999996,30.330454,-5.330453872680668,0.21321815490722673
4.418840607796598,3.780547,83.00000000000003,43.84001,39.15998840332034,0.47180708919663045
4.07753744390572,3.7809215,59.000000000000014,43.856434,15.143566131591811,0.25667061239986116
3.2188758248682006,3.4997573,24.999999999999996,33.107414,-8.107414245605472,0.32429656982421895
3.4965075614664802,3.657557,33.0,38.76652,-5.766521453857422,0.17474307435931583
3.2188758248682006,3.7379193,24.999999999999996,42.01049,-17.010490417480472,0.680419616699219
4.418840607796598,3.7350981,83.00000000000003,41.892136,41.10786437988284,0.4952754744564196
3.6109179126442243,3.3967698,37.0,29.867466,7.132534027099609,0.19277118992161107
3.2188758248682006,3.4779563,24.999999999999996,32.39345,-7.393451690673832,0.2957380676269533
3.2188758248682006,3.4334962,24.999999999999996,30.984783,-5.984783172607425,0.23939132690429704
4.418840607796598,3.812059,83.00000000000003,45.243496,37.75650405883792,0.4548976392631073
3.2188758248682006,3.5700407,24.999999999999996,35.51804,-10.518039703369144,0.42072158813476584
3.4965075614664802,3.7002656,33.0,40.45805,-7.458049774169922,0.22600150830817944
3.2188758248682006,3.3497338,24.999999999999996,28.495148,-3.4951477050781286,0.13980590820312516
3.4965075614664802,3.9828348,33.0,53.66896,-20.668960571289062,0.626332138523911
3.9512437185814275,3.468334,52.00000000000001,32.083244,19.91675567626954,0.3830145322359526
3.2188758248682006,3.5179121,24.999999999999996,33.713966,-8.71396636962891,0.34855865478515646
3.2188758248682006,3.4784894,24.999999999999996,32.410725,-7.410724639892582,0.2964289855957033
3.912023005428146,3.5783112,49.99999999999999,35.813007,14.186992645263665,0.2837398529052733
3.2188758248682006,3.4662416,24.999999999999996,32.016186,-7.01618576049805,0.2806474304199221
3.912023005428146,3.7915864,49.99999999999999,44.326664,5.673336029052727,0.11346672058105456
3.2188758248682006,3.6998606,24.999999999999996,40.441666,-15.441665649414066,0.6176666259765627
3.2188758248682006,3.8078237,24.999999999999996,45.052284,-20.05228424072266,0.8020913696289065
4.31748811353631,3.3226533,74.99999999999997,27.733839,47.26616096496579,0.6302154795328775
3.912023005428146,3.9770565,49.99999999999999,53.359737,-3.3597373962402415,0.06719474792480484
3.2188758248682006,3.3129187,24.999999999999996,27.46517,-2.4651699066162145,0.09860679626464859
3.2188758248682006,3.6151667,24.999999999999996,37.15754,-12.157539367675785,0.48630157470703145
3.7376696182833684,3.7204535,42.00000000000001,41.28311,0.7168884277343821,0.01706877208891386
3.2188758248682006,4.0695896,24.999999999999996,58.532936,-33.532936096191406,1.3413174438476565
3.912023005428146,3.5357058,49.99999999999999,34.31923,15.68077087402343,0.3136154174804687
3.2188758248682006,3.7284253,24.999999999999996,41.613525,-16.613525390625004,0.6645410156250002
3.5263605246161616,3.532198,34.00000000000001,34.199055,-0.19905471801757102,0.0058545505299285585
4.605170185988092,4.023492,100.00000000000004,55.895947,44.104053497314496,0.44104053497314477
3.2188758248682006,3.948109,24.999999999999996,51.837246,-26.837245941162113,1.0734898376464848
4.3694478524670215,4.3726053,79.0,79.24983,-0.2498321533203125,0.0031624323205102847
4.31748811353631,3.9205043,74.99999999999997,50.42587,24.574131011962862,0.32765508015950495
3.4965075614664802,3.7006788,33.0,40.47477,-7.474769592285156,0.22650816946318655
4.204692619390966,4.2426915,66.99999999999997,69.59492,-2.5949172973633097,0.03873010891587031
4.605170185988092,4.4252386,100.00000000000004,83.53274,16.46726226806645,0.16467262268066443
3.912023005428146,4.1206474,49.99999999999999,61.59911,-11.59910964965821,0.23198219299316425
3.912023005428146,4.029159,49.99999999999999,56.21362,-6.2136192321777415,0.12427238464355485
3.4011973816621555,3.417899,30.000000000000004,30.505253,-0.5052528381347621,0.016841761271158735
3.2188758248682006,3.873837,24.999999999999996,48.126694,-23.12669372558594,0.9250677490234378
3.912023005428146,3.6288493,49.99999999999999,37.669445,12.330554962158196,0.24661109924316396
3.2188758248682006,3.5964863,24.999999999999996,36.469868,-11.469867706298832,0.45879470825195334
3.4965075614664802,3.517342,33.0,33.69475,-0.6947517395019531,0.0210530830152107
4.605170185988092,4.326237,100.00000000000004,75.65906,24.340942382812543,0.24340942382812533
3.2188758248682006,3.4776146,24.999999999999996,32.382385,-7.3823852539062536,0.29529541015625016
3.2188758248682006,3.5090358,24.999999999999996,33.416035,-8.416034698486332,0.3366413879394533
4.605170185988092,4.147533,100.00000000000004,63.2777,36.72230148315434,0.36722301483154324
3.912023005428146,3.533832,49.99999999999999,34.254986,15.745014190673821,0.31490028381347646
4.8283137373023015,4.9120893,125.00000000000004,135.92311,-10.92311096191402,0.08738488769531214
4.189654742026425,3.49397,65.99999999999997,32.916363,33.0836372375488,0.5012672308719517
3.912023005428146,3.4605098,49.99999999999999,31.8332,18.16679954528808,0.36333599090576163
3.4965075614664802,4.029398,33.0,56.22705,-23.22705078125,0.7038500236742424
3.2188758248682006,3.7791667,24.999999999999996,43.779545,-18.77954483032227,0.7511817932128909
4.605170185988092,3.5707026,100.00000000000004,35.541553,64.45844650268559,0.6445844650268556
3.1354942159291497,3.7162108,23.0,41.108334,-18.108333587646484,0.7873188516368037
4.060443010546419,3.6953857,57.999999999999986,40.261097,17.738903045654283,0.3058431559595567
3.4965075614664802,3.7623777,33.0,43.050667,-10.050666809082031,0.3045656608812737
3.2188758248682006,3.644797,24.999999999999996,38.275005,-13.275005340576175,0.5310002136230471
3.4011973816621555,4.138537,30.000000000000004,62.711002,-32.711002349853516,1.090366744995117
3.2188758248682006,3.4687653,24.999999999999996,32.097088,-7.097087860107425,0.28388351440429704
3.4965075614664802,3.9442897,33.0,51.639645,-18.639644622802734,0.5648377158425071
3.2188758248682006,3.5577292,24.999999999999996,35.08344,-10.08343887329102,0.4033375549316408
3.2188758248682006,3.3644762,24.999999999999996,28.918346,-3.9183464050293004,0.15673385620117203
3.2188758248682006,3.2265205,24.999999999999996,25.19185,-0.19185066223144887,0.007674026489257956
3.295836866004329,3.2259457,27.0,25.177374,1.8226261138916016,0.06750467088487414
4.5217885770490405,3.47172,92.00000000000001,32.192066,59.80793380737306,0.6500862370366636
3.58351893845611,3.4466286,36.0,31.39437,4.605630874633789,0.1279341909620497
3.912023005428146,3.948054,49.99999999999999,51.834404,-1.8344039916992259,0.036688079833984526
3.4965075614664802,3.7302716,33.0,41.69043,-8.6904296875,0.2633463541666667
3.2188758248682006,4.259329,24.999999999999996,70.762474,-45.762474060058594,1.830498962402344
3.2188758248682006,3.3975146,24.999999999999996,29.889719,-4.889719009399418,0.19558876037597672
3.6888794541139363,3.5609221,40.0,35.195637,4.804363250732422,0.12010908126831055
4.605170185988092,4.6225734,100.00000000000004,101.755554,-1.7555541992187074,0.017555541992187066
4.605170185988092,4.2390504,100.00000000000004,69.34197,30.658027648925824,0.3065802764892581
3.5263605246161616,3.6411574,34.00000000000001,38.13595,-4.135948181152337,0.12164553473977459
3.2188758248682006,3.8974855,24.999999999999996,49.27838,-24.278381347656254,0.9711352539062503
4.890349128221754,4.3207703,133.0,75.24657,57.75343322753906,0.43423634005668466
4.605170185988092,4.438871,100.00000000000004,84.679276,15.32072448730473,0.15320724487304724
3.9889840465642745,3.8035262,54.00000000000001,44.859085,9.140914916992195,0.1692762021665221
3.912023005428146,3.7240324,49.99999999999999,41.431126,8.568874359130852,0.17137748718261708
4.204692619390966,4.773364,66.99999999999997,118.3166,-51.31659698486331,0.7659193579830348
3.713572066704308,3.6414814,41.00000000000001,38.148308,2.8516921997070384,0.0695534682855375
4.605170185988092,4.1569433,100.00000000000004,63.875977,36.12402343750004,0.36124023437500025
3.912023005428146,4.190722,49.99999999999999,66.07047,-16.070472717285163,0.32140945434570334
3.2188758248682006,3.6768937,24.999999999999996,39.523434,-14.523433685302738,0.5809373474121096
3.713572066704308,4.08414,41.00000000000001,59.39083,-18.390830993652337,0.44855685350371544
3.2188758248682006,3.812298,24.999999999999996,45.25432,-20.25431823730469,0.8101727294921878
3.2188758248682006,3.5203624,24.999999999999996,33.796673,-8.796672821044925,0.35186691284179705
4.605170185988092,4.5495462,100.00000000000004,94.58948,5.410522460937543,0.054105224609375405
3.5263605246161616,3.651742,34.00000000000001,38.541748,-4.541748046874993,0.133580824908088
3.2188758248682006,3.72112,24.999999999999996,41.310642,-16.310642242431644,0.6524256896972659
3.2188758248682006,3.599145,24.999999999999996,36.566956,-11.566955566406254,0.4626782226562502
3.912023005428146,3.4850345,49.99999999999999,32.62355,17.37644958496093,0.34752899169921864
3.912023005428146,3.6362169,49.99999999999999,37.948,12.051998138427727,0.24103996276855458
4.189654742026425,3.772408,65.99999999999997,43.48465,22.515350341796847,0.3411416718454069
4.204692619390966,4.1589437,66.99999999999997,64.003876,2.9961242675780966,0.04471827265041937
3.2188758248682006,3.2593334,24.999999999999996,26.032177,-1.0321769714355504,0.04128707885742202
3.2188758248682006,3.2938082,24.999999999999996,26.945282,-1.9452819824218786,0.07781127929687515
4.605170185988092,3.8899493,100.00000000000004,48.90841,51.0915908813477,0.5109159088134768
3.713572066704308,3.7017002,41.00000000000001,40.516132,0.483867645263679,0.011801649884479973
4.189654742026425,3.5632527,65.99999999999997,35.27776,30.72224044799802,0.4654884916363338
3.912023005428146,3.7732368,49.99999999999999,43.520702,6.479297637939446,0.12958595275878895
3.8066624897703196,3.755976,44.99999999999999,42.775948,2.2240524291992116,0.049423387315538046
3.2188758248682006,3.6881049,24.999999999999996,39.96903,-14.969028472900394,0.5987611389160159
3.2188758248682006,3.5592246,24.999999999999996,35.13594,-10.135940551757816,0.4054376220703127
4.31748811353631,4.3272505,74.99999999999997,75.73576,-0.7357635498047159,0.009810180664062883
3.5263605246161616,3.8685613,34.00000000000001,47.87346,-13.87345886230468,0.4080429077148435
3.912023005428146,3.7902882,49.99999999999999,44.269157,5.730842590332024,0.1146168518066405
3.2188758248682006,3.367717,24.999999999999996,29.012217,-4.012216567993168,0.16048866271972673
3.4965075614664802,3.9308045,33.0,50.94795,-17.947948455810547,0.543877225933653
3.2188758248682006,3.4820473,24.999999999999996,32.526245,-7.5262451171875036,0.3010498046875002
4.7535901911063645,3.6280518,115.99999999999999,37.639416,78.36058425903319,0.6755222780951138
3.2188758248682006,3.7548275,24.999999999999996,42.72685,-17.726848602294925,0.7090739440917971
3.2188758248682006,3.67293,24.999999999999996,39.367085,-14.367084503173832,0.5746833801269533
4.762173934797756,3.770383,117.00000000000003,43.39668,73.60332107543948,0.6290882143199954
4.060443010546419,4.4015846,57.999999999999986,81.58004,-23.580039978027358,0.4065524134142649
3.2188758248682006,3.9161007,24.999999999999996,50.204304,-25.20430374145508,1.0081721496582035
3.912023005428146,4.4183545,49.99999999999999,82.95966,-32.95966339111329,0.6591932678222658
4.060443010546419,3.801137,57.999999999999986,44.752037,13.247962951660142,0.22841315433896803
3.4965075614664802,3.8447516,33.0,46.74707,-13.7470703125,0.41657788825757575
4.31748811353631,4.1114683,74.99999999999997,61.036274,13.963726043701143,0.18618301391601533
4.605170185988092,4.4159403,100.00000000000004,82.75962,17.240379333496136,0.17240379333496128
3.2188758248682006,3.5482018,24.999999999999996,34.75077,-9.75077056884766,0.39003082275390644
3.2188758248682006,3.4916945,24.999999999999996,32.84155,-7.841548919677738,0.31366195678710956
3.912023005428146,3.887815,49.99999999999999,48.804134,1.1958656311035085,0.023917312622070173
3.2188758248682006,3.6954348,24.999999999999996,40.263077,-15.263076782226566,0.6105230712890627
3.2188758248682006,3.245051,24.999999999999996,25.663017,-0.6630172729492223,0.026520690917968895
3.2188758248682006,4.1304836,24.999999999999996,62.208,-37.20800018310547,1.4883200073242189
3.7376696182833684,3.6155925,42.00000000000001,37.173363,4.826637268066413,0.1149199349539622
4.07753744390572,3.622493,59.000000000000014,37.430767,21.569232940673842,0.36558021933345486
3.2188758248682006,4.2742224,24.999999999999996,71.824265,-46.82426452636719,1.8729705810546877
3.2188758248682006,3.849217,24.999999999999996,46.95628,-21.956279754638675,0.8782511901855471
3.713572066704308,3.5239367,41.00000000000001,33.91769,7.082309722900398,0.172739261534156
3.4965075614664802,3.8101301,33.0,45.156315,-12.156314849853516,0.36837317726828833
4.31748811353631,3.4577575,74.99999999999997,31.745707,43.25429344177243,0.576723912556966
4.605170185988092,4.1637506,100.00000000000004,64.31229,35.68771362304692,0.356877136230469
4.605170185988092,3.7128415,100.00000000000004,40.97006,59.02994155883793,0.5902994155883791
3.912023005428146,3.9159584,49.99999999999999,50.19716,-0.1971588134765696,0.0039431762695313925
3.7376696182833684,4.1750526,42.00000000000001,65.04327,-23.04326629638671,0.5486491975330169
4.762173934797756,3.8881469,117.00000000000003,48.82033,68.1796684265137,0.5827322087736212
3.4965075614664802,3.8174944,33.0,45.490086,-12.49008560180664,0.37848744247898913
3.912023005428146,3.720394,49.99999999999999,41.28065,8.719348907470696,0.17438697814941395
3.2188758248682006,3.4748943,24.999999999999996,32.294415,-7.294414520263675,0.2917765808105471
3.912023005428146,4.030661,49.99999999999999,56.29812,-6.298118591308601,0.12596237182617204
3.2188758248682006,3.6600518,24.999999999999996,38.863358,-13.863357543945316,0.5545343017578127
3.2188758248682006,3.496163,24.999999999999996,32.98863,-7.988628387451175,0.3195451354980471
3.2188758248682006,3.6717865,24.999999999999996,39.322094,-14.32209396362305,0.5728837585449221
3.912023005428146,3.621292,49.99999999999999,37.385845,12.614154815673821,0.25228309631347645
4.204692619390966,3.7378864,66.99999999999997,42.009106,24.990894317626925,0.3729984226511483
3.2188758248682006,3.6919672,24.999999999999996,40.123703,-15.123703002929691,0.6049481201171877
3.713572066704308,3.7620616,41.00000000000001,43.03706,-2.0370597839355398,0.04968438497403755
3.4965075614664802,3.5791867,33.0,35.844376,-2.8443756103515625,0.08619320031368372
3.2188758248682006,3.7204037,24.999999999999996,41.281055,-16.281055450439457,0.6512422180175783
3.912023005428146,4.1014943,49.99999999999999,60.430523,-10.430522918701179,0.20861045837402362
3.2188758248682006,3.501939,24.999999999999996,33.179726,-8.17972564697266,0.3271890258789064
4.418840607796598,3.699174,83.00000000000003,40.413906,42.58609390258792,0.5130854687058783
3.912023005428146,3.8391993,49.99999999999999,46.488235,3.5117645263671804,0.07023529052734362
3.4965075614664802,3.2172084,33.0,24.95835,8.041650772094727,0.24368638703317352
3.5263605246161616,3.326853,34.00000000000001,27.85056,6.1494407653808665,0.18086590486414308
3.912023005428146,3.7772062,49.99999999999999,43.693798,6.306201934814446,0.12612403869628894
3.4965075614664802,3.5165973,33.0,33.669666,-0.6696662902832031,0.020292917887369793
4.189654742026425,3.9292514,65.99999999999997,50.868885,15.131114959716768,0.22925931757146628
4.955827057601261,3.7924387,142.00000000000003,44.364464,97.63553619384768,0.687574198548223
4.31748811353631,3.7590137,74.99999999999997,42.906086,32.09391403198239,0.4279188537597654
3.2188758248682006,3.549052,24.999999999999996,34.78033,-9.780330657958988,0.3912132263183596
3.2188758248682006,3.5977445,24.999999999999996,36.515778,-11.515777587890629,0.4606311035156252
3.2188758248682006,3.8874674,24.999999999999996,48.78717,-23.787170410156254,0.9514868164062503
4.418840607796598,4.367659,83.00000000000003,78.85882,4.14118194580081,0.04989375838314227
4.060443010546419,3.6662974,57.999999999999986,39.106842,18.89315795898436,0.32574410274110976
3.2188758248682006,3.454205,24.999999999999996,31.633131,-6.633131027221683,0.26532524108886735
3.4965075614664802,3.795679,33.0,44.508453,-11.508453369140625,0.34874101118607953
3.4965075614664802,3.5530837,33.0,34.920837,-1.92083740234375,0.058207194010416664
3.2188758248682006,4.0354905,24.999999999999996,56.570663,-31.57066345214844,1.2628265380859378
3.2188758248682006,3.7735815,24.999999999999996,43.53571,-18.53570938110352,0.7414283752441408
3.713572066704308,3.7012796,41.00000000000001,40.499096,0.5009040832519602,0.01221717276224293
3.4965075614664802,3.2732716,33.0,26.39756,6.602439880371094,0.20007393576882102
3.2188758248682006,3.4589252,24.999999999999996,31.782799,-6.782798767089847,0.2713119506835939
3.5263605246161616,3.397079,34.00000000000001,29.876703,4.1232967376709055,0.12127343346090896
3.912023005428146,3.792871,49.99999999999999,44.383644,5.616355895996087,0.11232711791992175
3.713572066704308,3.706362,41.00000000000001,40.705452,0.29454803466797586,0.007184098406535995
3.2188758248682006,3.67352,24.999999999999996,39.39032,-14.390319824218754,0.5756127929687502
3.912023005428146,3.5493069,49.99999999999999,34.789196,15.210803985595696,0.30421607971191394
3.2188758248682006,3.8305626,24.999999999999996,46.08846,-21.08845901489258,0.8435383605957034
4.605170185988092,3.3107905,100.00000000000004,27.406782,72.59321784973149,0.7259321784973146
4.060443010546419,4.2398834,57.999999999999986,69.39976,-11.39975738525392,0.19654754112506764
4.605170185988092,3.7796116,100.00000000000004,43.799026,56.20097351074223,0.562009735107422
3.2188758248682006,3.4249363,24.999999999999996,30.720688,-5.720687866210941,0.22882751464843767
3.4965075614664802,3.8774662,33.0,48.301674,-15.301673889160156,0.46368708755030774
3.912023005428146,3.8553185,49.99999999999999,47.243664,2.756336212158196,0.05512672424316393
3.713572066704308,3.5004551,41.00000000000001,33.130527,7.8694725036621165,0.19193835374785648
3.2188758248682006,3.4965873,24.999999999999996,33.002632,-8.002632141113285,0.32010528564453145
3.4965075614664802,3.6127772,33.0,37.06886,-4.068859100341797,0.12329876061641809
3.2188758248682006,3.4058979,24.999999999999996,30.141346,-5.141345977783207,0.20565383911132828
3.912023005428146,3.9651198,49.99999999999999,52.72659,-2.7265892028808665,0.054531784057617334
3.2188758248682006,3.5274746,24.999999999999996,34.037903,-9.037902832031254,0.3615161132812502
3.2188758248682006,3.5237868,24.999999999999996,33.912605,-8.912605285644535,0.3565042114257814
3.4965075614664802,3.8164814,33.0,45.444027,-12.444026947021484,0.3770917256673177
3.7376696182833684,3.9361482,42.00000000000001,51.22093,-9.220928192138665,0.21954590933663484
4.189654742026425,4.18294,65.99999999999997,65.55831,0.44168853759762783,0.0066922505696610304
3.912023005428146,3.5754783,49.99999999999999,35.711697,14.288303375244134,0.2857660675048827
3.912023005428146,3.934309,49.99999999999999,51.12681,-1.1268081665039134,0.02253616333007827
4.060443010546419,3.9197052,57.999999999999986,50.385586,7.614414215087876,0.1312830037084117
3.2188758248682006,3.6289139,24.999999999999996,37.67188,-12.67187881469727,0.5068751525878908
3.2188758248682006,4.1243997,24.999999999999996,61.830677,-36.8306770324707,1.4732270812988284
3.2188758248682006,3.3414621,24.999999999999996,28.260418,-3.2604179382324254,0.13041671752929704
4.31748811353631,3.7559898,74.99999999999997,42.77654,32.22346115112302,0.4296461486816404
4.605170185988092,4.0077353,100.00000000000004,55.022118,44.97788238525395,0.4497788238525393
3.2188758248682006,3.6164482,24.999999999999996,37.205185,-12.205184936523441,0.4882073974609377
3.2188758248682006,3.6582325,24.999999999999996,38.792713,-13.792713165283207,0.5517085266113283
3.6888794541139363,3.9864395,40.0,53.862766,-13.86276626586914,0.3465691566467285
3.2188758248682006,3.5347033,24.999999999999996,34.28484,-9.284839630126957,0.3713935852050783
3.912023005428146,4.166646,49.99999999999999,64.498764,-14.498764038085945,0.2899752807617189
3.912023005428146,3.7169795,49.99999999999999,41.139942,8.86005783081054,0.17720115661621083
4.605170185988092,3.6760385,100.00000000000004,39.489647,60.51035308837895,0.6051035308837892
3.2188758248682006,3.3290198,24.999999999999996,27.910969,-2.9109687805175817,0.11643875122070328
4.204692619390966,3.797566,66.99999999999997,44.59251,22.4074897766113,0.3344401459195718
4.31748811353631,4.657057,74.99999999999997,105.32563,-30.32563018798831,0.4043417358398443
3.871201010907891,3.206836,48.00000000000001,24.70081,23.29919052124024,0.4853998025258383
3.6635616461296463,3.786206,38.99999999999999,44.08881,-5.088809967041023,0.13048230684720574
4.31748811353631,4.2104177,74.99999999999997,67.38468,7.615318298339815,0.10153757731119757
3.2188758248682006,3.6011527,24.999999999999996,36.640446,-11.64044570922852,0.46561782836914084
4.189654742026425,3.7833824,65.99999999999997,43.964497,22.035503387451143,0.3338712634462296
3.4965075614664802,4.0490913,33.0,57.345325,-24.345325469970703,0.7377371354536577
3.2188758248682006,3.5729053,24.999999999999996,35.61993,-10.619930267333988,0.4247972106933596
3.2188758248682006,3.3726723,24.999999999999996,29.156338,-4.156337738037113,0.16625350952148454
3.912023005428146,3.879812,49.99999999999999,48.41511,1.584888458251946,0.03169776916503893
4.68213122712422,4.5135727,108.00000000000003,91.24724,16.75276184082034,0.1551181651927809
3.2188758248682006,3.2708032,24.999999999999996,26.332481,-1.3324813842773473,0.0532992553710939
3.912023005428146,4.2277813,49.99999999999999,68.56494,-18.564941406250007,0.3712988281250002
3.2188758248682006,3.6011527,24.999999999999996,36.640446,-11.64044570922852,0.46561782836914084
3.912023005428146,4.19115,49.99999999999999,66.09877,-16.09877014160157,0.32197540283203147
4.060443010546419,3.6615534,57.999999999999986,38.921757,19.07824325561522,0.3289352285450901
3.2188758248682006,3.2388175,24.999999999999996,25.503544,-0.5035438537597692,0.02014175415039077
3.912023005428146,3.7595453,49.99999999999999,42.9289,7.071098327636712,0.14142196655273426
3.4965075614664802,3.5189466,33.0,33.74886,-0.7488594055175781,0.02269270925810843
3.6375861597263857,3.4877467,37.99999999999999,32.712154,5.2878456115722585,0.13915383188348052
3.2188758248682006,3.3240466,24.999999999999996,27.772509,-2.772508621215824,0.11090034484863297
3.2188758248682006,3.6881049,24.999999999999996,39.96903,-14.969028472900394,0.5987611389160159
3.2188758248682006,3.6268075,24.999999999999996,37.59261,-12.592609405517582,0.5037043762207033
3.2188758248682006,3.4198167,24.999999999999996,30.563812,-5.5638122558593786,0.22255249023437518
3.912023005428146,3.963061,49.99999999999999,52.61815,-2.6181488037109446,0.0523629760742189
3.7376696182833684,3.4221575,42.00000000000001,30.63544,11.364559173583991,0.27058474222819023
3.9318256327243257,3.8416383,51.0,46.60176,4.3982391357421875,0.08623998305376838
3.2188758248682006,3.600697,24.999999999999996,36.623753,-11.623752593994144,0.4649501037597658
4.204692619390966,4.1915193,66.99999999999997,66.12318,0.8768234252929403,0.013086916795417026
3.5263605246161616,3.5558488,34.00000000000001,35.017532,-1.0175323486328054,0.029927422018611916
3.2188758248682006,3.9043195,24.999999999999996,49.616306,-24.616306304931644,0.9846522521972659
4.2626798770413155,4.1289487,71.0,62.11259,8.887409210205078,0.12517477760852222
3.4965075614664802,3.617965,33.0,37.26166,-4.261661529541016,0.12914125847093988
4.762173934797756,3.7963228,117.00000000000003,44.537113,72.46288681030276,0.6193409129085705
3.5263605246161616,3.5008023,34.00000000000001,33.14203,0.8579711914062571,0.02523444680606638
4.31748811353631,3.5169206,74.99999999999997,33.680553,41.319446563720675,0.5509259541829425
4.804021044733257,4.1852655,122.00000000000003,65.710945,56.2890548706055,0.4613856956607007
3.2188758248682006,3.499924,24.999999999999996,33.112934,-8.112934112548832,0.3245173645019533
3.5263605246161616,3.2953846,34.00000000000001,26.987793,7.012207031250007,0.206241383272059
4.189654742026425,4.345121,65.99999999999997,77.10136,-11.101356506347685,0.16820237130829832
4.430816798843313,4.470958,83.99999999999999,87.44047,-3.4404678344726705,0.04095795041038894
3.7376696182833684,3.824321,42.00000000000001,45.801693,-3.8016929626464773,0.0905164991106304
3.8918202981106265,3.9635434,48.99999999999999,52.643536,-3.643535614013679,0.07435786967374856
3.4965075614664802,4.218553,33.0,67.93511,-34.93511199951172,1.0586397575609612
3.2188758248682006,3.7645874,24.999999999999996,43.1459,-18.145900726318363,0.7258360290527346
3.2188758248682006,3.7952442,24.999999999999996,44.4891,-19.489101409912113,0.7795640563964846
4.07753744390572,3.7011514,59.000000000000014,40.4939,18.50609970092775,0.3136627067953855
3.4965075614664802,3.3226063,33.0,27.732536,5.267463684082031,0.15962011163884943
3.912023005428146,3.3692667,49.99999999999999,29.057213,20.94278717041015,0.41885574340820303
3.1354942159291497,3.2387514,23.0,25.50186,-2.501859664916992,0.108776507170304
3.4965075614664802,4.0649195,33.0,58.260216,-25.260215759277344,0.765461083614465
4.418840607796598,4.4805913,83.00000000000003,88.28686,-5.28685760498044,0.06369707957807758
3.2188758248682006,3.344966,24.999999999999996,28.35961,-3.3596096038818395,0.1343843841552736
3.912023005428146,3.4019876,49.99999999999999,30.023714,19.976285934448235,0.39952571868896475
3.2188758248682006,3.8389044,24.999999999999996,46.47453,-21.474529266357425,0.8589811706542971
4.51085950651685,4.3147354,90.99999999999997,74.79383,16.20616912841794,0.17808977064195544
4.990432586778736,3.764273,146.99999999999997,43.132336,103.86766433715817,0.7065827505929129
3.2188758248682006,3.545718,24.999999999999996,34.664562,-9.6645622253418,0.3865824890136721
4.955827057601261,3.4981303,142.00000000000003,33.053593,108.94640731811526,0.7672282205501073
3.912023005428146,3.4145436,49.99999999999999,30.40307,19.59692955017089,0.3919385910034179
3.2188758248682006,3.8739076,24.999999999999996,48.13009,-23.130088806152347,0.9252035522460941
3.912023005428146,3.7032125,49.99999999999999,40.57745,9.422550201416009,0.18845100402832018
3.912023005428146,3.759144,49.99999999999999,42.911682,7.088317871093743,0.14176635742187488
4.060443010546419,3.9567254,57.999999999999986,52.285828,5.714172363281236,0.09852021316002132
4.605170185988092,4.469693,100.00000000000004,87.329926,12.670074462890668,0.12670074462890663
3.2188758248682006,3.601617,24.999999999999996,36.657467,-11.657466888427738,0.4662986755371096
3.5263605246161616,3.551254,34.00000000000001,34.857002,-0.8570022583007741,0.025205948773552176
4.204692619390966,3.7070534,66.99999999999997,40.733604,26.266395568847628,0.39203575475892
3.912023005428146,3.895409,49.99999999999999,49.176167,0.8238334655761648,0.016476669311523296
3.713572066704308,3.5828278,41.00000000000001,35.97513,5.024871826171882,0.12255784941882637
3.2188758248682006,3.4373531,24.999999999999996,31.104519,-6.104518890380863,0.24418075561523456
3.1354942159291497,3.7195776,23.0,41.246967,-18.246967315673828,0.7933464050292969
3.4965075614664802,3.6809907,33.0,39.68569,-6.685691833496094,0.20259672222715436
3.2188758248682006,3.5230787,24.999999999999996,33.8886,-8.888599395751957,0.3555439758300783
4.430816798843313,3.8294754,83.99999999999999,46.03838,37.96162033081053,0.45192405155726834
3.713572066704308,3.6438103,41.00000000000001,38.237255,2.7627449035644602,0.06738402203815755
3.2188758248682006,3.5015378,24.999999999999996,33.166416,-8.166416168212894,0.3266566467285158
3.2188758248682006,3.455475,24.999999999999996,31.673332,-6.673332214355472,0.26693328857421894
3.2188758248682006,3.3845863,24.999999999999996,29.505785,-4.505784988403324,0.18023139953613299
3.4965075614664802,3.3948722,33.0,29.810843,3.189157485961914,0.09664113593823982
4.204692619390966,3.8116183,66.99999999999997,45.223568,21.776432037353487,0.32502137369184325
3.2188758248682006,3.7723126,24.999999999999996,43.480503,-18.480503082275394,0.7392201232910158
3.912023005428146,3.6778214,49.99999999999999,39.560116,10.439884185791009,0.2087976837158202
3.912023005428146,3.9125676,49.99999999999999,50.027237,-0.027236938476569605,0.0005447387695313922
3.4965075614664802,3.916134,33.0,50.20598,-17.205978393554688,0.5213932846531724
3.2188758248682006,3.5009413,24.999999999999996,33.146637,-8.146636962890629,0.3258654785156252
3.871201010907891,4.2229652,48.00000000000001,68.23552,-20.23551940917968,0.4215733210245766
3.4965075614664802,3.515416,33.0,33.629913,-0.629913330078125,0.019088282729640152
3.4965075614664802,3.6098754,33.0,36.96145,-3.9614486694335938,0.12004389907374527
3.4965075614664802,3.4971664,33.0,33.021748,-0.021747589111328125,0.000659017851858428
4.204692619390966,4.013426,66.99999999999997,55.336117,11.663883209228487,0.17408780909296256
3.258096538021482,3.5074174,26.000000000000004,33.361996,-7.361995697021481,0.2831536806546723
3.912023005428146,4.2433057,49.99999999999999,69.63767,-19.637672424316413,0.3927534484863283
3.2188758248682006,3.7306323,24.999999999999996,41.70547,-16.705471038818363,0.6682188415527346
4.5217885770490405,3.541786,92.00000000000001,34.52853,57.471469879150405,0.6246898899907651
4.204692619390966,3.6354375,66.99999999999997,37.918438,29.0815620422363,0.4340531648094972
4.418840607796598,4.2335215,83.00000000000003,68.95964,14.040359497070341,0.16916095779602813
3.912023005428146,3.9169333,49.99999999999999,50.246117,-0.24611663818360086,0.004922332763672018
3.4965075614664802,3.4899695,33.0,32.784946,0.21505355834960938,0.006516774495442708
4.204692619390966,3.8688705,66.99999999999997,47.888264,19.111736297607393,0.2852497954866776
3.2188758248682006,3.525409,24.999999999999996,33.967663,-8.9676628112793,0.3587065124511721
3.2188758248682006,3.6230168,24.999999999999996,37.45038,-12.450378417968754,0.4980151367187502
3.912023005428146,3.7675543,49.99999999999999,43.274097,6.72590255737304,0.13451805114746082
4.31748811353631,3.965296,74.99999999999997,52.735878,22.264122009277315,0.29685496012369766
4.189654742026425,3.4094772,65.99999999999997,30.249426,35.75057411193845,0.541675365332401
3.5263605246161616,3.8354414,34.00000000000001,46.313866,-12.313865661621087,0.3621725194594437
3.2188758248682006,3.3861673,24.999999999999996,29.55247,-4.552469253540043,0.18209877014160172
3.912023005428146,3.7475908,49.99999999999999,42.418762,7.581237792968743,0.15162475585937488
4.605170185988092,4.845702,100.00000000000004,127.19256,-27.192558288574176,0.27192558288574165
3.5553480614894135,3.6366293,34.99999999999999,37.963657,-2.9636573791503977,0.08467592511858281
4.189654742026425,4.3103914,65.99999999999997,74.469635,-8.469635009765653,0.12832780317826753
3.2188758248682006,3.989091,24.999999999999996,54.00577,-29.005771636962894,1.1602308654785158
3.912023005428146,3.9219916,49.99999999999999,50.500923,-0.5009231567382884,0.010018463134765768
3.2188758248682006,3.8307374,24.999999999999996,46.096516,-21.09651565551758,0.8438606262207033
3.912023005428146,4.1394467,49.99999999999999,62.768085,-12.768085479736335,0.25536170959472676
3.912023005428146,3.8932476,49.99999999999999,49.06999,0.930011749267571,0.018600234985351422
3.2188758248682006,3.1600666,24.999999999999996,23.572166,1.4278335571289027,0.05711334228515612
3.4965075614664802,3.3860738,33.0,29.549707,3.4502925872802734,0.10455432082667496
3.2188758248682006,3.3381064,24.999999999999996,28.165741,-3.1657409667968786,0.12662963867187516
4.7535901911063645,3.8996754,115.99999999999999,49.386414,66.61358642578124,0.5742550553946659
3.4965075614664802,3.6084223,33.0,36.907776,-3.90777587890625,0.11841745087594698
3.2188758248682006,3.6899862,24.999999999999996,40.044296,-15.044296264648441,0.6017718505859377
4.605170185988092,3.8253908,100.00000000000004,45.850716,54.14928436279301,0.5414928436279299
3.6109179126442243,3.559497,37.0,35.14552,1.8544807434082031,0.05012110117319468
3.2188758248682006,3.9006379,24.999999999999996,49.43397,-24.4339714050293,0.9773588562011721
3.713572066704308,4.1967373,41.00000000000001,66.46911,-25.46910858154296,0.6211977702815356
3.4965075614664802,3.7929137,33.0,44.385536,-11.385536193847656,0.3450162482984138
4.31748811353631,3.76121,74.99999999999997,43.000423,31.999576568603487,0.4266610209147133
4.31748811353631,3.865908,74.99999999999997,47.7466,27.253398895263643,0.3633786519368487
4.31748811353631,3.937197,74.99999999999997,51.274673,23.72532653808591,0.3163376871744789
3.2188758248682006,3.6465197,24.999999999999996,38.340996,-13.340995788574222,0.533639831542969
3.912023005428146,3.4305925,49.99999999999999,30.894943,19.105056762695305,0.38210113525390615
4.5217885770490405,4.205571,92.00000000000001,67.05889,24.941108703613295,0.27109900764797057
4.68213122712422,4.408724,108.00000000000003,82.16454,25.83545684814456,0.2392171930383755
4.68213122712422,4.101937,108.00000000000003,60.457268,47.54273223876956,0.44021048369231064
3.912023005428146,3.8481102,49.99999999999999,46.90434,3.095661163330071,0.06191322326660143
3.2188758248682006,3.3798015,24.999999999999996,29.364943,-4.364942550659183,0.17459770202636735
4.605170185988092,3.5617878,100.00000000000004,35.22612,64.77388000488286,0.6477388000488282
4.31748811353631,3.5805907,74.99999999999997,35.894737,39.10526275634763,0.5214035034179686
4.204692619390966,4.607364,66.99999999999997,100.21964,-33.219642639160185,0.49581556177851044
3.2188758248682006,3.6913917,24.999999999999996,40.100616,-15.100616455078129,0.6040246582031252
3.2188758248682006,4.235302,24.999999999999996,69.082535,-44.08253479003906,1.7633013916015627
3.5263605246161616,3.5365849,34.00000000000001,34.34941,-0.3494110107421804,0.010276794433593538
3.2188758248682006,3.7631514,24.999999999999996,43.08399,-18.08398818969727,0.7233595275878909
3.912023005428146,3.7470894,49.99999999999999,42.3975,7.602500915527337,0.15205001831054676
4.418840607796598,4.019745,83.00000000000003,55.686897,27.313102722167997,0.3290735267731083
3.2188758248682006,3.471727,24.999999999999996,32.192287,-7.192287445068363,0.28769149780273456
3.7376696182833684,3.4981315,42.00000000000001,33.053635,8.94636535644532,0.21300869896298377
3.2188758248682006,3.8340893,24.999999999999996,46.251286,-21.25128555297852,0.8500514221191409
3.5263605246161616,3.612917,34.00000000000001,37.07404,-3.0740394592285085,0.0904129252714267
3.2188758248682006,3.610716,24.999999999999996,36.992535,-11.992534637451175,0.4797013854980471
3.2188758248682006,3.882399,24.999999999999996,48.540527,-23.540527343750004,0.9416210937500002
3.2188758248682006,3.6837618,24.999999999999996,39.79582,-14.795818328857425,0.5918327331542971
3.912023005428146,4.186562,49.99999999999999,65.796196,-15.796195983886726,0.3159239196777346
3.2188758248682006,3.7195082,24.999999999999996,41.244102,-16.244102478027347,0.649764099121094
3.2188758248682006,4.160949,24.999999999999996,64.13237,-39.13236999511719,1.5652947998046878
3.2188758248682006,3.509667,24.999999999999996,33.43713,-8.437129974365238,0.33748519897460955
3.4965075614664802,3.340334,33.0,28.228552,4.771448135375977,0.14458933743563565
3.5263605246161616,3.5577328,34.00000000000001,35.083565,-1.0835647583007741,0.03186955171472865
3.912023005428146,3.6062827,49.99999999999999,36.828896,13.171104431152337,0.2634220886230468
3.2188758248682006,3.4315383,24.999999999999996,30.92418,-5.924179077148441,0.23696716308593768
3.2188758248682006,3.382276,24.999999999999996,29.437696,-4.437696456909183,0.17750785827636736
3.912023005428146,3.7077582,49.99999999999999,40.76232,9.237678527832024,0.18475357055664052
3.4965075614664802,3.5906773,33.0,36.258625,-3.258625030517578,0.09874621304598721
3.7376696182833684,3.81879,42.00000000000001,45.549057,-3.5490570068359304,0.08450135730561738
4.07753744390572,4.162164,59.000000000000014,64.210335,-5.210334777832017,0.08831075894630536
4.060443010546419,3.6173475,57.999999999999986,37.23866,20.76134109497069,0.35795415680983955
3.7376696182833684,4.046393,42.00000000000001,57.190792,-15.190792083740227,0.3616855258033387
4.51085950651685,3.8339405,90.99999999999997,46.244408,44.75559234619138,0.49181969611199333
4.31748811353631,3.987577,74.99999999999997,53.924072,21.07592773437497,0.2810123697916664
3.912023005428146,3.6919498,49.99999999999999,40.123005,9.876995086669915,0.19753990173339833
3.912023005428146,3.8658547,49.99999999999999,47.744064,2.2559356689453054,0.04511871337890611
3.2188758248682006,3.82489,24.999999999999996,45.827755,-20.827754974365238,0.8331101989746096
3.5263605246161616,3.861064,34.00000000000001,47.51588,-13.51588058471679,0.3975258995504937
3.4965075614664802,3.9645176,33.0,52.694843,-19.694843292236328,0.5968134330980706
3.713572066704308,3.7639337,41.00000000000001,43.117702,-2.1177024841308523,0.051651280100752484
3.2188758248682006,3.5468287,24.999999999999996,34.70309,-9.703090667724613,0.3881236267089846
4.605170185988092,4.0672655,100.00000000000004,58.397057,41.6029434204102,0.4160294342041018
4.762173934797756,3.4698977,117.00000000000003,32.133457,84.86654281616214,0.7253550668048044
4.418840607796598,4.6377034,83.00000000000003,103.30682,-20.30682373046872,0.24466052687311704
3.4965075614664802,3.9905505,33.0,54.084656,-21.08465576171875,0.6389289624763258
3.2188758248682006,3.6629286,24.999999999999996,38.97532,-13.97531890869141,0.5590127563476565
3.2188758248682006,3.617309,24.999999999999996,37.237232,-12.237232208251957,0.4894892883300783
3.4965075614664802,3.7602253,33.0,42.958103,-9.95810317993164,0.3017607024221709
3.912023005428146,3.4159079,49.99999999999999,30.444576,19.55542373657226,0.3911084747314452
3.912023005428146,3.5963333,49.99999999999999,36.464283,13.53571701049804,0.2707143402099608
3.713572066704308,3.9916396,41.00000000000001,54.143593,-13.14359283447265,0.32057543498713775
3.4965075614664802,3.79417,33.0,44.44133,-11.441329956054688,0.3467069683652936
3.2188758248682006,3.395388,24.999999999999996,29.82622,-4.826219558715824,0.19304878234863299
3.2188758248682006,3.6738043,24.999999999999996,39.401516,-14.401515960693363,0.5760606384277346
3.7376696182833684,3.5975144,42.00000000000001,36.507378,5.492622375488288,0.1307767232259116
3.2188758248682006,3.4498453,24.999999999999996,31.49552,-6.495519638061527,0.25982078552246113
3.4339872044851463,3.655611,31.0,38.691154,-7.691154479980469,0.2481017574187248
3.332204510175204,3.7660217,27.999999999999996,43.20783,-15.20782852172852,0.5431367329188758
3.713572066704308,3.6738055,41.00000000000001,39.40156,1.5984382629394602,0.03898629909608439
3.2188758248682006,3.4479408,24.999999999999996,31.435595,-6.435594558715824,0.257423782348633
4.418840607796598,4.5648165,83.00000000000003,96.04497,-13.044967651367159,0.15716828495623078
3.912023005428146,3.835924,49.99999999999999,46.33622,3.6637802124023366,0.07327560424804674
4.189654742026425,3.7552779,65.99999999999997,42.746098,23.253902435302706,0.3523318550803442
4.7535901911063645,3.5363097,115.99999999999999,34.339962,81.66003799438475,0.703965844779179
3.912023005428146,3.4275148,49.99999999999999,30.800003,19.19999694824218,0.3839999389648437
3.2188758248682006,3.6829414,24.999999999999996,39.763184,-14.763183593750004,0.5905273437500003
4.189654742026425,3.4594548,65.99999999999997,31.799633,34.200366973876925,0.5181873783920748
3.4965075614664802,3.9260976,33.0,50.708706,-17.70870590209961,0.536627451578776
4.574710978503383,4.2813215,97.0,72.33597,24.664031982421875,0.25426837095280286
4.605170185988092,3.581278,100.00000000000004,35.91942,64.0805816650391,0.6408058166503908
4.51085950651685,4.1941714,90.99999999999997,66.298775,24.70122528076169,0.27144203605232636
3.912023005428146,3.560703,49.99999999999999,35.187927,14.812072753906243,0.2962414550781249
3.1354942159291497,3.6330352,23.0,37.827457,-14.827457427978516,0.6446720620860225
4.060443010546419,3.643005,57.999999999999986,38.20647,19.793529510498033,0.34126775018100064
4.68213122712422,3.678542,108.00000000000003,39.588627,68.41137313842776,0.6334386401706272
3.912023005428146,3.8291383,49.99999999999999,46.02286,3.9771385192871023,0.07954277038574206
3.4965075614664802,3.3791194,33.0,29.34492,3.655080795288086,0.11076002409963896
3.2188758248682006,3.5208807,24.999999999999996,33.814194,-8.814193725585941,0.3525677490234377
3.2188758248682006,3.5246124,24.999999999999996,33.940617,-8.94061660766602,0.3576246643066408
3.4965075614664802,3.62213,33.0,37.41718,-4.417179107666016,0.13385391235351562
3.2188758248682006,3.7818396,24.999999999999996,43.89672,-18.896720886230472,0.755868835449219
3.4965075614664802,3.8424344,33.0,46.638874,-13.638874053955078,0.4132992137562145
4.7535901911063645,3.868806,115.99999999999999,47.88517,68.11483001708983,0.5871968104921538
3.5263605246161616,3.6493404,34.00000000000001,38.449295,-4.449295043945305,0.13086161893956777
3.2188758248682006,3.9629552,24.999999999999996,52.61258,-27.61257934570313,1.1045031738281252
3.912023005428146,3.6740162,49.99999999999999,39.409866,10.59013366699218,0.21180267333984365
3.912023005428146,3.5989456,49.99999999999999,36.559666,13.440334320068352,0.26880668640136707
4.060443010546419,3.7516584,57.999999999999986,42.59166,15.408340454101548,0.26566104231209575
3.912023005428146,3.7879767,49.99999999999999,44.16695,5.833049774169915,0.11666099548339831
3.2188758248682006,4.1383014,24.999999999999996,62.69623,-37.696231842041016,1.507849273681641
3.2188758248682006,3.3827286,24.999999999999996,29.451021,-4.451021194458011,0.1780408477783205
4.31748811353631,3.4249644,74.99999999999997,30.721552,44.27844810485837,0.5903793080647785
3.713572066704308,3.572857,41.00000000000001,35.618206,5.381793975830085,0.1312632677031728
4.31748811353631,3.8049042,74.99999999999997,44.920948,30.07905197143552,0.40105402628580705
4.31748811353631,3.3368392,74.99999999999997,28.130072,46.86992835998532,0.6249323781331378
3.912023005428146,3.799748,49.99999999999999,44.68992,5.310081481933587,0.10620162963867175
3.2188758248682006,3.3188214,24.999999999999996,27.62777,-2.6277694702148473,0.1051107788085939
3.912023005428146,4.1143055,49.99999999999999,61.20969,-11.209690093994148,0.224193801879883
4.912654885736052,3.4688194,136.00000000000006,32.098824,103.90117645263678,0.7639792386223289
4.07753744390572,3.8992472,59.000000000000014,49.365273,9.634727478027358,0.16330046572927723
3.7376696182833684,3.67951,42.00000000000001,39.626976,2.3730239868164134,0.0565005711146765
4.204692619390966,3.5360088,66.99999999999997,34.32963,32.67036819458005,0.48761743574000094
3.828641396489095,3.5472217,46.0,34.71673,11.283271789550781,0.24528851716414743
3.912023005428146,3.623597,49.99999999999999,37.47211,12.527889251708977,0.2505577850341796
4.8283137373023015,4.5540953,125.00000000000004,95.020744,29.979255676269574,0.23983404541015652
3.2188758248682006,3.9054937,24.999999999999996,49.6746,-24.67459869384766,0.9869839477539065
3.4965075614664802,3.9327602,33.0,51.047688,-18.047687530517578,0.5468996221368964
4.060443010546419,3.7551448,57.999999999999986,42.74041,15.259590148925767,0.2630963818780305
3.2188758248682006,4.112264,24.999999999999996,61.084866,-36.08486557006836,1.4433946228027346
3.1780538303479458,3.6579726,24.000000000000004,38.782635,-14.782634735107418,0.615943113962809
4.189654742026425,4.1750526,65.99999999999997,65.04327,0.9567337036132528,0.014495965206261412
3.5263605246161616,3.5739734,34.00000000000001,35.657997,-1.6579971313476491,0.04876462151022497
4.31748811353631,3.618604,74.99999999999997,37.28548,37.71451950073239,0.5028602600097655
3.2188758248682006,3.4494596,24.999999999999996,31.483372,-6.483371734619144,0.2593348693847658
4.31748811353631,3.7919366,74.99999999999997,44.342194,30.657806396484347,0.4087707519531248
3.4965075614664802,3.7621253,33.0,43.0398,-10.039798736572266,0.30423632535067474
3.4965075614664802,3.593218,33.0,36.35087,-3.3508682250976562,0.10154146136659564
4.605170185988092,4.4017134,100.00000000000004,81.590546,18.409454345703168,0.1840945434570316
3.2188758248682006,3.6435528,24.999999999999996,38.22741,-13.227409362792972,0.529096374511719
4.31748811353631,3.5778115,74.99999999999997,35.795116,39.204883575439425,0.5227317810058592
3.2188758248682006,3.3941762,24.999999999999996,29.790104,-4.790103912353519,0.19160415649414078
3.4965075614664802,4.367386,33.0,78.83727,-45.83727264404297,1.389008261940696
3.912023005428146,3.875335,49.99999999999999,48.19884,1.8011589050292898,0.0360231781005858
4.31748811353631,3.289983,74.99999999999997,26.84241,48.15759086608884,0.6421012115478514
4.51085950651685,4.428605,90.99999999999997,83.81442,7.185577392578097,0.07896238892942965
3.4965075614664802,3.4892845,33.0,32.762497,0.2375030517578125,0.007197062174479167
3.2188758248682006,3.4836535,24.999999999999996,32.578533,-7.578533172607425,0.30314132690429707
3.4965075614664802,4.0576177,33.0,57.83636,-24.836360931396484,0.7526169979211056
3.7376696182833684,3.8588796,42.00000000000001,47.4122,-5.412200927734368,0.12886192685081826
3.2188758248682006,3.3716502,24.999999999999996,29.126553,-4.126552581787113,0.16506210327148454
3.912023005428146,3.4707775,49.99999999999999,32.16174,17.83826065063476,0.3567652130126952
3.2188758248682006,3.615817,24.999999999999996,37.181713,-12.18171310424805,0.4872685241699221
4.31748811353631,4.7307844,74.99999999999997,113.38447,-38.38446807861331,0.5117929077148443
3.912023005428146,3.8067307,49.99999999999999,45.00307,4.996929168701165,0.09993858337402331
4.31748811353631,4.118512,74.99999999999997,61.46772,13.53227996826169,0.1804303995768226
3.7376696182833684,3.7608335,42.00000000000001,42.984238,-0.9842376708984304,0.023434230259486433
3.912023005428146,3.680431,49.99999999999999,39.663483,10.336517333984368,0.2067303466796874
3.5263605246161616,3.4493325,34.00000000000001,31.479372,2.5206279754638743,0.07413611692540806
3.912023005428146,3.7883546,49.99999999999999,44.183643,5.81635665893554,0.11632713317871081
4.204692619390966,3.7106535,66.99999999999997,40.880516,26.119483947753878,0.3898430439963267
3.912023005428146,3.9348547,49.99999999999999,51.15472,-1.1547203063964915,0.02309440612792983
4.5217885770490405,4.373953,92.00000000000001,79.3567,12.643302917480483,0.13742720562478783
3.912023005428146,3.658907,49.99999999999999,38.81889,11.181110382080071,0.22362220764160146
4.189654742026425,3.9316623,65.99999999999997,50.991673,15.008327484130831,0.22739890127470966
3.2188758248682006,3.9600396,24.999999999999996,52.459404,-27.459403991699222,1.098376159667969
3.2188758248682006,3.4949818,24.999999999999996,32.949688,-7.949687957763675,0.31798751831054706
3.2188758248682006,3.6274393,24.999999999999996,37.616367,-12.616367340087894,0.5046546936035159
4.31748811353631,4.411564,74.99999999999997,82.398224,-7.398223876953153,0.09864298502604209
4.7535901911063645,4.6254783,115.99999999999999,102.05157,13.948432922363267,0.12024511139968336
3.5263605246161616,3.9763322,34.00000000000001,53.321102,-19.321102142333977,0.5682677100686463
3.2188758248682006,3.6138043,24.999999999999996,37.106953,-12.106952667236332,0.4842781066894533
3.4965075614664802,3.41085,33.0,30.290981,2.7090187072753906,0.08209147597804214
4.762173934797756,4.05206,117.00000000000003,57.515823,59.484176635742216,0.5084117661174548
3.912023005428146,3.4255965,49.99999999999999,30.740976,19.25902366638183,0.3851804733276366
4.605170185988092,3.5757227,100.00000000000004,35.720425,64.27957534790043,0.6427957534790041
3.091042453358316,3.283199,22.000000000000004,26.660927,-4.660926818847653,0.21186030994762053
3.912023005428146,3.800029,49.99999999999999,44.702484,5.297515869140618,0.10595031738281237
4.31748811353631,4.2142005,74.99999999999997,67.64007,7.359931945800753,0.09813242594401007
4.174387269895637,4.062869,64.99999999999999,58.14088,6.859119415283189,0.10552491408127986
4.204692619390966,3.929932,66.99999999999997,50.903522,16.096477508544893,0.24024593296335672
3.4965075614664802,3.4095826,33.0,30.252615,2.747385025024414,0.0832540916674065
3.5263605246161616,3.9159155,34.00000000000001,50.195004,-16.195003509521477,0.47632363263298455
4.890349128221754,4.517172,133.0,91.57624,41.42375946044922,0.3114568380484904
3.2188758248682006,3.790618,24.999999999999996,44.283756,-19.28375625610352,0.7713502502441408
3.2188758248682006,3.8146157,24.999999999999996,45.35932,-20.359321594238285,0.8143728637695316
3.912023005428146,3.7280602,49.99999999999999,41.59834,8.401660919189446,0.16803321838378896
4.31748811353631,3.9864395,74.99999999999997,53.862766,21.13723373413083,0.2818297831217445
3.2188758248682006,3.2891295,24.999999999999996,26.819508,-1.8195075988769567,0.07278030395507827
3.7376696182833684,3.692324,42.00000000000001,40.138016,1.8619842529296946,0.04433295840308796
3.2188758248682006,3.5932162,24.999999999999996,36.3508,-11.350799560546879,0.4540319824218752
4.418840607796598,3.6536932,83.00000000000003,38.617023,44.38297653198245,0.5347346570118365
3.912023005428146,4.0119076,49.99999999999999,55.252167,-5.252166748046882,0.10504333496093765
4.418840607796598,3.8687742,83.00000000000003,47.88365,35.11634826660159,0.42308853333254914
3.2188758248682006,3.7100565,24.999999999999996,40.856117,-15.85611724853516,0.6342446899414065
3.912023005428146,3.3875892,49.99999999999999,29.59452,20.405479431152337,0.4081095886230468
4.060443010546419,3.5453482,57.999999999999986,34.65175,23.348251342773423,0.40255605763402463
3.4965075614664802,3.853542,33.0,47.159813,-14.159812927246094,0.4290852402195786
3.2188758248682006,3.6125417,24.999999999999996,37.060127,-12.060127258300785,0.48240509033203144
4.7535901911063645,4.6424847,115.99999999999999,103.80194,12.198059082031236,0.10515568174164859
3.8066624897703196,3.7257924,44.99999999999999,41.50411,3.4958915710449148,0.07768647935655368
3.912023005428146,3.629623,49.99999999999999,37.6986,12.301399230957024,0.24602798461914052
3.2188758248682006,3.3389752,24.999999999999996,28.190222,-3.190221786499027,0.1276088714599611
3.912023005428146,3.5105946,49.99999999999999,33.468163,16.5318374633789,0.330636749267578
3.2188758248682006,3.4565089,24.999999999999996,31.706093,-6.70609283447266,0.26824371337890646
3.2188758248682006,3.625786,24.999999999999996,37.554234,-12.554233551025394,0.5021693420410158
3.912023005428146,3.8595846,49.99999999999999,47.445637,2.5543632507324148,0.0510872650146483
3.2188758248682006,3.5627837,24.999999999999996,35.26122,-10.261219024658207,0.4104487609863283
3.2188758248682006,3.6369808,24.999999999999996,37.977,-12.97700119018555,0.5190800476074221
3.4965075614664802,3.4438987,33.0,31.308783,1.6912174224853516,0.05124901280258641
3.912023005428146,4.3407903,49.99999999999999,76.76818,-26.768180847167976,0.5353636169433595
3.2188758248682006,3.6489248,24.999999999999996,38.433323,-13.433322906494144,0.5373329162597659
3.2188758248682006,3.3711603,24.999999999999996,29.112286,-4.112285614013675,0.16449142456054705
3.2188758248682006,3.4627903,24.999999999999996,31.905878,-6.905878067016605,0.27623512268066425
4.31748811353631,4.6369195,74.99999999999997,103.22587,-28.225868225097685,0.3763449096679693
3.4965075614664802,3.425131,33.0,30.726673,2.273326873779297,0.06888869314482718
3.2188758248682006,3.8370821,24.999999999999996,46.38992,-21.389919281005863,0.8555967712402346
3.912023005428146,3.7724197,49.99999999999999,43.485157,6.51484298706054,0.1302968597412108
3.912023005428146,3.2191367,49.99999999999999,25.006523,24.993476867675774,0.4998695373535156
3.6375861597263857,3.4668317,37.99999999999999,32.035084,5.96491622924804,0.15697147971705372
4.51085950651685,3.912975,90.99999999999997,50.047626,40.95237350463864,0.4500260824685567
3.2188758248682006,3.2855837,24.999999999999996,26.724579,-1.7245788574218786,0.06898315429687515
3.4339872044851463,3.810504,31.0,45.1732,-14.173198699951172,0.457199958062941
3.5263605246161616,3.5003219,34.00000000000001,33.126114,0.8738861083984446,0.025702532599954246
3.7376696182833684,3.9256032,42.00000000000001,50.68364,-8.68363952636718,0.2067533220563614
3.5263605246161616,3.510071,34.00000000000001,33.450645,0.5493545532226634,0.016157486859490096
4.605170185988092,3.7995045,100.00000000000004,44.679043,55.32095718383793,0.553209571838379
4.31748811353631,3.7479575,74.99999999999997,42.43432,32.5656814575195,0.4342090861002602
4.762173934797756,4.7453713,117.00000000000003,115.05052,1.949478149414091,0.016662206405248636
3.5263605246161616,3.6154356,34.00000000000001,37.167534,-3.1675338745117116,0.09316276101505032
3.2188758248682006,3.6519525,24.999999999999996,38.549862,-13.549861907958988,0.5419944763183596
3.2188758248682006,3.541558,24.999999999999996,34.52066,-9.520660400390629,0.38082641601562517
3.912023005428146,3.49389,49.99999999999999,32.913734,17.086265563964837,0.3417253112792968
3.2188758248682006,3.5159986,24.999999999999996,33.649513,-8.64951324462891,0.3459805297851564
3.2188758248682006,3.5974596,24.999999999999996,36.505375,-11.50537490844727,0.4602149963378908
3.912023005428146,4.044258,49.99999999999999,57.068832,-7.068832397460945,0.14137664794921892
3.713572066704308,3.706677,41.00000000000001,40.718273,0.28172683715821023,0.006871386272151468
3.912023005428146,3.78833,49.99999999999999,44.182556,5.817443847656243,0.11634887695312487
3.912023005428146,3.461798,49.99999999999999,31.874233,18.125766754150384,0.3625153350830077
3.912023005428146,3.5326009,49.99999999999999,34.212837,15.787162780761712,0.31574325561523425
4.605170185988092,4.526234,100.00000000000004,92.409904,7.590095520019574,0.07590095520019571
4.605170185988092,3.7574193,100.00000000000004,42.837734,57.16226577758793,0.5716226577758791
3.4965075614664802,3.8214116,33.0,45.66863,-12.668628692626953,0.38389783917051373
3.4965075614664802,3.965926,33.0,52.769108,-19.769107818603516,0.5990638732910156
3.912023005428146,3.4857345,49.99999999999999,32.646397,17.353603363037102,0.3470720672607421
3.7376696182833684,3.4288948,42.00000000000001,30.842535,11.157464981079109,0.26565392812093114
4.605170185988092,4.2174616,100.00000000000004,67.86101,32.138992309570355,0.3213899230957034
3.912023005428146,3.9525921,49.99999999999999,52.070164,-2.0701637268066477,0.04140327453613296
4.68213122712422,3.9939785,108.00000000000003,54.270374,53.729625701904325,0.4974965342768918
3.713572066704308,3.6097658,41.00000000000001,36.957394,4.042606353759773,0.09860015496975054
3.2188758248682006,3.5486503,24.999999999999996,34.76636,-9.76636123657227,0.3906544494628908
3.2188758248682006,3.7846243,24.999999999999996,44.01913,-19.019130706787113,0.7607652282714846
4.31748811353631,3.8103228,74.99999999999997,45.165012,29.83498764038083,0.3977998352050779
3.2188758248682006,3.4042187,24.999999999999996,30.090776,-5.090776443481449,0.203631057739258
3.713572066704308,3.5782366,41.00000000000001,35.810337,5.1896629333496165,0.12657714471584428
3.2188758248682006,3.520189,24.999999999999996,33.790817,-8.790817260742191,0.3516326904296877
3.912023005428146,3.61849,49.99999999999999,37.28123,12.718769073486321,0.25437538146972644
4.7535901911063645,4.078572,115.99999999999999,59.061058,56.93894195556639,0.4908529478928138
3.7376696182833684,3.5687966,42.00000000000001,35.47388,6.5261192321777415,0.15538379124232715
4.02535169073515,3.7042143,56.00000000000002,40.618122,15.381877899169943,0.274676391056606
3.091042453358316,3.8076458,22.000000000000004,45.04427,-23.044269561767575,1.0474667982621624
3.912023005428146,4.293981,49.99999999999999,73.25753,-23.25753021240235,0.4651506042480471
3.2188758248682006,3.5899894,24.999999999999996,36.233692,-11.233692169189457,0.44934768676757836
3.2188758248682006,3.8746502,24.999999999999996,48.165848,-23.165847778320316,0.9266339111328128
4.31748811353631,4.448531,74.99999999999997,85.50127,-10.501266479492216,0.1400168863932296
3.2188758248682006,3.6012356,24.999999999999996,36.643486,-11.643486022949222,0.465739440917969
3.912023005428146,3.9117832,49.99999999999999,49.98801,0.01198959350585227,0.0002397918701170454
3.4965075614664802,3.4900866,33.0,32.788784,0.21121597290039062,0.006400484027284564
3.4965075614664802,3.359023,33.0,28.76108,4.238920211791992,0.12845212763006036
3.4965075614664802,3.6427379,33.0,38.19627,-5.196269989013672,0.15746272693980823
4.68213122712422,4.0168853,108.00000000000003,55.52788,52.472118377685575,0.485852947941533
4.31748811353631,3.4381,74.99999999999997,31.127762,43.87223815917966,0.584963175455729
3.713572066704308,3.8398924,41.00000000000001,46.52047,-5.520469665527337,0.1346456015982277
3.8501476017100584,3.6079862,46.99999999999999,36.891685,10.10831451416015,0.21507052157787554
3.6109179126442243,3.3402452,37.0,28.226048,8.77395248413086,0.23713385092245565
4.204692619390966,3.7529976,66.99999999999997,42.648735,24.351264953613253,0.3634517157255711
3.4965075614664802,3.813419,33.0,45.305077,-12.305076599121094,0.3728811090642756
4.31748811353631,3.7824895,74.99999999999997,43.92526,31.074741363525362,0.414329884847005
3.912023005428146,4.1348567,49.99999999999999,62.480637,-12.480636596679695,0.24961273193359393
3.4965075614664802,4.147868,33.0,63.298912,-30.298912048339844,0.9181488499496923
4.204692619390966,3.7980297,66.99999999999997,44.613194,22.38680648803708,0.33413144011995655
3.2188758248682006,3.4570055,24.999999999999996,31.721844,-6.721843719482425,0.26887374877929704
3.2188758248682006,3.6427588,24.999999999999996,38.19707,-13.197071075439457,0.5278828430175784
3.7376696182833684,3.545236,42.00000000000001,34.647865,7.352134704589851,0.17505082629975832
3.7376696182833684,3.8254755,42.00000000000001,45.854595,-3.8545951843261648,0.09177607581728962
3.4965075614664802,3.522714,33.0,33.87624,-0.8762397766113281,0.02655272050337358
3.912023005428146,4.3331122,49.99999999999999,76.181015,-26.181015014648445,0.523620300292969
3.2188758248682006,3.8339036,24.999999999999996,46.2427,-21.242698669433597,0.849707946777344
4.418840607796598,4.780003,83.00000000000003,119.10471,-36.10471343994138,0.4349965474691731
3.713572066704308,3.545591,41.00000000000001,34.660168,6.33983230590821,0.15463005624166365
3.4965075614664802,3.5492902,33.0,34.788616,-1.7886161804199219,0.05420049031575521
3.912023005428146,3.5349207,49.99999999999999,34.292294,15.707706451416009,0.31415412902832024
3.5263605246161616,3.3787863,34.00000000000001,29.335146,4.664854049682624,0.13720158969654775
3.2188758248682006,3.8785882,24.999999999999996,48.3559,-23.35589981079102,0.9342359924316409
3.2188758248682006,3.5890956,24.999999999999996,36.20132,-11.201320648193363,0.4480528259277346
3.912023005428146,3.4130423,49.99999999999999,30.35746,19.642539978027337,0.3928507995605468
4.605170185988092,3.6542866,100.00000000000004,38.639946,61.360054016113324,0.613600540161133
4.189654742026425,3.8160107,65.99999999999997,45.42264,20.57735824584958,0.3117781552401453
3.912023005428146,4.110774,49.99999999999999,60.99391,-10.99391174316407,0.21987823486328142
3.2188758248682006,3.6437795,24.999999999999996,38.236076,-13.236076354980472,0.529443054199219
3.5263605246161616,3.6850278,34.00000000000001,39.846233,-5.846233367919915,0.17194804023293864
4.605170185988092,3.749114,100.00000000000004,42.483425,57.51657485961918,0.5751657485961916
3.912023005428146,3.6143095,49.99999999999999,37.1257,12.874298095703118,0.25748596191406237
3.912023005428146,3.731066,49.99999999999999,41.72356,8.27643966674804,0.16552879333496082
4.23410650459726,3.8991566,69.00000000000001,49.360798,19.639202117919936,0.28462611765101353
3.5263605246161616,3.733435,34.00000000000001,41.822517,-7.822517395019524,0.23007404102998597
4.31748811353631,4.1690354,74.99999999999997,64.65306,10.346939086914034,0.1379591878255205
4.8283137373023015,3.8437054,125.00000000000004,46.69819,78.30181121826176,0.6264144897460939
4.8283137373023015,4.1073475,125.00000000000004,60.78527,64.21472930908207,0.5137178344726564
3.4657359027997265,3.7044003,32.0,40.625675,-8.625675201416016,0.2695523500442505
3.2188758248682006,3.5258546,24.999999999999996,33.982803,-8.982803344726566,0.3593121337890627
3.912023005428146,4.1262336,49.99999999999999,61.944176,-11.94417572021485,0.23888351440429706
3.912023005428146,3.5514708,49.99999999999999,34.864555,15.135444641113274,0.30270889282226554
3.871201010907891,3.558784,48.00000000000001,35.120464,12.879535675048835,0.2683236598968507
4.890349128221754,4.7193365,133.0,112.09386,20.906143188476562,0.15718904652989896
3.2188758248682006,3.3306413,24.999999999999996,27.956263,-2.95626258850098,0.11825050354003921
3.4965075614664802,3.5646,33.0,35.32532,-2.3253211975097656,0.07046427871241714
3.044522437723423,3.7385483,21.0,42.03692,-21.03691864013672,1.001758030482701
3.2188758248682006,3.614,24.999999999999996,37.114216,-12.114215850830082,0.4845686340332033
3.2188758248682006,3.7385373,24.999999999999996,42.036457,-17.03645706176758,0.6814582824707034
3.2188758248682006,3.4213805,24.999999999999996,30.611647,-5.611646652221683,0.22446586608886737
3.2188758248682006,3.547447,24.999999999999996,34.724552,-9.72455215454102,0.3889820861816408
3.912023005428146,3.856582,49.99999999999999,47.303387,2.696613311767571,0.053932266235351425
4.7535901911063645,4.48882,115.99999999999999,89.01635,26.983650207519517,0.23261767420275448
3.2188758248682006,3.6385293,24.999999999999996,38.035854,-13.035854339599613,0.5214341735839846
3.4965075614664802,3.8647788,33.0,47.69272,-14.692718505859375,0.44523389411695075
3.713572066704308,3.78108,41.00000000000001,43.863388,-2.8633880615234304,0.06983873320788854
4.605170185988092,4.587495,100.00000000000004,98.24799,1.7520065307617614,0.017520065307617606
4.07753744390572,3.5562458,59.000000000000014,35.031437,23.968563079834,0.4062468318615931
4.605170185988092,4.5606556,100.00000000000004,95.646164,4.353836059570355,0.04353836059570353
3.2188758248682006,3.8394394,24.999999999999996,46.4994,-21.4994010925293,0.8599760437011721
3.2188758248682006,3.7060277,24.999999999999996,40.691845,-15.69184494018555,0.6276737976074221
3.4965075614664802,3.394546,33.0,29.80112,3.1988792419433594,0.09693573460434422
3.912023005428146,3.4967966,49.99999999999999,33.00954,16.990459442138665,0.33980918884277334
3.912023005428146,3.3735662,49.99999999999999,29.182411,20.817588806152337,0.4163517761230468
3.912023005428146,3.4799933,49.99999999999999,32.459507,17.540493011474602,0.3508098602294921
4.31748811353631,3.809776,74.99999999999997,45.14033,29.859668731689425,0.3981289164225258
3.4965075614664802,3.4361665,33.0,31.067633,1.9323673248291016,0.058556585600881866
3.912023005428146,4.1079803,49.99999999999999,60.823746,-10.82374572753907,0.2164749145507814
3.2188758248682006,3.6039393,24.999999999999996,36.74269,-11.742691040039066,0.4697076416015627
3.2188758248682006,3.3520467,24.999999999999996,28.56113,-3.561130523681644,0.14244522094726578
3.2188758248682006,3.3998294,24.999999999999996,29.958988,-4.958988189697269,0.1983595275878908
4.762173934797756,4.376225,117.00000000000003,79.53722,37.46278381347659,0.3201947334485178
3.2188758248682006,3.75915,24.999999999999996,42.911938,-17.91193771362305,0.7164775085449221
3.2188758248682006,3.6620443,24.999999999999996,38.94087,-13.94086837768555,0.5576347351074221
3.912023005428146,3.8754709,49.99999999999999,48.20539,1.7946090698242116,0.035892181396484236
3.4965075614664802,3.7554712,33.0,42.754364,-9.754364013671875,0.2955867882930871
3.7376696182833684,4.212036,42.00000000000001,67.49383,-25.49382781982421,0.6069959004720049
3.5263605246161616,3.8599606,34.00000000000001,47.463478,-13.4634780883789,0.39598464965820285
3.2188758248682006,3.6518464,24.999999999999996,38.545773,-13.545772552490238,0.5418309020996096
3.2188758248682006,3.3230743,24.999999999999996,27.74552,-2.745519638061527,0.10982078552246109
3.912023005428146,3.660965,49.99999999999999,38.89886,11.101139068603509,0.2220227813720702
3.912023005428146,3.2634125,49.99999999999999,26.138582,23.861417770385735,0.47722835540771474
3.4011973816621555,3.5775359,30.000000000000004,35.78525,-5.785251617431637,0.19284172058105456
4.007333185232471,3.7059827,55.000000000000014,40.690014,14.309986114501967,0.26018156571821754
3.2188758248682006,3.467582,24.999999999999996,32.059128,-7.059127807617191,0.2823651123046877
3.2188758248682006,3.7651055,24.999999999999996,43.16826,-18.16825866699219,0.7267303466796877
3.713572066704308,3.4746072,41.00000000000001,32.285145,8.714855194091804,0.21255744375833666
4.204692619390966,3.636249,66.99999999999997,37.949223,29.050777435302706,0.4335936930642197
3.2188758248682006,3.5718882,24.999999999999996,35.583717,-10.58371734619141,0.42334869384765644
3.2188758248682006,3.6576216,24.999999999999996,38.769024,-13.769023895263675,0.5507609558105471
3.912023005428146,3.5867035,49.99999999999999,36.11483,13.88516998291015,0.277703399658203
4.060443010546419,4.162338,57.999999999999986,64.22148,-6.221481323242202,0.10726691936624488
4.605170185988092,4.7152452,100.00000000000004,111.636185,-11.63618469238277,0.11636184692382764
4.31748811353631,3.6299086,74.99999999999997,37.70937,37.29063034057614,0.49720840454101545
4.31748811353631,3.6288621,74.99999999999997,37.66993,37.33007049560544,0.4977342732747394
3.2188758248682006,3.7618775,24.999999999999996,43.02914,-18.029140472412113,0.7211656188964847
3.4965075614664802,3.417899,33.0,30.505253,2.4947471618652344,0.07559839884440105
3.2188758248682006,3.3149362,24.999999999999996,27.520638,-2.520637512207035,0.1008255004882814
3.2188758248682006,3.604938,24.999999999999996,36.779404,-11.779403686523441,0.4711761474609377
3.5263605246161616,3.8507655,34.00000000000001,47.02905,-13.029048919677727,0.3832073211669919
3.2188758248682006,3.6611328,24.999999999999996,38.90539,-13.905391693115238,0.5562156677246096
4.605170185988092,3.4098024,100.00000000000004,30.259266,69.74073410034184,0.6974073410034181
3.912023005428146,3.9183824,49.99999999999999,50.318985,-0.3189849853515696,0.006379699707031393
3.713572066704308,4.1148467,41.00000000000001,61.242825,-20.242824554443352,0.49372742815715487
3.4965075614664802,3.424577,33.0,30.709652,2.2903480529785156,0.06940448645389441
3.4965075614664802,3.537715,33.0,34.388252,-1.3882522583007812,0.042068250251538826
4.31748811353631,4.365976,74.99999999999997,78.72619,-3.726188659667997,0.04968251546223998
3.912023005428146,4.016751,49.99999999999999,55.520416,-5.520416259765632,0.11040832519531266
3.7376696182833684,3.4150097,42.00000000000001,30.417246,11.582754135131843,0.2757798603602819
3.5263605246161616,3.9987998,34.00000000000001,54.53266,-20.532661437988274,0.603901806999655
3.713572066704308,3.3737504,41.00000000000001,29.18779,11.81221008300782,0.28810268495141017
4.07753744390572,3.8030205,59.000000000000014,44.836407,14.163593292236342,0.24006090325824303
4.418840607796598,4.360914,83.00000000000003,78.32871,4.671287536621122,0.05628057273037495
3.713572066704308,3.439289,41.00000000000001,31.164795,9.835205078125007,0.23988305068597573
4.51085950651685,3.9220803,90.99999999999997,50.5054,40.49459838867185,0.44499558668870176
4.31748811353631,4.1739426,74.99999999999997,64.9711,10.028900146484347,0.13371866861979134
3.2188758248682006,3.8272064,24.999999999999996,45.934036,-20.934036254882816,0.8373614501953127
3.1354942159291497,3.475714,23.0,32.320896,-9.32089614868164,0.4052563542905061
3.2188758248682006,3.791778,24.999999999999996,44.335163,-19.33516311645508,0.7734065246582034
3.912023005428146,3.9436433,49.99999999999999,51.606277,-1.6062774658203196,0.0321255493164064
4.060443010546419,3.6141315,57.999999999999986,37.11909,20.88090896606444,0.3600156718286973
3.2188758248682006,3.8808808,24.999999999999996,48.46689,-23.46688842773438,0.9386755371093752
4.605170185988092,4.359952,100.00000000000004,78.25338,21.7466201782227,0.2174662017822269
3.2188758248682006,3.9162278,24.999999999999996,50.210682,-25.210681915283207,1.0084272766113285
3.4965075614664802,3.6746962,33.0,39.436676,-6.436676025390625,0.19505078864820075
3.912023005428146,3.2996194,49.99999999999999,27.102324,22.8976764678955,0.45795352935791006
3.4965075614664802,3.6788597,33.0,39.60121,-6.6012115478515625,0.20003671357125946
4.605170185988092,3.793529,100.00000000000004,44.412857,55.58714294433598,0.5558714294433595
4.31748811353631,3.2909765,74.99999999999997,26.86909,48.13091087341306,0.6417454783121743
3.713572066704308,3.5318685,41.00000000000001,34.187786,6.812213897705085,0.1661515584806118
3.5263605246161616,3.8042657,34.00000000000001,44.892277,-10.892276763916009,0.32036108129164725
3.4965075614664802,3.9507706,33.0,51.975403,-18.97540283203125,0.57501220703125
3.4965075614664802,3.9202025,33.0,50.410652,-17.41065216064453,0.5275955200195312
3.713572066704308,3.5285425,41.00000000000001,34.07427,6.925731658935554,0.16892028436428178
4.51085950651685,4.107637,90.99999999999997,60.802868,30.197132110595675,0.33183661659995256
3.2188758248682006,4.0081515,24.999999999999996,55.04503,-30.04502868652344,1.2018011474609378
3.912023005428146,3.7990255,49.99999999999999,44.657646,5.342353820800774,0.1068470764160155
3.912023005428146,3.7559512,49.99999999999999,42.774887,7.225112915039055,0.14450225830078112
3.2188758248682006,3.8680043,24.999999999999996,47.846806,-22.84680557250977,0.9138722229003909
3.2188758248682006,3.4879224,24.999999999999996,32.717903,-7.717903137207035,0.3087161254882814
3.7376696182833684,4.216154,42.00000000000001,67.77234,-25.772338867187493,0.6136271158854164
3.912023005428146,4.657873,49.99999999999999,105.41165,-55.41165161132813,1.1082330322265628
4.68213122712422,3.7749763,108.00000000000003,43.596474,64.40352630615237,0.5963289472791885
4.418840607796598,3.923199,83.00000000000003,50.56193,32.43806838989261,0.3908201010830433
3.295836866004329,3.460162,27.0,31.822128,-4.8221282958984375,0.1785973442925347
4.189654742026425,3.8514159,65.99999999999997,47.059647,18.94035339355466,0.28697505141749496
3.2188758248682006,3.4621909,24.999999999999996,31.886759,-6.886758804321293,0.27547035217285176
3.4965075614664802,3.772473,33.0,43.48748,-10.487480163574219,0.31780242919921875
4.68213122712422,3.712934,108.00000000000003,40.973846,67.02615356445315,0.6206125330041957
3.912023005428146,3.5788157,49.99999999999999,35.83108,14.168918609619134,0.2833783721923827
3.2188758248682006,3.4939167,24.999999999999996,32.914616,-7.914615631103519,0.3165846252441408
3.2188758248682006,3.496829,24.999999999999996,33.01061,-8.010608673095707,0.3204243469238283
3.2188758248682006,3.540033,24.999999999999996,34.46806,-9.468059539794925,0.37872238159179705
3.4965075614664802,3.7567887,33.0,42.81073,-9.81072998046875,0.29729484789299243
3.912023005428146,4.3417473,49.99999999999999,76.84169,-26.84169006347657,0.5368338012695315
3.912023005428146,4.315555,49.99999999999999,74.85516,-24.855163574218757,0.4971032714843752
3.2188758248682006,4.0029907,24.999999999999996,54.76168,-29.761680603027347,1.190467224121094
3.912023005428146,3.8281138,49.99999999999999,45.97574,4.024261474609368,0.08048522949218737
3.713572066704308,3.724989,41.00000000000001,41.470776,-0.47077560424803977,0.011482331810927797
3.912023005428146,3.6248295,49.99999999999999,37.518326,12.48167419433593,0.24963348388671863
3.2188758248682006,3.443302,24.999999999999996,31.290106,-6.290105819702152,0.25160423278808614
4.189654742026425,3.451853,65.99999999999997,31.558817,34.44118309020993,0.5218361074274235
3.912023005428146,3.8638687,49.99999999999999,47.649338,2.3506622314453054,0.04701324462890612
3.713572066704308,3.8408809,41.00000000000001,46.566475,-5.566474914550774,0.13576768084270177
3.912023005428146,3.6235752,49.99999999999999,37.4713,12.528701782226555,0.2505740356445311
3.912023005428146,3.600321,49.99999999999999,36.609985,13.390014648437493,0.2678002929687499
3.2188758248682006,3.786677,24.999999999999996,44.109573,-19.109573364257816,0.7643829345703127
3.7376696182833684,3.7443082,42.00000000000001,42.27975,-0.27975082397460227,0.006660733904157196
3.5263605246161616,3.6857839,34.00000000000001,39.87637,-5.876369476318352,0.17283439636230444
3.4965075614664802,3.4963958,33.0,32.99631,0.003688812255859375,0.00011178218957149622
3.2188758248682006,3.772151,24.999999999999996,43.473476,-18.473476409912113,0.7389390563964846
3.4965075614664802,3.5184016,33.0,33.730473,-0.7304725646972656,0.022135532263553505
3.912023005428146,3.4576044,49.99999999999999,31.740847,18.25915336608886,0.36518306732177724
3.912023005428146,3.900507,49.99999999999999,49.4275,0.572498321533196,0.011449966430663922
3.912023005428146,3.615827,49.99999999999999,37.182087,12.817913055419915,0.2563582611083983
4.31748811353631,3.6572008,74.99999999999997,38.752716,36.24728393554685,0.4832971191406248
4.68213122712422,4.067899,108.00000000000003,58.43408,49.565921783447294,0.45894372021710444
4.31748811353631,4.07586,74.99999999999997,58.901115,16.098884582519503,0.21465179443359345
3.4965075614664802,3.415116,33.0,30.42048,2.579519271850586,0.07816725066213896
3.9889840465642745,3.674049,54.00000000000001,39.411156,14.588844299316413,0.2701637833206743
3.4657359027997265,3.4114778,32.0,30.310003,1.6899967193603516,0.052812397480010986
3.713572066704308,3.8747475,41.00000000000001,48.170536,-7.1705360412597585,0.17489112295755505
4.890349128221754,4.562836,133.0,95.85496,37.145042419433594,0.279286033228824
3.4011973816621555,3.6477685,30.000000000000004,38.388905,-8.3889045715332,0.27963015238443995
3.7376696182833684,3.4316936,42.00000000000001,30.928978,11.071022033691413,0.26359576270693835
3.2188758248682006,3.42245,24.999999999999996,30.644403,-5.644403457641605,0.22577613830566423
4.605170185988092,3.8177254,100.00000000000004,45.500595,54.499404907226605,0.5449940490722658
3.5263605246161616,3.7434115,34.00000000000001,42.241856,-8.241855621337884,0.24240751827464357
4.343805421853684,4.2228665,77.00000000000001,68.22878,8.77121734619142,0.11391191358690154
4.189654742026425,3.7563522,65.99999999999997,42.79204,23.20795822143552,0.35163573062781106
3.2188758248682006,3.4348373,24.999999999999996,31.026365,-6.026365280151371,0.24105461120605487
3.4965075614664802,3.4482858,33.0,31.446442,1.553558349609375,0.04707752574573864
4.31748811353631,4.4168916,74.99999999999997,82.83839,-7.83838653564456,0.10451182047526084
3.4965075614664802,3.7294297,33.0,41.655346,-8.655345916748047,0.26228320959842566
3.912023005428146,3.8741047,49.99999999999999,48.13958,1.8604202270507741,0.03720840454101549
3.2188758248682006,3.888367,24.999999999999996,48.831078,-23.831077575683597,0.953243103027344
4.406719247264253,3.3233354,82.00000000000001,27.752764,54.24723625183107,0.6615516616076959
3.4965075614664802,3.8371594,33.0,46.3935,-13.393501281738281,0.40586367520419037
3.2188758248682006,3.6068616,24.999999999999996,36.85022,-11.850219726562504,0.4740087890625002
3.2188758248682006,3.8956313,24.999999999999996,49.187096,-24.187095642089847,0.967483825683594
4.189654742026425,4.2134023,65.99999999999997,67.5861,-1.5860977172851847,0.02403178359523008
3.912023005428146,3.8602042,49.99999999999999,47.475044,2.5249557495117116,0.05049911499023424
3.7376696182833684,3.7946312,42.00000000000001,44.461838,-2.4618377685546804,0.05861518496558762
3.7376696182833684,3.792311,42.00000000000001,44.35879,-2.3587913513183523,0.05616169884091314
4.605170185988092,3.4928966,100.00000000000004,32.88105,67.11894989013676,0.6711894989013674
3.912023005428146,4.16082,49.99999999999999,64.124084,-14.124084472656257,0.2824816894531252
4.31748811353631,4.250239,74.99999999999997,70.12216,4.877838134765597,0.06503784179687465
3.2188758248682006,3.48574,24.999999999999996,32.646576,-7.6465759277343786,0.3058630371093752
3.2188758248682006,3.547241,24.999999999999996,34.7174,-9.717399597167972,0.38869598388671894
4.955827057601261,3.918657,142.00000000000003,50.332806,91.6671943664551,0.6455436222989795
4.110873864173311,3.6948204,61.00000000000001,40.238346,20.76165390014649,0.34035498196961456
3.912023005428146,3.324663,49.99999999999999,27.789629,22.210371017456048,0.44420742034912103
3.2188758248682006,3.5939803,24.999999999999996,36.378586,-11.378585815429691,0.4551434326171877
4.060443010546419,3.8311903,57.999999999999986,46.1174,11.88259887695311,0.2048723944302261
3.4965075614664802,3.561479,33.0,35.215244,-2.2152442932128906,0.06712861494584517
3.2188758248682006,4.070831,24.999999999999996,58.605633,-33.60563278198242,1.344225311279297
4.31748811353631,3.9300058,74.99999999999997,50.907272,24.092727661132784,0.3212363688151039
4.189654742026425,3.6024404,65.99999999999997,36.687656,29.31234359741208,0.4441264181426075
3.2188758248682006,3.8152463,24.999999999999996,45.387936,-20.387935638427738,0.8155174255371096
4.189654742026425,3.8463979,65.99999999999997,46.824093,19.175907135009737,0.2905440475001477
3.8066624897703196,3.6630359,44.99999999999999,38.9795,6.020500183105462,0.13378889295789917
4.605170185988092,3.651944,100.00000000000004,38.54953,61.45046997070317,0.6145046997070314
4.430816798843313,4.3795943,83.99999999999999,79.80565,4.194351196289048,0.04993275233677439
4.762173934797756,3.8658547,117.00000000000003,47.744064,69.25593566894534,0.5919310740935497
3.4965075614664802,3.8058531,33.0,44.963593,-11.963592529296875,0.36253310694839014
3.4011973816621555,3.629142,30.000000000000004,37.680473,-7.680473327636715,0.25601577758789046
4.418840607796598,4.102558,83.00000000000003,60.494843,22.505157470703153,0.2711464755506403
3.2188758248682006,3.858744,24.999999999999996,47.40577,-22.405769348144535,0.8962307739257815
4.060443010546419,3.8315172,57.999999999999986,46.132477,11.86752319335936,0.20461246885102352
3.2188758248682006,3.5875015,24.999999999999996,36.143658,-11.143657684326175,0.4457463073730471
4.418840607796598,3.7345848,83.00000000000003,41.870636,41.1293640136719,0.49553450618881795
3.2188758248682006,3.5851712,24.999999999999996,36.059532,-11.059532165527347,0.44238128662109394
4.762173934797756,4.648147,117.00000000000003,104.39138,12.608619689941435,0.10776598025590967
3.912023005428146,3.5138252,49.99999999999999,33.576458,16.42354202270507,0.32847084045410146
3.8066624897703196,3.8270102,44.99999999999999,45.925022,-0.9250221252441477,0.02055604722764773
3.4965075614664802,3.7807317,33.0,43.848114,-10.848114013671875,0.3287307276870265
3.2188758248682006,3.6925051,24.999999999999996,40.14529,-15.145290374755863,0.6058116149902346
4.890349128221754,4.6268616,133.0,102.19283,30.807167053222656,0.2316328349866365
3.713572066704308,3.42929,41.00000000000001,30.85473,10.145269393920906,0.24744559497368057
3.2188758248682006,3.3163705,24.999999999999996,27.560139,-2.5601387023925817,0.10240554809570328
3.2188758248682006,3.4381201,24.999999999999996,31.128386,-6.128385543823246,0.24513542175292988
3.7376696182833684,3.7636268,42.00000000000001,43.104473,-1.1044731140136648,0.02629697890508725
3.912023005428146,3.5358975,49.99999999999999,34.32581,15.674190521240227,0.3134838104248046
4.51085950651685,4.5606112,90.99999999999997,95.64192,-4.641921997070341,0.051010131835937826
3.912023005428146,3.4354591,49.99999999999999,31.045664,18.95433616638183,0.37908672332763665
3.6888794541139363,3.669577,40.0,39.235302,0.7646980285644531,0.019117450714111327
3.2188758248682006,3.3148212,24.999999999999996,27.517475,-2.5174751281738317,0.10069900512695328
4.8283137373023015,3.9711132,125.00000000000004,53.043545,71.95645523071293,0.5756516418457033
3.2188758248682006,3.4676118,24.999999999999996,32.060085,-7.060085296630863,0.28240341186523454
3.871201010907891,3.9909632,48.00000000000001,54.10698,-6.10697937011718,0.12722873687744124
3.2188758248682006,3.3767478,24.999999999999996,29.275408,-4.275407791137699,0.17101631164550798
3.4011973816621555,3.519323,30.000000000000004,33.761566,-3.7615661621093714,0.12538553873697902
3.912023005428146,3.6748548,49.99999999999999,39.44293,10.557071685791009,0.2111414337158202
3.4965075614664802,3.32821,33.0,27.88838,5.11161994934082,0.1548975742224491
3.2188758248682006,3.743038,24.999999999999996,42.226074,-17.226074218750004,0.6890429687500003
3.2188758248682006,3.865191,24.999999999999996,47.712383,-22.712383270263675,0.9084953308105471
3.5263605246161616,3.6373658,34.00000000000001,37.991627,-3.991626739501946,0.11740078645593957
3.4965075614664802,3.6275265,33.0,37.61965,-4.619651794433594,0.1399894483161695
3.912023005428146,3.5678344,49.99999999999999,35.439762,14.560237884521477,0.2912047576904296
3.7376696182833684,3.751814,42.00000000000001,42.59828,-0.5982818603515554,0.014244806198846554
3.2188758248682006,3.6555126,24.999999999999996,38.687347,-13.687347412109379,0.5474938964843752
3.2188758248682006,3.4389772,24.999999999999996,31.155077,-6.155076980590824,0.246203079223633
3.4965075614664802,4.0208807,33.0,55.750183,-22.75018310546875,0.6893994880445076
4.8283137373023015,4.0881004,125.00000000000004,59.62652,65.37348175048832,0.5229878540039065
3.2188758248682006,3.8693964,24.999999999999996,47.91346,-22.913459777832035,0.9165383911132815
4.1588830833596715,3.442116,63.99999999999998,31.253021,32.746978759765604,0.5116715431213378
3.912023005428146,4.4300923,49.99999999999999,83.93917,-33.93917083740235,0.6787834167480471
3.912023005428146,3.4703958,49.99999999999999,32.149464,17.85053634643554,0.35701072692871083
3.4965075614664802,3.273523,33.0,26.4042,6.595800399780273,0.199872739387281
3.912023005428146,3.7796304,49.99999999999999,43.79985,6.200149536132805,0.12400299072265612
3.2188758248682006,3.194979,24.999999999999996,24.40966,0.5903396606445277,0.02361358642578111
3.912023005428146,4.049149,49.99999999999999,57.348633,-7.348632812500007,0.14697265625000017
3.912023005428146,4.088153,49.99999999999999,59.629646,-9.629646301269538,0.1925929260253908
3.713572066704308,3.4424245,41.00000000000001,31.262663,9.737337112426765,0.23749602713236007
3.4965075614664802,3.7398045,33.0,42.08976,-9.089759826660156,0.2754472674745502
4.31748811353631,3.98767,74.99999999999997,53.929085,21.07091522216794,0.2809455362955726
3.5263605246161616,3.97974,34.00000000000001,53.503117,-19.50311660766601,0.573621076696059
3.2188758248682006,3.382427,24.999999999999996,29.44214,-4.442140579223636,0.17768562316894548
3.713572066704308,4.2290864,41.00000000000001,68.65448,-27.654479980468743,0.6744995117187497
3.7376696182833684,3.3815467,42.00000000000001,29.416235,12.583765029907234,0.29961345309302934
3.2188758248682006,3.6486032,24.999999999999996,38.420963,-13.42096328735352,0.5368385314941408
3.2188758248682006,3.5339732,24.999999999999996,34.25982,-9.259819030761722,0.37039276123046894
3.912023005428146,3.7393777,49.99999999999999,42.071804,7.9281959533691335,0.15856391906738268
3.2188758248682006,3.3802981,24.999999999999996,29.379528,-4.3795280456543,0.17518112182617204
3.2188758248682006,3.7228587,24.999999999999996,41.382523,-16.382522583007816,0.6553009033203128
3.713572066704308,3.6046536,41.00000000000001,36.768944,4.231056213378913,0.10319649300924177
3.2188758248682006,3.6328218,24.999999999999996,37.819386,-12.819385528564457,0.5127754211425783
3.912023005428146,3.630003,49.99999999999999,37.71293,12.287071228027337,0.24574142456054676
3.912023005428146,3.9162278,49.99999999999999,50.210682,-0.21068191528321023,0.004213638305664205
3.2188758248682006,3.6145158,24.999999999999996,37.13336,-12.133361816406254,0.48533447265625024
3.713572066704308,3.5666873,41.00000000000001,35.39913,5.600868225097663,0.13660654207555273
3.713572066704308,3.8276029,41.00000000000001,45.95225,-4.952251434326165,0.12078662034941863
3.4965075614664802,3.724854,33.0,41.46518,-8.465179443359375,0.2565205891927083
3.2188758248682006,3.6571913,24.999999999999996,38.752346,-13.752346038818363,0.5500938415527346
3.1780538303479458,3.4464982,24.000000000000004,31.390276,-7.390275955200192,0.30792816480000795
4.060443010546419,4.15572,57.999999999999986,63.797897,-5.797897338867202,0.09996374722184832
3.2188758248682006,3.4779239,24.999999999999996,32.392403,-7.392402648925785,0.29569610595703144
3.912023005428146,3.5480828,49.99999999999999,34.74664,15.253360748291009,0.30506721496582023
3.912023005428146,3.4456136,49.99999999999999,31.362522,18.637477874755852,0.3727495574951171
4.189654742026425,3.8395832,65.99999999999997,46.506084,19.4939155578613,0.29536235693729257
3.4965075614664802,3.2440925,33.0,25.638432,7.361568450927734,0.22307783184629498
3.2188758248682006,3.8849194,24.999999999999996,48.66302,-23.663021087646488,0.9465208435058596
4.189654742026425,4.5796185,65.99999999999997,97.477196,-31.477195739746122,0.47692720817797174
4.31748811353631,4.038372,74.99999999999997,56.733906,18.266094207763643,0.243547922770182
3.4965075614664802,3.5019617,33.0,33.180477,-0.18047714233398438,0.005469004313151042
3.2188758248682006,3.2866943,24.999999999999996,26.754276,-1.7542762756347692,0.07017105102539077
4.7535901911063645,3.5979285,115.99999999999999,36.5225,79.47750091552733,0.6851508699614426
3.4965075614664802,3.4060125,33.0,30.144802,2.8551979064941406,0.08652114868164062
3.912023005428146,3.8778617,49.99999999999999,48.32078,1.679218292236321,0.033584365844726426
3.2188758248682006,3.4048524,24.999999999999996,30.10985,-5.109849929809574,0.204393997192383
3.713572066704308,3.625331,41.00000000000001,37.537144,3.4628562927246165,0.08445990957864917
4.605170185988092,3.6079862,100.00000000000004,36.891685,63.1083145141602,0.6310831451416017
4.8283137373023015,4.3676095,125.00000000000004,78.854904,46.145095825195355,0.3691607666015627
3.7612001156935624,3.5173755,43.0,33.695877,9.304122924804688,0.21637495173964388
3.912023005428146,3.778125,49.99999999999999,43.733967,6.266033172607415,0.12532066345214832
3.2188758248682006,3.561018,24.999999999999996,35.199013,-10.19901275634766,0.40796051025390645
3.2188758248682006,3.5849018,24.999999999999996,36.049816,-11.0498161315918,0.4419926452636721
3.4965075614664802,3.720177,33.0,41.271694,-8.27169418334961,0.2506573994954427
3.4965075614664802,3.8744369,33.0,48.15557,-15.155570983886719,0.45925972678444604
3.2188758248682006,3.3284338,24.999999999999996,27.894617,-2.89461708068848,0.11578468322753922
4.189654742026425,3.6965933,65.99999999999997,40.309746,25.690254211425753,0.3892462759306934
3.4965075614664802,3.5638592,33.0,35.299164,-2.299163818359375,0.069671630859375
4.31748811353631,4.2551107,74.99999999999997,70.46462,4.535377502441378,0.06047170003255173
3.332204510175204,3.8612454,27.999999999999996,47.5245,-19.524501800537113,0.6973036357334684
3.2188758248682006,3.6646879,24.999999999999996,39.04395,-14.04394912719727,0.5617579650878909
3.912023005428146,3.6790996,49.99999999999999,39.61071,10.389289855957024,0.20778579711914053
3.912023005428146,3.893743,49.99999999999999,49.094303,0.9056968688964773,0.01811393737792955
4.51085950651685,4.784167,90.99999999999997,119.60167,-28.601669311523466,0.3143040583683898
3.912023005428146,3.7792518,49.99999999999999,43.78327,6.216728210449212,0.12433456420898426
3.912023005428146,3.6237073,49.99999999999999,37.476246,12.52375411987304,0.25047508239746086
3.2188758248682006,3.3263881,24.999999999999996,27.837614,-2.8376140594482457,0.11350456237792984
4.189654742026425,3.5802636,65.99999999999997,35.883,30.117000579833956,0.456318190603545
4.189654742026425,4.4830112,65.99999999999997,88.50077,-22.500770568847685,0.34092076619466205
3.2188758248682006,4.038156,24.999999999999996,56.721653,-31.721652984619144,1.268866119384766
4.605170185988092,3.5016513,100.00000000000004,33.17018,66.82981872558598,0.6682981872558595
3.2188758248682006,3.7212331,24.999999999999996,41.31531,-16.31531143188477,0.6526124572753909
3.4965075614664802,3.5295637,33.0,34.10908,-1.1090812683105469,0.03360852328213779
3.4965075614664802,3.8461468,33.0,46.81234,-13.812339782714844,0.4185557509913589
3.4965075614664802,3.6973572,33.0,40.34055,-7.340549468994141,0.22244089299982245
4.31748811353631,3.816308,74.99999999999997,45.43615,29.563850402832003,0.3941846720377602
3.912023005428146,3.6587458,49.99999999999999,38.812634,11.187366485595696,0.22374732971191394
3.713572066704308,3.9916396,41.00000000000001,54.143593,-13.14359283447265,0.32057543498713775
3.2188758248682006,3.3620508,24.999999999999996,28.848291,-3.84829139709473,0.15393165588378924
3.912023005428146,3.8846438,49.99999999999999,48.64961,1.350391387939446,0.027007827758788926
3.912023005428146,3.9774146,49.99999999999999,53.37885,-3.3788490295410227,0.06757698059082047
3.7376696182833684,3.7234647,42.00000000000001,41.40761,0.592388153076179,0.014104479835147116
4.31748811353631,4.4269986,74.99999999999997,83.679886,-8.679885864257841,0.11573181152343792
3.7376696182833684,3.4351254,42.00000000000001,31.035303,10.96469688415528,0.26106421152750664
3.2188758248682006,3.698473,24.999999999999996,40.385586,-15.385585784912113,0.6154234313964846
4.430816798843313,3.6994896,83.99999999999999,40.426666,43.57333374023436,0.5187301635742186
4.762173934797756,4.5758414,117.00000000000003,97.10972,19.890281677246122,0.17000240749783005
4.430816798843313,3.8448706,83.99999999999999,46.752632,37.247367858886705,0.4434210459391275
3.5263605246161616,3.5767617,34.00000000000001,35.75756,-1.7575607299804616,0.05169296264648415
3.912023005428146,3.5300176,49.99999999999999,34.12457,15.875431060791009,0.31750862121582024
3.912023005428146,4.0788813,49.99999999999999,59.079338,-9.079338073730476,0.18158676147460953
3.2188758248682006,3.777992,24.999999999999996,43.72815,-18.728149414062504,0.7491259765625002
3.912023005428146,3.9276414,49.99999999999999,50.78705,-0.7870483398437571,0.015740966796875144
3.091042453358316,3.5689108,22.000000000000004,35.477932,-13.477931976318356,0.6126332716508343
3.912023005428146,3.6254826,49.99999999999999,37.542835,12.45716476440429,0.24914329528808582
3.784189633918261,3.935143,43.99999999999999,51.169468,-7.169467926025398,0.1629424528642136
4.31748811353631,3.9925811,74.99999999999997,54.19459,20.805408477783175,0.27740544637044245
3.2188758248682006,3.4407072,24.999999999999996,31.209023,-6.20902252197266,0.24836090087890642
3.2188758248682006,3.83393,24.999999999999996,46.24392,-21.243919372558597,0.849756774902344
4.060443010546419,3.9732866,57.999999999999986,53.15896,4.841041564941392,0.08346623387829988
3.2188758248682006,3.6281087,24.999999999999996,37.64156,-12.641559600830082,0.5056623840332033
3.2188758248682006,3.9530754,24.999999999999996,52.095337,-27.095336914062504,1.0838134765625003
4.31748811353631,4.0349464,74.99999999999997,56.53989,18.46010971069333,0.24613479614257783
3.5263605246161616,3.617608,34.00000000000001,37.248367,-3.2483673095703054,0.0955402149873619
3.2188758248682006,3.5247254,24.999999999999996,33.944454,-8.944454193115238,0.3577781677246096
3.2188758248682006,3.4051366,24.999999999999996,30.118408,-5.1184082031250036,0.20473632812500017
3.2188758248682006,3.4715002,24.999999999999996,32.18499,-7.184989929199222,0.2873995971679689
3.2188758248682006,3.5644183,24.999999999999996,35.318905,-10.318904876708988,0.4127561950683596
3.2188758248682006,3.64555,24.999999999999996,38.303833,-13.303833007812504,0.5321533203125002
4.5217885770490405,3.723408,92.00000000000001,41.405262,50.59473800659181,0.5499428044194761
3.912023005428146,3.6888857,49.99999999999999,40.000248,9.999752044677727,0.19999504089355458
3.044522437723423,3.4512935,21.0,31.541164,-10.54116439819336,0.501960209437779
3.2188758248682006,3.6389325,24.999999999999996,38.051193,-13.051193237304691,0.5220477294921877
3.2188758248682006,3.5649312,24.999999999999996,35.33702,-10.337020874023441,0.4134808349609377
4.770684624465665,4.403431,118.00000000000004,81.730804,36.26919555664067,0.3073660640393276
4.605170185988092,4.362759,100.00000000000004,78.47335,21.5266494750977,0.2152664947509769
4.454347296253507,4.286362,85.99999999999997,72.70151,13.298492431640597,0.1546336329260535
3.2188758248682006,3.3543246,24.999999999999996,28.626263,-3.6262626647949254,0.14505050659179705
3.2188758248682006,3.7789137,24.999999999999996,43.76847,-18.76847076416016,0.7507388305664064
3.4011973816621555,4.0684986,30.000000000000004,58.469112,-28.46911239624023,0.9489704132080076
3.4965075614664802,3.242509,33.0,25.597864,7.402135848999023,0.22430714693936435
3.2188758248682006,3.1963623,24.999999999999996,24.443449,0.5565509796142543,0.022262039184570172
4.430816798843313,4.312372,83.99999999999999,74.61729,9.38271331787108,0.11169896806989382
3.2188758248682006,3.686571,24.999999999999996,39.907764,-14.907764434814457,0.5963105773925783
3.2188758248682006,3.4547677,24.999999999999996,31.650936,-6.650936126708988,0.2660374450683596
3.2188758248682006,3.826483,24.999999999999996,45.90082,-20.90082168579102,0.8360328674316408
3.912023005428146,3.2814343,49.99999999999999,26.613918,23.386081695556634,0.46772163391113275
3.2188758248682006,3.7410793,24.999999999999996,42.14345,-17.14345169067383,0.6857380676269533
4.31748811353631,4.270413,74.99999999999997,71.55118,3.4488220214843466,0.045984293619791304
3.713572066704308,3.7462165,41.00000000000001,42.360508,-1.3605079650878835,0.03318312109970447
3.4965075614664802,3.7738166,33.0,43.545944,-10.545944213867188,0.31957406708688446
4.204692619390966,4.3474317,66.99999999999997,77.279724,-10.279724121093778,0.15342871822528034
4.07753744390572,4.0497546,59.000000000000014,57.383373,1.6166267395019673,0.027400453211897744
4.060443010546419,3.8951488,57.999999999999986,49.163364,8.836635589599595,0.15235578602757927
4.060443010546419,3.4221575,57.999999999999986,30.63544,27.36455917358397,0.47180274437213754
3.2188758248682006,3.2999341,24.999999999999996,27.110853,-2.1108531951904332,0.08443412780761735
3.2188758248682006,3.7751749,24.999999999999996,43.605133,-18.60513305664063,0.7442053222656253
3.4965075614664802,3.5382428,33.0,34.406406,-1.4064064025878906,0.04261837583599669
3.2188758248682006,3.6515799,24.999999999999996,38.5355,-13.53549957275391,0.5414199829101565
3.2188758248682006,3.3958697,24.999999999999996,29.840595,-4.840595245361332,0.1936238098144533
3.4011973816621555,3.650926,30.000000000000004,38.510315,-8.510314941406246,0.28367716471354154
3.4965075614664802,4.1576867,33.0,63.923477,-30.923477172851562,0.9370750658439867
3.2188758248682006,3.3299706,24.999999999999996,27.937521,-2.9375209808349645,0.1175008392333986
3.912023005428146,3.6807427,49.99999999999999,39.675854,10.324146270751946,0.20648292541503896
3.2188758248682006,3.7891011,24.999999999999996,44.216637,-19.216636657714847,0.768665466308594
3.2188758248682006,3.4992146,24.999999999999996,33.089455,-8.08945465087891,0.3235781860351564
3.713572066704308,3.2949018,41.00000000000001,26.974766,14.025234222412116,0.3420788834734662
3.912023005428146,3.502716,49.99999999999999,33.205517,16.794483184814446,0.335889663696289
3.912023005428146,3.5314937,49.99999999999999,34.174976,15.82502365112304,0.3165004730224608
3.912023005428146,4.1370254,49.99999999999999,62.616283,-12.616283416748054,0.2523256683349611
3.2188758248682006,3.6228673,24.999999999999996,37.444782,-12.444782257080082,0.49779129028320335
3.912023005428146,3.7030518,49.99999999999999,40.57093,9.429069519042962,0.18858139038085925
3.2188758248682006,3.5757751,24.999999999999996,35.7223,-10.7223014831543,0.4288920593261721
3.912023005428146,3.8686087,49.99999999999999,47.875732,2.124267578124993,0.042485351562499864
3.912023005428146,3.6295469,49.99999999999999,37.695732,12.304267883300774,0.24608535766601553
3.912023005428146,3.9042335,49.99999999999999,49.612034,0.38796615600585227,0.007759323120117047
4.68213122712422,3.5820034,108.00000000000003,35.94548,72.05451965332034,0.6671714782714845
3.7376696182833684,4.04405,42.00000000000001,57.05697,-15.056968688964837,0.3584992544991627
3.912023005428146,3.4013414,49.99999999999999,30.004322,19.99567794799804,0.39991355895996084
3.2188758248682006,3.1995113,24.999999999999996,24.520544,0.479455947875973,0.019178237915038924
3.2188758248682006,3.4739015,24.999999999999996,32.26237,-7.262371063232425,0.2904948425292971
3.912023005428146,4.498465,49.99999999999999,89.87907,-39.87906646728516,0.7975813293457034
3.2188758248682006,3.745492,24.999999999999996,42.329826,-17.329826354980472,0.693193054199219
3.2188758248682006,3.9274676,24.999999999999996,50.778225,-25.778224945068363,1.0311289978027347
4.7535901911063645,4.772393,115.99999999999999,118.20179,-2.2017898559570455,0.018980947034112464
3.4965075614664802,3.740758,33.0,42.12991,-9.12990951538086,0.27666392470851087
3.2188758248682006,3.5769622,24.999999999999996,35.764732,-10.764732360839847,0.43058929443359395
3.7376696182833684,3.7493255,42.00000000000001,42.492413,-0.49241256713866477,0.011724108741396778
3.2188758248682006,3.4658282,24.999999999999996,32.002953,-7.002952575683597,0.2801181030273439
3.5263605246161616,3.8016763,34.00000000000001,44.77618,-10.776180267333977,0.31694647845099927
4.060443010546419,3.966737,57.999999999999986,52.811924,5.188076019287095,0.08944958653943269
4.605170185988092,4.4803,100.00000000000004,88.26114,11.738861083984418,0.11738861083984413
3.912023005428146,4.0588517,49.99999999999999,57.90778,-7.907779693603523,0.15815559387207048
4.31748811353631,3.8395183,74.99999999999997,46.503067,28.49693298339841,0.3799591064453123
3.4965075614664802,3.6887476,33.0,39.994728,-6.994728088378906,0.2119614572236032
3.2188758248682006,4.4703603,24.999999999999996,87.3882,-62.38819885253906,2.4955279541015627
3.2188758248682006,3.5076873,24.999999999999996,33.371002,-8.371002197265629,0.3348400878906252
3.4965075614664802,3.5972986,33.0,36.499504,-3.4995040893554688,0.10604557846531723
3.5263605246161616,3.817235,34.00000000000001,45.478287,-11.478286743164055,0.3375966689165898
3.912023005428146,3.4819474,49.99999999999999,32.522995,17.477005004882805,0.3495401000976562
3.2188758248682006,3.6299355,24.999999999999996,37.710384,-12.710384368896488,0.5084153747558596
4.890349128221754,4.5300937,133.0,92.76725,40.232749938964844,0.30250187924033717
3.2188758248682006,3.43513,24.999999999999996,31.035442,-6.035442352294925,0.24141769409179706
3.912023005428146,3.8146658,49.99999999999999,45.361595,4.638404846191399,0.092768096923828
4.07753744390572,3.6933162,59.000000000000014,40.177864,18.822135925292983,0.3190192529710674
3.4965075614664802,3.6027641,33.0,36.699535,-3.699535369873047,0.11210713242039536
3.1780538303479458,3.7193732,24.000000000000004,41.238537,-17.238536834716793,0.7182723681131996
3.2188758248682006,3.732422,24.999999999999996,41.78018,-16.78018188476563,0.6712072753906252
3.2188758248682006,3.8478906,24.999999999999996,46.894043,-21.894042968750004,0.8757617187500003
3.4965075614664802,3.3861673,33.0,29.55247,3.447530746459961,0.10447062868060487
3.2188758248682006,3.648017,24.999999999999996,38.398445,-13.398445129394535,0.5359378051757815
3.7376696182833684,3.6482215,42.00000000000001,38.4063,3.593700408935554,0.08556429545084651
4.31748811353631,3.914613,74.99999999999997,50.12967,24.870330810546847,0.3316044108072914
3.4965075614664802,3.6261315,33.0,37.567207,-4.567207336425781,0.13840022231593277
4.31748811353631,3.7421696,74.99999999999997,42.189426,32.81057357788083,0.43747431437174455
4.060443010546419,3.566273,57.999999999999986,35.384468,22.615531921386705,0.3899229641618398
3.7612001156935624,4.1221166,43.0,61.689674,-18.689674377441406,0.434643590173056
3.2188758248682006,3.4317403,24.999999999999996,30.930424,-5.930423736572269,0.2372169494628908
4.8283137373023015,4.322352,125.00000000000004,75.36568,49.63432312011723,0.3970745849609377
3.4965075614664802,3.5457165,33.0,34.664513,-1.6645126342773438,0.05043977679628314
3.295836866004329,3.7140126,27.0,41.018066,-14.01806640625,0.5191876446759259
3.4965075614664802,3.6674466,33.0,39.15181,-6.1518096923828125,0.1864184755267519
3.4965075614664802,3.6108296,33.0,36.99673,-3.9967308044433594,0.1211130546801018
3.5263605246161616,3.6524472,34.00000000000001,38.56894,-4.568939208984368,0.13438056497012843
3.5263605246161616,3.502201,34.00000000000001,33.188423,0.8115768432617259,0.023869907154756637
3.4339872044851463,3.8837645,31.0,48.606853,-17.606853485107422,0.5679630156486265
3.2188758248682006,3.7141275,24.999999999999996,41.02278,-16.022781372070316,0.6409112548828128
3.7376696182833684,3.7361386,42.00000000000001,41.935745,0.0642547607421946,0.001529875255766538
4.727387818712341,3.9520068,113.00000000000003,52.039696,60.960304260253935,0.5394717191172913
3.912023005428146,3.6833527,49.99999999999999,39.77954,10.220458984374993,0.2044091796874999
3.2188758248682006,3.983891,24.999999999999996,53.725674,-28.725673675537113,1.1490269470214847
3.2188758248682006,3.474869,24.999999999999996,32.2936,-7.293598175048832,0.2917439270019533
3.4965075614664802,3.6206076,33.0,37.36026,-4.360260009765625,0.13212909120501895
4.31748811353631,3.848115,74.99999999999997,46.904564,28.095436096191378,0.37460581461588516
4.189654742026425,3.7511206,65.99999999999997,42.568756,23.431243896484347,0.35501884691642965
4.927253685157205,4.140388,138.00000000000006,62.827194,75.17280578613287,0.5447304767111075
3.7376696182833684,3.870168,42.00000000000001,47.95044,-5.950439453124993,0.14167712983630934
3.713572066704308,3.7068102,41.00000000000001,40.7237,0.27629852294922586,0.006738988364615264
3.912023005428146,3.949307,49.99999999999999,51.899387,-1.8993873596191477,0.03798774719238296
4.605170185988092,4.4340186,100.00000000000004,84.26939,15.730613708496136,0.1573061370849613
3.2188758248682006,3.5059364,24.999999999999996,33.312622,-8.312622070312504,0.3325048828125002
3.4965075614664802,3.5583804,33.0,35.106293,-2.106292724609375,0.06382705226089015
3.7376696182833684,3.548511,42.00000000000001,34.76152,7.23847961425782,0.17234475272042424
3.2188758248682006,3.2186153,24.999999999999996,24.993488,0.006511688232418322,0.0002604675292967329
3.5263605246161616,3.4322796,34.00000000000001,30.94711,3.0528907775878977,0.08979090522317344
4.605170185988092,4.2366557,100.00000000000004,69.17612,30.823883056640668,0.30823883056640655
3.2188758248682006,3.5898736,24.999999999999996,36.229496,-11.22949600219727,0.44917984008789086
3.5263605246161616,3.7353609,34.00000000000001,41.903145,-7.903144836425774,0.2324454363654639
3.2188758248682006,3.627854,24.999999999999996,37.631977,-12.631977081298832,0.5052790832519534
4.382026634673881,4.08467,79.99999999999997,59.42233,20.577671051025362,0.2572208881378171
4.204692619390966,4.3593807,66.99999999999997,78.20869,-11.20868682861331,0.1672938332628853
3.2188758248682006,3.3937228,24.999999999999996,29.776598,-4.776597976684574,0.191063919067383
3.912023005428146,3.8677053,49.99999999999999,47.8325,2.167499542236321,0.043349990844726426
3.5263605246161616,3.7748818,34.00000000000001,43.592358,-9.59235763549804,0.28212816574994226
3.713572066704308,3.436758,41.00000000000001,31.086016,9.913984298706062,0.2418044950903917
4.605170185988092,3.812147,100.00000000000004,45.247475,54.752525329589886,0.5475252532958986
3.7376696182833684,3.765259,42.00000000000001,43.17489,-1.1748886108398366,0.027973538353329438
3.2188758248682006,3.6939685,24.999999999999996,40.204082,-15.204082489013675,0.6081632995605472
3.2188758248682006,3.4301462,24.999999999999996,30.881157,-5.881156921386722,0.23524627685546892
3.912023005428146,3.3058991,49.99999999999999,27.273052,22.72694778442382,0.45453895568847646
3.713572066704308,3.7016346,41.00000000000001,40.513477,0.486522674560554,0.011866406696598875
3.2188758248682006,3.585771,24.999999999999996,36.08117,-11.081169128417972,0.44324676513671896
3.4965075614664802,3.9788857,33.0,53.45743,-20.45743179321289,0.6199221755519058
3.2188758248682006,3.7560582,24.999999999999996,42.779465,-17.77946472167969,0.7111785888671878
3.912023005428146,3.9464183,49.99999999999999,51.749683,-1.7496833801269602,0.03499366760253921
3.2188758248682006,3.786884,24.999999999999996,44.118713,-19.118713378906254,0.7647485351562503
3.5263605246161616,3.6929073,34.00000000000001,40.16144,-6.1614418029785085,0.18121887655819138
3.2188758248682006,3.6704779,24.999999999999996,39.270668,-14.27066802978516,0.5708267211914064
3.044522437723423,3.5985742,21.0,36.54609,-15.546089172363281,0.7402899605887276
4.204692619390966,3.3474293,66.99999999999997,28.429556,38.570444107055636,0.575678270254562
3.2188758248682006,3.2565424,24.999999999999996,25.959625,-0.9596252441406286,0.038385009765625144
3.2188758248682006,3.5822926,24.999999999999996,35.95588,-10.955879211425785,0.4382351684570315
3.2188758248682006,3.954184,24.999999999999996,52.153122,-27.15312194824219,1.0861248779296877
3.2188758248682006,3.455503,24.999999999999996,31.674217,-6.674217224121097,0.26696868896484394
3.912023005428146,3.8467526,49.99999999999999,46.840706,3.1592941284179616,0.06318588256835925
3.2188758248682006,3.6647735,24.999999999999996,39.04729,-14.047290802001957,0.5618916320800783
3.2188758248682006,3.5548701,24.999999999999996,34.983276,-9.983276367187504,0.3993310546875002
3.4965075614664802,3.9317524,33.0,50.99627,-17.99626922607422,0.5453414916992188
3.912023005428146,3.7883542,49.99999999999999,44.18362,5.8163795471191335,0.11632759094238268
3.912023005428146,3.359941,49.99999999999999,28.787493,21.212507247924798,0.424250144958496
3.4965075614664802,3.6682913,33.0,39.184895,-6.184894561767578,0.18742104732629025
3.912023005428146,3.6980915,49.99999999999999,40.370186,9.629814147949212,0.19259628295898426
4.418840607796598,4.4446917,83.00000000000003,85.173615,-2.1736145019530966,0.02618812652955537
4.430816798843313,4.5720696,83.99999999999999,96.744125,-12.744125366210952,0.15171577816917803
3.4965075614664802,3.5686388,33.0,35.46828,-2.468280792236328,0.0747963876435251
3.713572066704308,3.6753397,41.00000000000001,39.46206,1.5379409790039134,0.0375107555854613
3.2188758248682006,3.2673304,24.999999999999996,26.241192,-1.2411918640136754,0.04964767456054702
3.2188758248682006,3.4693282,24.999999999999996,32.115158,-7.115158081054691,0.2846063232421877
3.2188758248682006,3.531204,24.999999999999996,34.165077,-9.16507720947266,0.3666030883789064
4.31748811353631,3.8335352,74.99999999999997,46.225666,28.774333953857393,0.3836577860514321
4.51085950651685,4.3275633,90.99999999999997,75.75946,15.240539550781222,0.1674784566019915
4.382026634673881,4.216226,79.99999999999997,67.777214,12.222785949707003,0.15278482437133759
4.406719247264253,4.003576,82.00000000000001,54.79373,27.20626831054689,0.3317837598847181
4.8283137373023015,3.57204,125.00000000000004,35.589123,89.41087722778325,0.7152870178222657
3.912023005428146,3.7605903,49.99999999999999,42.973785,7.026214599609368,0.14052429199218738
4.442651256490317,3.8553739,85.00000000000001,47.246277,37.753723144531264,0.4441614487591913
3.2188758248682006,3.9843893,24.999999999999996,53.752453,-28.7524528503418,1.1500981140136721
3.912023005428146,4.762776,49.99999999999999,117.07045,-67.07044982910156,1.3414089965820315
4.204692619390966,4.1430135,66.99999999999997,62.992363,4.007637023925753,0.05981547796904111
4.605170185988092,4.1513305,100.00000000000004,63.51845,36.481548309326215,0.364815483093262
3.713572066704308,3.6534276,41.00000000000001,38.60677,2.393230438232429,0.058371474103229966
4.605170185988092,4.207605,100.00000000000004,67.195404,32.80459594726567,0.3280459594726565
3.4965075614664802,3.405356,33.0,30.125015,2.8749847412109375,0.08712074973366478
4.605170185988092,3.7360094,100.00000000000004,41.93033,58.06967163085942,0.5806967163085939
3.2188758248682006,3.9572685,24.999999999999996,52.31423,-27.314231872558597,1.0925692749023441
3.2188758248682006,3.4842937,24.999999999999996,32.599396,-7.5993957519531286,0.3039758300781252
3.2188758248682006,3.802586,24.999999999999996,44.816936,-19.816936492919925,0.7926774597167972
4.060443010546419,3.8369367,57.999999999999986,46.38317,11.616828918457017,0.20029015376650033
3.2188758248682006,3.4359639,24.999999999999996,31.061337,-6.061336517333988,0.24245346069335955
4.605170185988092,3.5255075,100.00000000000004,33.97101,66.02899169921879,0.6602899169921876
3.4965075614664802,3.5381408,33.0,34.402897,-1.4028968811035156,0.04251202670010654
3.2188758248682006,3.9335005,24.999999999999996,51.08549,-26.085491180419925,1.0434196472167971
3.912023005428146,3.9937737,49.99999999999999,54.259262,-4.259262084960945,0.0851852416992189
4.418840607796598,4.1130085,83.00000000000003,61.130352,21.869647979736357,0.26348973469561865
3.912023005428146,3.6906874,49.99999999999999,40.072384,9.927616119384759,0.19855232238769518
3.912023005428146,3.61422,49.99999999999999,37.122375,12.877624511718743,0.2575524902343749
4.31748811353631,3.9724865,74.99999999999997,53.11644,21.883560180664034,0.2917808024088539
3.912023005428146,3.5420341,49.99999999999999,34.5371,15.462898254394524,0.30925796508789055
3.4965075614664802,3.4701853,33.0,32.142696,0.8573036193847656,0.02597889755711411
3.2188758248682006,3.3136482,24.999999999999996,27.485214,-2.485214233398441,0.09940856933593765
4.07753744390572,3.7371655,59.000000000000014,41.97883,17.021171569824233,0.2884944333868513
3.4657359027997265,3.5503335,32.0,34.82493,-2.8249282836914062,0.08827900886535645
3.7376696182833684,3.6430473,42.00000000000001,38.20809,3.7919082641601634,0.09028353009905149
4.31748811353631,3.3935409,74.99999999999997,29.771181,45.22881889343259,0.6030509185791014
3.4965075614664802,3.3687747,33.0,29.042917,3.957082748413086,0.11991159843676018
3.2188758248682006,3.5307517,24.999999999999996,34.149628,-9.149627685546879,0.3659851074218752
3.2188758248682006,4.0779724,24.999999999999996,59.02567,-34.02566909790039,1.3610267639160158
3.912023005428146,3.8796163,49.99999999999999,48.405636,1.5943641662597585,0.03188728332519517
4.31748811353631,4.2266936,74.99999999999997,68.4904,6.509597778320284,0.08679463704427048
4.418840607796598,3.8555303,83.00000000000003,47.253666,35.74633407592776,0.43067872380635847
3.2188758248682006,3.5505135,24.999999999999996,34.8312,-9.831199645996097,0.39324798583984394
3.713572066704308,3.7016487,41.00000000000001,40.514046,0.48595428466797586,0.011852543528487214
4.605170185988092,4.4102645,100.00000000000004,82.29123,17.708770751953168,0.1770877075195316
3.2188758248682006,3.837379,24.999999999999996,46.40369,-21.40369033813477,0.8561476135253909
3.091042453358316,3.3867426,22.000000000000004,29.569475,-7.569475173950192,0.3440670533613723
3.2188758248682006,3.5003037,24.999999999999996,33.12551,-8.125511169433597,0.32502044677734393
4.605170185988092,3.784791,100.00000000000004,44.026466,55.973533630371136,0.5597353363037111
3.2188758248682006,3.6011527,24.999999999999996,36.640446,-11.64044570922852,0.46561782836914084
4.653960350157523,3.5992565,104.99999999999997,36.571033,68.42896652221677,0.6517044430687313
3.912023005428146,3.6401918,49.99999999999999,38.099144,11.9008560180664,0.23801712036132802
3.713572066704308,3.3980188,41.00000000000001,29.904795,11.095205307006843,0.2706147635855327
3.2188758248682006,3.4604797,24.999999999999996,31.832245,-6.8322448730468786,0.27328979492187516
3.2188758248682006,3.5167482,24.999999999999996,33.674747,-8.67474746704102,0.3469898986816408
3.912023005428146,4.0334783,49.99999999999999,56.456944,-6.456943511962898,0.12913887023925796
3.912023005428146,3.3212829,49.99999999999999,27.695858,22.30414199829101,0.4460828399658202
3.912023005428146,3.714304,49.99999999999999,41.030018,8.96998214721679,0.17939964294433583
3.4965075614664802,3.4901216,33.0,32.789936,0.21006393432617188,0.006365573767459754
4.31748811353631,3.7698102,74.99999999999997,43.371834,31.62816619873044,0.4217088826497394
4.927253685157205,4.117979,138.00000000000006,61.43496,76.56504058837896,0.554819134698398
3.713572066704308,4.0944686,41.00000000000001,60.007442,-19.007442474365227,0.46359615791134695
4.31748811353631,3.6808014,74.99999999999997,39.67818,35.32181930541989,0.47095759073893206
3.2188758248682006,3.4726202,24.999999999999996,32.221058,-7.221057891845707,0.2888423156738283
3.2188758248682006,3.5330334,24.999999999999996,34.227634,-9.227634429931644,0.3691053771972658
4.189654742026425,3.442616,65.99999999999997,31.26865,34.73134994506833,0.526232574925278
3.912023005428146,3.755694,49.99999999999999,42.763885,7.236114501953118,0.14472229003906237
3.912023005428146,3.597171,49.99999999999999,36.494846,13.505153656005852,0.2701030731201171
3.912023005428146,3.8947098,49.99999999999999,49.141792,0.8582077026367116,0.017164154052734235
3.713572066704308,4.042277,41.00000000000001,56.955875,-15.955875396728509,0.3891676926031343
3.4965075614664802,3.5085757,33.0,33.40066,-0.4006614685058594,0.012141256621389679
3.912023005428146,3.6802518,49.99999999999999,39.65638,10.343620300292962,0.20687240600585927
4.31748811353631,3.551905,74.99999999999997,34.879696,40.12030410766599,0.5349373881022134
3.2188758248682006,3.2126331,24.999999999999996,24.84442,0.15558052062987926,0.0062232208251951715
3.2188758248682006,4.221165,24.999999999999996,68.1128,-43.11280059814453,1.7245120239257814
3.713572066704308,3.937142,41.00000000000001,51.27185,-10.271850585937493,0.2505329411204266
3.713572066704308,3.7700827,41.00000000000001,43.38365,-2.3836517333984304,0.05813784715605927
3.2188758248682006,3.387754,24.999999999999996,29.599396,-4.5993957519531286,0.18397583007812518
4.430816798843313,3.6450317,83.99999999999999,38.283985,45.71601486206053,0.5442382721673874
4.31748811353631,3.875516,74.99999999999997,48.207565,26.792434692382784,0.35723246256510394
3.912023005428146,3.9897912,49.99999999999999,54.043602,-4.043601989746101,0.08087203979492202
3.5263605246161616,4.15728,34.00000000000001,63.897484,-29.897483825683587,0.8793377595789288
3.912023005428146,3.7312293,49.99999999999999,41.730377,8.269622802734368,0.1653924560546874
3.912023005428146,3.757521,49.99999999999999,42.842087,7.157913208007805,0.14315826416015612
3.2188758248682006,3.4113667,24.999999999999996,30.306637,-5.306636810302738,0.21226547241210955
3.5553480614894135,3.737435,34.99999999999999,41.99015,-6.990150451660163,0.19971858433314757
3.4965075614664802,3.5890572,33.0,36.199932,-3.199932098388672,0.09696763934511127
3.2188758248682006,3.6831858,24.999999999999996,39.772903,-14.772903442382816,0.5909161376953127
3.2188758248682006,3.4579701,24.999999999999996,31.752459,-6.752458572387699,0.270098342895508
3.912023005428146,4.039503,49.99999999999999,56.79811,-6.79811096191407,0.13596221923828142
4.31748811353631,4.2700534,74.99999999999997,71.52545,3.4745483398437216,0.046327311197916304
4.31748811353631,4.231713,74.99999999999997,68.83503,6.16497039794919,0.08219960530598923
3.5263605246161616,3.53356,34.00000000000001,34.245667,-0.2456665039062429,0.007225485409007143
3.2188758248682006,3.6000288,24.999999999999996,36.599285,-11.599285125732425,0.46397140502929707
3.2188758248682006,3.2300746,24.999999999999996,25.281544,-0.2815437316894567,0.011261749267578268
3.5263605246161616,3.714908,34.00000000000001,41.054806,-7.054805755615227,0.20749428692985958
3.713572066704308,3.7628314,41.00000000000001,43.070206,-2.0702056884765554,0.05049282167015988
4.189654742026425,3.7071805,65.99999999999997,40.73878,25.261219024658175,0.3827457427978513
3.912023005428146,3.7087424,49.99999999999999,40.80246,9.197540283203118,0.18395080566406238
3.2188758248682006,3.8231292,24.999999999999996,45.747135,-20.74713516235352,0.8298854064941409
3.2188758248682006,3.17823,24.999999999999996,24.00423,0.9957695007324183,0.03983078002929674
4.060443010546419,3.7736259,57.999999999999986,43.53764,14.462360382080064,0.249351041070346
3.8501476017100584,3.6686423,46.99999999999999,39.19865,7.801349639892571,0.16598616255090579
3.912023005428146,3.6438103,49.99999999999999,38.237255,11.762744903564446,0.23525489807128896
3.7376696182833684,3.6110911,42.00000000000001,37.00641,4.993591308593757,0.1188950311569942
3.5263605246161616,3.3458266,34.00000000000001,28.38403,5.615970611572273,0.16517560622271388
3.2188758248682006,3.7524571,24.999999999999996,42.62569,-17.62569046020508,0.7050276184082034
3.4965075614664802,3.547134,33.0,34.713684,-1.71368408203125,0.05192982066761364
3.2188758248682006,3.5994728,24.999999999999996,36.578945,-11.578945159912113,0.4631578063964846
4.31748811353631,3.9323578,74.99999999999997,51.027145,23.972854614257784,0.31963806152343727
3.5263605246161616,3.9216833,34.00000000000001,50.485355,-16.48535537719726,0.4848633934469781
4.060443010546419,3.8706658,57.999999999999986,47.974316,10.025684356689439,0.17285662683947312
4.5217885770490405,3.9689062,92.00000000000001,52.926605,39.07339477539064,0.42471081277598516
3.2188758248682006,3.6550322,24.999999999999996,38.668766,-13.66876602172852,0.5467506408691408
3.2188758248682006,3.3413975,24.999999999999996,28.25859,-3.258590698242191,0.13034362792968765
3.912023005428146,3.4217637,49.99999999999999,30.623377,19.376623153686516,0.3875324630737304
3.4965075614664802,3.6209779,33.0,37.374096,-4.374095916748047,0.13254836111357718
3.912023005428146,3.5956717,49.99999999999999,36.440166,13.559833526611321,0.27119667053222646
4.430816798843313,4.854657,83.99999999999999,128.33669,-44.33668518066408,0.5278176807221915
3.2188758248682006,3.5158768,24.999999999999996,33.645412,-8.645412445068363,0.34581649780273455
3.4011973816621555,3.99107,30.000000000000004,54.112762,-24.11276245117187,0.8037587483723956
3.713572066704308,3.5387135,41.00000000000001,34.422604,6.577396392822273,0.16042430226395785
3.970291913552122,3.524883,53.00000000000001,33.949802,19.050197601318366,0.3594376905909125
3.713572066704308,3.8329823,41.00000000000001,46.200115,-5.200115203857415,0.12683207814286376
3.912023005428146,3.9961262,49.99999999999999,54.387054,-4.387054443359382,0.08774108886718765
3.7376696182833684,3.4383082,42.00000000000001,31.134241,10.86575889587403,0.2587085451398578
3.912023005428146,3.6328814,49.99999999999999,37.82164,12.178359985351555,0.24356719970703114
3.912023005428146,3.612312,49.99999999999999,37.05162,12.948379516601555,0.25896759033203115
3.912023005428146,3.5554135,49.99999999999999,35.00229,14.997711181640618,0.2999542236328124
3.4965075614664802,3.7140563,33.0,41.019855,-8.019855499267578,0.24302592422022964
3.2188758248682006,3.5032768,24.999999999999996,33.224144,-8.224143981933597,0.32896575927734395
3.4965075614664802,3.4779022,33.0,32.391697,0.6083030700683594,0.01843342636570786
3.2188758248682006,3.4830346,24.999999999999996,32.558372,-7.558372497558597,0.3023348999023439
3.4965075614664802,3.7262068,33.0,41.52131,-8.521308898925781,0.25822148178562976
3.2188758248682006,3.6933227,24.999999999999996,40.178123,-15.178123474121097,0.607124938964844
3.912023005428146,3.7000473,49.99999999999999,40.449215,9.550785064697259,0.19101570129394518
3.2188758248682006,3.6453414,24.999999999999996,38.295845,-13.295845031738285,0.5318338012695315
4.204692619390966,3.8656018,66.99999999999997,47.731987,19.268013000488253,0.28758228358937704
3.2188758248682006,3.7065146,24.999999999999996,40.711662,-15.711662292480472,0.628466491699219
4.189654742026425,4.2531714,65.99999999999997,70.3281,-4.328102111816435,0.06557730472449146
3.912023005428146,3.8092146,49.99999999999999,45.11499,4.885009765624993,0.09770019531249988
4.204692619390966,3.7400532,66.99999999999997,42.100227,24.89977264404294,0.37163839767228285
3.2188758248682006,4.223065,24.999999999999996,68.24232,-43.24231719970703,1.7296926879882815
3.4965075614664802,3.2637215,33.0,26.14666,6.853340148925781,0.20767697420987216
3.4011973816621555,3.5152912,30.000000000000004,33.625717,-3.625717163085934,0.12085723876953111
3.7376696182833684,4.0342035,42.00000000000001,56.497902,-14.4979019165039,0.3451881408691404
3.2188758248682006,3.2186153,24.999999999999996,24.993488,0.006511688232418322,0.0002604675292967329
4.189654742026425,3.7503438,65.99999999999997,42.5357,23.464298248290987,0.35551967042865146
3.2188758248682006,3.512483,24.999999999999996,33.531418,-8.531417846679691,0.3412567138671877
3.912023005428146,3.6574738,49.99999999999999,38.763294,11.23670578002929,0.22473411560058582
3.2188758248682006,3.4674306,24.999999999999996,32.054276,-7.054275512695316,0.2821710205078127
3.912023005428146,3.5820246,49.99999999999999,35.946243,14.05375671386718,0.28107513427734365
4.605170185988092,4.3687143,100.00000000000004,78.94207,21.057929992675824,0.21057929992675814
3.2188758248682006,3.7748885,24.999999999999996,43.592648,-18.592647552490238,0.7437059020996096
3.2188758248682006,3.595318,24.999999999999996,36.427284,-11.42728424072266,0.45709136962890645
3.2188758248682006,3.3247724,24.999999999999996,27.792671,-2.792671203613285,0.11170684814453141
3.912023005428146,3.77488,49.99999999999999,43.592274,6.40772628784179,0.1281545257568358
4.31748811353631,3.552102,74.99999999999997,34.886574,40.113426208496065,0.5348456827799477
3.2188758248682006,3.8384898,24.999999999999996,46.455265,-21.45526504516602,0.8582106018066409
3.912023005428146,3.8155637,49.99999999999999,45.40234,4.5976600646972585,0.09195320129394519
3.5263605246161616,3.2455626,34.00000000000001,25.67615,8.323850631713874,0.2448191362268786
4.605170185988092,4.0819535,100.00000000000004,59.261124,40.73887634277348,0.4073887634277346
3.2188758248682006,3.677087,24.999999999999996,39.531075,-14.531074523925785,0.5812429809570315
4.605170185988092,4.301391,100.00000000000004,73.80239,26.19760894775395,0.26197608947753936
3.912023005428146,3.7774112,49.99999999999999,43.70276,6.297241210937493,0.12594482421874986
4.060443010546419,4.040302,57.999999999999986,56.843494,1.1565055847167827,0.01993975146063419
3.4965075614664802,3.193491,33.0,24.373365,8.62663459777832,0.26141316962964606
4.31748811353631,4.5893984,74.99999999999997,98.435196,-23.43519592285159,0.3124692789713547
4.418840607796598,3.4064586,83.00000000000003,30.158253,52.841747283935575,0.6366475576377778
3.5263605246161616,3.7133899,34.00000000000001,40.99253,-6.992530822753899,0.20566267125746757
3.912023005428146,4.5161214,49.99999999999999,91.480095,-41.480094909667976,0.8296018981933596
4.51085950651685,3.4618373,90.99999999999997,31.875488,59.12451171874997,0.6497199089972526
4.8283137373023015,4.812756,125.00000000000004,123.07034,1.9296569824219176,0.015437255859375335
3.5263605246161616,3.5118032,34.00000000000001,33.508633,0.49136734008789773,0.014451980590820519
3.912023005428146,3.6153753,49.99999999999999,37.16529,12.834709167480462,0.25669418334960925
3.5263605246161616,3.4615219,34.00000000000001,31.865435,2.134565353393562,0.06278133392334004
3.912023005428146,3.4799323,49.99999999999999,32.457523,17.542476654052727,0.3508495330810546
4.07753744390572,4.2438407,59.000000000000014,69.67494,-10.674942016601548,0.18093122062036518
3.2188758248682006,3.7465837,24.999999999999996,42.376064,-17.376064300537113,0.6950425720214846
3.2188758248682006,3.7267358,24.999999999999996,41.54328,-16.543281555175785,0.6617312622070315
3.2188758248682006,3.3532903,24.999999999999996,28.596672,-3.5966720581054723,0.1438668823242189
3.4965075614664802,3.5152664,33.0,33.624886,-0.6248855590820312,0.018935926032788826
3.713572066704308,4.0539126,41.00000000000001,57.62247,-16.622470855712884,0.4054261184320215
3.2188758248682006,3.5756705,24.999999999999996,35.718563,-10.718563079833988,0.4287425231933596
3.4011973816621555,3.8041394,30.000000000000004,44.886604,-14.886604309082028,0.49622014363606753
3.2188758248682006,3.74424,24.999999999999996,42.276867,-17.2768669128418,0.6910746765136722
3.2188758248682006,3.800696,24.999999999999996,44.732304,-19.73230361938477,0.7892921447753909
3.4965075614664802,3.8812382,33.0,48.48421,-15.484210968017578,0.46921851418235083
4.727387818712341,3.8766627,113.00000000000003,48.26288,64.73712158203128,0.5728948812569138
3.4965075614664802,3.3872678,33.0,29.58501,3.414989471435547,0.10348452943744081
4.31748811353631,3.9100542,74.99999999999997,49.901657,25.098342895507784,0.33464457194010394
3.912023005428146,3.5014675,49.99999999999999,33.16408,16.835918426513665,0.33671836853027337
4.060443010546419,4.162338,57.999999999999986,64.22148,-6.221481323242202,0.10726691936624488
4.31748811353631,4.2807546,74.99999999999997,72.29497,2.705032348632784,0.03606709798177047
3.4965075614664802,3.7635064,33.0,43.099285,-10.099285125732422,0.30603894320401276
3.2188758248682006,3.9377365,24.999999999999996,51.30235,-26.302349090576175,1.052093963623047
3.2188758248682006,3.5966792,24.999999999999996,36.476902,-11.476902008056644,0.4590760803222658
3.2188758248682006,3.2894168,24.999999999999996,26.827213,-1.8272132873535192,0.07308853149414078
3.2188758248682006,3.7174187,24.999999999999996,41.158016,-16.158016204833988,0.6463206481933597
4.605170185988092,3.2242332,100.00000000000004,25.134293,74.86570739746098,0.7486570739746095
4.31748811353631,3.9463866,74.99999999999997,51.74804,23.251960754394503,0.3100261433919268
